track_id,start_frame,end_frame,duration_seconds,frames_tracked,start_x,start_y,end_x,end_y,net_displacement_px,total_distance_px,average_speed_px_s,maximum_speed_px_s,average_area_px,maximum_area_px
2,10,41,3.875,16,503.91301003886014,421.5092899935233,505.11510209163345,421.57205552788844,1.20372954422698,47.94089937898275,25.5684796687908,81.43528412659504,760.5625,982
3,47,52,0.625,5,514.9079745678192,421.4677734375,515.6612807765152,423.29693418560606,1.9782060778573847,46.5734724415391,93.1469448830782,108.24764670971373,865.2,1103
4,60,236,22.0,167,486.8290415502794,421.5304425628492,495.9427809594954,446.44652639442234,26.530576313398793,984.495647436208,47.44557337041966,299.86753837657704,2556.4550898203593,7402
5,82,206,15.5,99,518.7564732142857,420.5324139030612,535.9985213629943,422.0683483403955,17.310324056994858,349.6534125155545,28.543135715555472,335.52543539976176,1452.4444444444443,3558
7,208,217,1.125,7,467.7465049342105,395.36217421558706,510.7308890427215,386.44857594936707,43.89885546616873,93.3063819182522,124.40850922433627,359.6596764522001,1134.7142857142858,2473
8,218,234,2.0,11,466.1092949538935,393.4014472336066,508.83388617318434,383.1172529678771,43.94491263560287,56.16629411609064,44.93303529287251,345.98016577312205,743.2727272727273,966
9,224,320,12.0,94,536.9923260809313,421.67268050166297,525.203220624235,462.09615973072215,42.107489600441475,393.1142337456578,33.81627817166949,316.52844614060524,9195.074468085106,15247
10,224,239,1.875,12,465.27464277416357,392.8226359200744,463.8112940436242,389.8794699035235,3.286885411472583,9.824125135817916,7.144818280594848,12.039575437702725,1143.5,1225
12,300,401,12.625,97,468.3476238433312,407.3810425973197,432.2573593387471,443.3740982091067,50.97065081283573,1048.4816012365084,87.37346676970903,337.20770958563577,15665.072164948453,29253
13,300,321,2.625,22,541.7673497086864,398.64471994173726,557.0948121645796,394.4673314512522,15.886525105801192,195.1570939604365,74.34555960397581,326.5882604112716,2276.6363636363635,4619
15,329,359,3.75,23,558.5314706920904,417.8294018613801,567.78643570808,403.5038349804518,17.055094368168795,172.15372641859966,62.601355061308965,176.30548000168676,2778.8260869565215,4850
16,345,352,0.875,3,535.9193332619863,373.57941816495435,536.9273536213899,367.9591677008123,5.709931726795074,22.240070054343434,88.96028021737374,96.85668468114854,3119.3333333333335,3761
17,349,383,4.25,28,516.3375284337088,475.82665141175625,605.4158653846154,446.27077940088753,93.85360773173343,190.16306951997979,56.34461319110512,355.78212762689486,1916.642857142857,7695
18,359,365,0.75,3,426.87774465460524,434.0856599506579,438.2766137506891,410.86839985873763,25.864558431288327,67.34622237371786,269.38488949487146,308.68497295069346,3112.6666666666665,7100
19,362,373,1.375,10,563.7877038043479,490.76016898777175,567.9593961148648,494.286570945946,5.462465332085999,23.991920983090104,21.32615198496898,31.18128035908769,758.3,865
22,374,384,1.25,11,525.7717852480417,473.52429130921297,502.3914919188397,423.0284637611023,55.64590475433089,104.4619001777618,83.56952014220944,297.9610409770069,14805.09090909091,34377
23,374,385,1.375,10,567.0038708847737,386.92547260802473,564.9502879607372,379.5209710536859,7.683999355420349,89.82639395988052,79.8456835198938,203.2566030973163,4884.9,7132
24,376,399,2.875,11,536.8684303977273,347.6208309659091,549.1209261061528,377.8697436977782,32.63618195416274,89.92751235295876,71.942009882367,288.9674597988593,5719.909090909091,10306
25,376,401,3.125,15,491.20566986386143,348.3824721534653,466.0616778205423,346.86525950712314,25.18972548656926,99.32370893822953,56.75640510755973,231.57389888156555,3629.866666666667,4533
26,385,399,1.75,12,531.1970453762962,469.51244152017176,519.711036115007,469.562675315568,11.486119108934059,158.39834439954058,115.1987959269386,280.9971303304869,17449.0,22763
28,396,450,6.75,47,497.16095491115976,420.62371148755403,501.46566508502514,427.43873697491676,8.06071349660709,374.6033925050786,65.14841608783976,292.80837275226554,46043.87234042553,59966
29,396,399,0.375,2,588.9965227225458,464.0839356281198,589.6963091818542,466.29907884310614,2.323049838365827,2.323049838365827,18.584398706926617,18.584398706926617,2411.0,2470
32,418,431,1.625,7,429.1088574708616,447.6164129352316,414.61334569654883,418.3285235164141,32.678744287504706,90.21772912897664,120.29030550530219,306.37379814587024,12897.42857142857,20253
33,421,440,2.375,16,614.0271730398458,385.0762672718509,634.9855885922331,381.0516345570388,21.34134135792975,51.51125460456242,27.472669122433288,78.63806066609845,807.375,1522
34,426,431,0.625,3,557.967117562773,452.9484519991812,530.680925670757,464.4581280548045,29.614336238945235,29.666577715719235,118.66631086287694,202.49856553276365,24200.333333333332,28231
35,426,431,0.625,3,541.7750780739713,342.9649917333442,505.75994061207786,339.1139058192626,36.220449874576595,36.34096221952512,145.36384887810047,196.5053441295628,8385.666666666666,11359
36,426,429,0.375,2,467.9336742319721,334.82650098877855,456.795915721792,337.0957463357301,11.366579919912118,11.366579919912118,90.93263935929694,90.93263935929694,4428.5,5319
40,438,441,0.375,3,421.741910175838,418.53070153734495,421.95296573229615,394.9536614806867,23.57798469507474,23.82948390027967,95.31793560111868,177.72040056098234,12176.666666666666,14832
41,438,442,0.5,4,479.92283942443504,330.0482013594633,482.7647226790935,367.70900667467276,37.767877322179736,45.1073180857725,120.28618156206,330.8557750307729,12186.5,28114
42,439,442,0.375,3,531.7524500091764,468.4998279414709,529.5706199445071,480.23051342644845,11.93186340763911,12.856091363865469,51.424365455461874,75.60112552566592,28009.333333333332,29327
43,439,443,0.5,3,557.3624557023196,345.4152188420471,596.6861979166667,356.6406833022388,40.89459321337545,41.030582535148895,164.12233014059558,240.36687677679032,5101.333333333333,6842
44,439,449,1.25,10,400.0958192567567,478.9686074746621,393.44164901129943,480.0887127030367,6.747786109396274,14.105766113541906,12.538458767592806,27.11211390502747,2807.4,3049
46,449,454,0.625,5,401.69651248270293,393.4489646996079,427.41747286455876,421.86834518050966,38.33052295342781,45.40924385215841,90.81848770431682,321.42121938196703,20929.6,24884
48,451,466,1.875,8,548.0799683068261,425.63744788025565,556.7346745182683,441.6760209428178,18.224702068607872,59.79997635942744,68.34283012505993,158.9197134233282,38333.125,39313
49,454,474,2.5,9,495.2519301470588,293.1661917892157,450.66355415239724,328.04695908757344,56.61087529056137,83.97635776498859,83.97635776498859,354.8497903083119,7515.888888888889,15438
52,455,459,0.5,4,404.86354330450735,478.2755994496855,385.2927675399645,480.0064664742451,19.6471668360282,22.123787363589447,58.99676630290519,151.3044625310248,3042.0,5601
54,456,482,3.25,17,502.8141009103834,428.7734556541613,499.8442669024689,422.8017092192039,6.669457962832666,158.3355289234286,79.1677644617143,253.76067166949554,68486.17647058824,82209
55,457,469,1.5,6,539.1371431541021,308.69426881236143,490.068359375,284.18359375,54.849965666105376,111.17687631968539,177.88300211149664,339.0327411442321,3775.5,6098
56,460,467,0.875,4,434.7185243253516,416.95820861839604,417.7141929153418,409.0943374900636,18.734667219474876,31.348301953297785,83.59547187546076,134.11979266918775,28391.75,30897
57,461,474,1.625,6,397.0470240600449,379.62849414281703,383.34375,356.5040061966951,26.879763070664104,41.73788359593482,66.78061375349571,158.86226353168362,6250.833333333333,7284
59,463,468,0.625,3,562.6686314032733,367.70357310245237,578.8649635519627,350.7839284453544,23.422116693269516,40.25885445844513,161.0354178337805,182.93923292546364,16790.333333333332,19314
60,463,468,0.625,3,537.1136739587607,529.616911802421,501.0694893741942,478.7212290908777,62.36628705511006,76.86513777272964,307.46055109091856,333.2383908081354,27400.0,42504
63,474,475,0.125,2,448.9006803354884,483.2047873676806,421.4167656652706,473.97197236860274,28.993282642829715,28.993282642829715,231.94626114263772,231.94626114263772,25238.5,29214
65,475,509,4.25,17,511.26385935022563,345.97304882836323,557.9646878185696,346.9096679163537,46.71021981264564,253.5030962753992,126.7515481376996,206.1126328742527,28045.823529411766,38080
66,480,486,0.75,5,465.8881863680753,486.2945108785258,502.33381584517105,496.8836178698654,37.952774534357665,101.97205562803278,203.94411125606555,277.487896429222,42024.4,45999
69,480,492,1.5,7,395.4661292366744,351.20055176347046,379.2075336091616,383.0530396433991,35.7620317644283,54.4354064504227,72.58054193389692,269.45499467890266,8622.57142857143,10318
70,480,501,2.625,11,447.2525942595109,327.6240149456522,434.0926298870038,342.0687261098444,19.540581948923496,241.66507507938965,193.33206006351173,357.4250624356492,9205.363636363636,21467
72,483,493,1.25,7,391.2732190035226,475.0896519401153,431.27485934170807,504.70343988591975,49.77055019029444,186.3081852779246,248.41091370389947,345.5854146642884,13607.0,22046
73,485,504,2.375,13,555.7562719385461,496.85730866994055,622.878129508788,490.2637272101259,67.44493368776524,281.2882510144168,187.52550067627786,332.982594842665,21701.76923076923,40934
74,486,499,1.625,6,499.290837833938,352.1955609657699,524.3743079912418,365.1649860430848,28.238032190087843,68.96661872218526,110.34658995549641,242.4874036110248,40400.333333333336,47154
75,488,489,0.125,2,499.64194292573274,425.91218638987567,499.60670734666155,424.82831823286375,1.0844407442626356,1.0844407442626356,8.675525954101085,8.675525954101085,88194.0,88233
76,491,497,0.75,4,475.238590996696,600.7850702092511,476.4998779296875,606.9902866908482,6.332105203707444,8.918433392929456,23.782489047811882,47.910070651728894,852.75,888
77,492,501,1.125,5,383.35513253822194,477.12590909895243,410.14599609375,479.54274480145676,26.899655478533944,49.04998541348871,98.09997082697743,279.39511226088007,24785.6,32377
82,498,512,1.75,5,483.1727096688034,480.30024855689504,470.1573570110701,504.1335584351937,27.155589932096404,60.031818355407104,120.06363671081421,258.46504320278876,57497.6,69228
86,501,504,0.375,2,548.7085900385986,555.9672824500199,567.6119595672448,570.1766862320027,23.64835164183704,23.64835164183704,189.1868131346963,189.1868131346963,7934.5,9888
87,503,515,1.5,9,499.61044080985164,426.726145582495,472.830947937753,458.030606865722,41.19600144091461,133.14394597304798,133.14394597304798,356.836362662161,90037.33333333333,109090
88,504,508,0.5,3,412.22293680939225,301.27734375,412.30719316195166,306.79233302209155,5.515632856185367,5.9706795306180975,23.88271812247239,24.38286302770959,5575.0,6157
89,504,520,2.0,9,470.7651687956204,597.1076143362226,492.974985535886,579.4597324702453,28.367652246734686,152.70362131074043,152.70362131074043,333.5972410030042,12517.333333333334,17204
90,505,516,1.375,7,390.8685032177138,536.5625204515707,357.05233636070506,523.0772013381342,36.405864534333915,99.22976174068592,132.30634898758123,304.47925899263413,3225.714285714286,6834
94,509,515,0.75,4,401.61859957527133,407.748254262034,411.457400102459,464.8575256147541,57.950589904265904,82.73417196158704,220.6244585642321,322.82804779630544,26373.75,37411
96,512,541,3.625,12,567.2504045307444,407.0695475550657,549.9471963652483,348.0995193373227,61.456205877192716,289.59502530800637,210.61456386036826,352.1732595118733,51374.333333333336,75331
97,513,516,0.375,3,555.2559521006029,580.0587585955162,560.5698938526361,580.8735482389801,5.376044931647958,6.346473424264063,25.38589369705625,39.41685276325296,4964.666666666667,5194
99,516,533,2.125,10,505.83152468728724,407.830684974594,504.57708415569334,423.2374923831897,15.457792066555443,91.23060228371433,81.09386869663496,230.44519395401167,112784.5,128549
101,516,518,0.25,2,658.3252174805854,368.3810343862007,660.6996263188746,369.66236353311837,2.6980774106920573,2.6980774106920573,21.58461928553646,21.58461928553646,3307.5,3339
104,517,522,0.625,3,370.2660707157345,446.59561175664595,370.5752874761678,413.6327257890168,32.96433627907374,46.20070314802116,184.80281259208465,265.07910890971783,28156.666666666668,33050
105,519,521,0.25,3,629.6680748020361,502.29119742849065,629.7297079361015,502.6279004491018,0.342297483635773,11.244052929699638,44.97621171879855,46.14086386722632,12262.333333333334,12420
107,526,529,0.375,2,440.6345724739198,498.0880121876542,431.4063420650599,465.09147422007436,34.26268749419614,34.26268749419614,274.10149995356915,274.10149995356915,63560.0,71585
110,529,534,0.625,2,486.87487745098036,276.2456137663399,476.5393284672884,312.96504892476526,38.14630376783708,38.14630376783708,305.17043014269666,305.17043014269666,26135.0,46281
112,530,535,0.625,3,378.7966825045072,357.8641152015099,411.9072286609421,383.5470418261483,41.90371089514587,71.14613264470705,284.5845305788282,301.4696258979725,40891.0,58295
113,530,538,1.0,6,414.2221353240576,536.7160911939901,383.4040506902014,530.5488612737611,31.42911174991255,80.07104654969956,128.1136744795193,338.62862235902656,8764.666666666666,17298
114,530,553,2.875,8,463.71382649739587,591.1644185384114,514.1791404847397,564.5425760210951,57.05672979463502,130.28624651946018,148.89856745081164,328.6074295920959,9455.5,28959
116,530,540,1.25,5,663.2812461015469,495.20056371631733,683.1714993990385,490.3209202906468,20.480065825091053,101.88789309172805,203.7757861834561,295.81200180790495,5461.2,9214
117,530,548,2.25,15,581.2751144591142,600.6764134369677,612.8953151939655,592.4236934267242,32.67941985531208,240.34212410861034,137.33835663349163,289.1811553486196,6085.866666666667,13195
119,531,539,1.0,5,575.7847600138709,486.569218196865,572.462469611021,436.15555042038085,50.52301962668685,123.56398079130119,247.12796158260238,349.088288889464,41684.6,61254
121,532,539,0.875,5,650.0494738258819,359.58399879511893,661.7881000905796,361.26649682971015,11.858589554354852,40.90034974561565,81.8006994912313,127.78834139213173,6635.4,9543
123,534,538,0.5,2,338.9474120091119,421.5588143287988,360.80250484107904,394.6712809940349,34.64945210998212,34.64945210998212,277.19561687985697,277.19561687985697,9308.5,10992
124,535,611,9.5,48,602.7309295997192,282.03144123695824,691.7789066884119,260.2144535634119,91.68164033619829,711.0437732723851,121.02872736551237,359.57728650803244,10195.666666666666,27464
125,535,542,0.875,5,657.7460093320236,530.195903425835,629.1791787790697,531.3870457848838,28.5916531169623,37.07820105950684,74.15640211901368,148.57418356512616,2988.6,3988
126,536,538,0.25,2,452.67978510637255,435.0948015705418,429.3418245396601,444.34670458569406,25.104941999837596,25.104941999837596,200.83953599870077,200.83953599870077,54654.0,99636
127,536,544,1.0,5,649.1497395833333,410.20810355392155,623.8129199496321,363.3282850119127,53.288571154445265,115.22706111340747,230.45412222681495,317.6173752608432,23341.6,36968
128,537,539,0.25,2,387.10627809586356,421.72462556191726,381.19933000036326,462.2192721955827,40.92320175387508,40.92320175387508,327.3856140310006,327.3856140310006,46655.0,52901
129,537,558,2.625,14,529.5325936284047,577.8103204036964,615.44721029568,567.0294683958924,86.58838332651224,260.92296629230725,160.56797925680445,298.57737254442964,18544.0,32071
130,538,539,0.125,2,393.2333656506466,306.8553434313603,369.82074355498474,306.2581424800228,23.420237453334064,23.420237453334064,187.3618996266725,187.3618996266725,10441.5,15740
131,539,563,3.0,14,422.7350160617674,331.5324334986474,380.698205601585,404.680368560879,84.36654453949002,332.22838079051576,204.44823433262508,351.59915335244557,14689.357142857143,38546
132,539,563,3.0,16,437.80734474071556,275.37543520720106,485.5077935068882,271.95052023037744,47.82324596984957,303.1213349169148,161.6647119556879,305.38529670095437,14999.75,47992
134,541,548,0.875,5,410.15407015212185,388.09563138635735,455.577623742407,378.23426288439634,46.481671758887686,101.98513974576785,203.9702794915357,281.7129012370061,58528.0,77331
135,541,574,4.125,26,446.22630913069156,554.4328533578984,404.3467733372137,560.8120339636295,42.36259509847964,445.31228166411046,142.49993013251535,359.5624224886997,16508.46153846154,37712
136,541,550,1.125,8,534.1304004611067,259.3123245789896,528.6995567908654,251.41629263070914,9.583391022955592,61.2356679426625,69.9836205059,161.62368125265348,4450.875,5813
138,541,550,1.125,7,670.6764818796069,534.0641891891892,685.0653046956295,515.3316491610302,23.620886476537475,93.70231899388685,124.93642532518247,269.3617787899031,7147.428571428572,11978
139,541,544,0.375,4,601.729111493644,238.1083322298729,581.6434983473557,249.4619140625,23.072400739682692,26.63374290702141,71.02331441872376,167.108616432223,3924.0,4885
140,543,574,3.875,24,332.4079204776423,510.70878747459346,275.5446444115599,506.23569159122565,57.03894066117726,175.500589962653,61.04368346527061,259.7376948734965,6071.333333333333,10220
142,545,590,5.625,36,674.2045223577236,387.2436687899245,738.9316703680203,315.5185199873097,96.61314952067391,300.14286981967643,68.60408453021175,255.44355200800487,4692.083333333333,10420
143,546,553,0.875,5,464.65348430996653,473.3318264298883,440.69878124999997,465.9713515625,25.060015741507947,85.3731399100044,170.7462798200088,193.77388457898638,29115.0,86526
144,546,595,6.125,33,660.2118876689188,452.2021756189492,674.116270169129,385.9587691450511,67.6869319291267,525.7299845924897,131.43249614812242,351.8642277234359,12460.969696969696,43768
145,546,572,3.25,17,298.8766544117647,438.9035779936975,287.7329989346591,446.22669844193894,13.334509758212976,150.86862107487744,75.43431053743872,286.45643204500647,7260.941176470588,12632
146,547,582,4.375,18,569.0180876358696,452.897020502109,736.5806037808642,469.2498167438272,168.35857792748402,357.7090999929988,168.33369411435237,334.93140146176944,11092.111111111111,20292
151,549,551,0.25,3,561.9221487533692,398.11258182518293,548.5361963533597,412.63539573852637,19.750844174792174,43.58560290350394,174.34241161401576,189.46441164055042,17690.666666666668,22692
152,549,553,0.5,5,477.5866508152174,622.6849670031056,522.0811971028645,630.4433186848958,45.165879490627724,82.73769658687625,165.4753931737525,304.9659111439605,4218.4,7163
153,550,557,0.875,3,409.96083719997205,475.44973932894925,411.61128514669923,472.1190658109209,3.7171715737306523,10.46476463170475,41.859058526819,54.87950847556688,15995.666666666666,28051
154,552,553,0.125,2,490.6024730477856,407.7546711101399,499.55321513099955,373.0140769484808,35.87512601434758,35.87512601434758,287.00100811478063,287.00100811478063,10322.0,11755
156,553,561,1.0,5,508.2689842529932,446.75552283966687,431.5632480085966,392.1972164098545,94.1295850053757,120.06783789197144,240.13567578394287,328.2794164208122,37550.8,99268
157,553,555,0.25,2,466.95822131710867,530.3733980837645,441.17427701088565,514.933431743178,30.053358291293456,30.053358291293456,240.42686633034765,240.42686633034765,22893.5,39736
158,553,566,1.625,7,349.55730861069407,325.2817426801802,322.5995995930718,313.7088376460768,29.33684042986171,86.86867414434344,115.82489885912459,247.43370486268066,10296.42857142857,19741
159,553,563,1.25,6,410.54597448624844,280.2640750540791,404.62175900655023,267.8203003158141,13.782012145785467,68.4830624718699,109.57289995499184,221.7097894091433,10239.166666666666,29131
160,554,559,0.625,4,341.39755986451985,370.15423156708124,326.0803357564617,315.404063614082,56.85242514843233,90.69368357687806,241.84982287167483,326.2770704395255,9287.0,23765
161,555,558,0.375,4,272.731825850939,448.9015368251174,270.5377771100428,449.90713474893164,2.41351964189394,8.006156060838551,21.34974949556947,31.804183556829706,872.5,927
162,557,560,0.375,2,547.8448181152344,424.5967786516462,545.5430138354543,405.9822536715744,18.75630142581769,18.75630142581769,150.0504114065415,150.0504114065415,24150.5,35074
163,557,558,0.125,2,474.8949253318584,599.9361670353983,498.1343928583724,604.0799904468466,23.60601879566237,23.60601879566237,188.84815036529895,188.84815036529895,12635.5,14213
164,559,560,0.125,2,526.0199090191165,312.6206218574507,547.1191131726429,289.5695630706884,31.2494436286945,31.2494436286945,249.995549029556,249.995549029556,49050.5,59947
165,559,567,1.0,4,500.7447411890314,543.5215949165276,517.6375828382085,535.87109375,18.544494252559492,56.36669729223439,150.3111927792917,254.5441304410297,36356.0,68058
166,559,562,0.375,2,292.480975362628,361.5794848549488,304.3541523939085,370.914433183918,15.103429846251878,15.103429846251878,120.82743877001502,120.82743877001502,7396.0,12499
167,560,591,3.875,19,680.6962232355273,532.2971383078906,716.2338324652778,553.9691403010986,41.6244800587354,198.90758874075377,88.40337277366834,351.66114105536377,6679.789473684211,11978
168,561,575,1.75,13,564.1874390994094,591.5864222440945,594.8796172098143,590.0995362335369,30.72817318307764,228.26565779115117,152.1771051941008,293.1060209805987,22584.923076923078,29488
169,562,563,0.125,2,452.36129475600785,441.10612292892233,492.2627585762662,437.29497018551234,40.08306001583447,40.08306001583447,320.66448012667576,320.66448012667576,42907.0,62550
171,563,589,3.25,14,401.4833488937429,498.503470264938,378.54649325829746,561.289881203903,66.84484082588455,190.86831174409343,117.4574226117498,261.98173277317096,18083.285714285714,44582
173,564,569,0.625,4,488.70267371781154,360.4798626339564,462.7285143536521,371.4319788704649,28.18875316030749,68.71475589074595,183.2393490419892,261.4549870783111,103355.0,114261
175,567,568,0.125,2,485.31880371316817,338.7946695480242,486.10781271107254,340.017782689515,1.4555208537363946,1.4555208537363946,11.644166829891157,11.644166829891157,86311.5,86934
176,567,586,2.375,7,506.8194319928279,638.8901653066451,508.52450689163504,673.1801479325095,34.33234901507063,197.71674267055485,263.6223235607398,358.1744505218843,6833.857142857143,16409
177,568,570,0.25,2,552.2562542886551,581.8010630759051,555.6122979474213,594.3912420916412,13.029798029433415,13.029798029433415,104.23838423546732,104.23838423546732,25184.0,29950
178,568,575,0.875,6,463.48178026871983,653.9219567733494,414.9750737463127,613.7383196595379,62.98908849432117,142.92757306434893,228.6841169029583,342.3780127101965,11707.166666666666,21134
179,570,578,1.0,5,533.7837868467548,351.54964286544543,517.925036265893,349.2733818345209,16.021277547901363,58.1309877160613,116.2619754321226,155.8559647334508,74598.8,91748
180,570,572,0.25,2,355.5879737447775,376.2582759212252,356.5405196904389,414.77701137763097,38.530511610140415,38.530511610140415,308.2440928811233,308.2440928811233,24514.5,40288
181,570,571,0.125,2,360.52556678318234,540.2713136015656,355.2901437016856,542.9073370732231,5.861593178087152,5.861593178087152,46.89274542469722,46.89274542469722,19053.5,19878
182,570,573,0.375,3,398.1321211283186,228.50194571744626,381.82904027196656,233.2760460251046,16.98771553671463,18.015093614135807,72.06037445654323,125.52282008593507,4224.333333333333,4900
183,570,571,0.125,2,377.43624677532836,631.1698815666042,378.09163851351354,636.7229377815315,5.591598309662844,5.591598309662844,44.73278647730275,44.73278647730275,1912.0,2086
184,571,579,1.0,4,414.8541621785099,332.510177844939,472.7066137722237,355.65009866469774,62.30860366713173,67.07041766200211,178.8544470986723,300.2476710836351,96508.5,117134
187,571,588,2.125,12,474.6833970466684,575.0544868228637,466.3728428744777,599.2613889891558,25.593737967271398,234.80581359333837,170.7678644315188,286.8079706374058,15560.75,31856
189,572,578,0.75,4,322.9264949239937,327.66395990936337,321.7701317652247,358.8961507554307,31.253590526532,74.51732127106159,198.7128567228309,341.1619116988136,21375.75,25405
190,572,582,1.25,9,546.282941017316,648.3507677218615,562.503306645034,616.3300119920993,35.89469401738857,80.05545882965706,80.05545882965706,156.40951739924185,9798.777777777777,13704
191,573,580,0.875,4,337.62746158316116,592.2198556947313,365.38672349635476,634.792399187424,50.82320416308375,66.16238913577685,176.43303769540492,280.4835520358987,5602.0,8670
192,574,577,0.375,4,297.9103207236842,556.6489720394737,296.0824764376303,531.2129299861015,25.501632302168073,29.532880805952225,78.7543488158726,163.93225719406234,5268.75,6995
193,575,601,3.25,19,502.4994478507384,533.5949555455094,695.1787133329926,592.1052068428046,201.36719905102132,447.44624557561406,198.86499803360624,343.7809860358782,25823.0,47471
195,576,620,5.5,25,572.1890277708562,316.0797594500648,567.8929479608562,417.06063650935215,101.07222087891806,573.8220489346941,191.27401631156468,358.172144263031,49571.44,89259
196,576,577,0.125,2,543.5695816532258,489.60543682795696,553.5683957063823,518.28107460712,30.36887361281879,30.36887361281879,242.9509889025503,242.9509889025503,7601.5,9101
197,576,578,0.25,3,641.564833416641,567.545625384497,630.4332452958693,603.1265007285858,37.28150941609114,41.44706251374468,165.78825005497873,235.2278557476602,9166.333333333334,12726
198,576,602,3.25,11,689.6779359551172,404.2123333152645,704.8389889167887,506.30655098443526,103.21379175471961,244.11433738997127,195.291469911977,335.2772772396388,11979.454545454546,29425
199,577,588,1.375,5,639.5608183856502,520.0206748478539,683.9899969324189,516.7847639535615,44.54686325271901,47.440447991365275,94.88089598273055,207.28777001286286,6250.2,15552
200,578,599,2.625,12,478.44416109443233,567.9449756072598,407.779584547076,495.3740780720601,101.29174471634713,237.46076725611258,172.69873982262732,356.347281062543,20900.166666666668,142109
201,578,582,0.5,5,614.71060546875,534.3897981770833,636.9895979306801,558.1467091741405,32.56907007024969,76.97067609964922,153.94135219929845,299.2750811862987,11150.4,15712
202,579,589,1.25,6,389.9487959085052,195.3555694265464,389.9487496170343,194.4099839154412,0.945585512238315,14.838788245060648,23.742061192097037,52.56060107592998,1142.6666666666667,1597
204,580,593,1.625,11,335.08171449578276,435.3211916663584,275.7224721779645,377.9945427167825,82.52190211291409,220.1242290899528,176.09938327196224,339.95886384456355,36703.181818181816,52908
205,580,592,1.5,10,364.58226279500553,236.7371792672887,353.3291015625,223.9727728544776,17.01657159348435,142.51536855915174,126.68032760813487,210.60662771891324,4491.4,8741
207,584,585,0.125,2,349.89583640446125,442.03638028174083,332.65074436516403,444.9433249908309,17.488382629206708,17.488382629206708,139.90706103365366,139.90706103365366,63374.0,68046
209,585,614,3.625,18,468.86540824870355,664.1317084863872,395.81197646031177,650.3611373969718,74.33997931254657,224.04691336544371,105.43384158373821,279.2307745395987,13806.777777777777,31711
211,588,606,2.25,14,697.3058948863637,408.0773310295115,734.6521034676636,422.07078736627767,39.88177673633578,216.30141464920428,133.1085628610488,262.4739278484986,11016.92857142857,16100
212,589,618,3.625,18,501.0510981495679,627.9445295075968,500.4363304806669,701.0779628746895,73.13601722370255,282.1353713330107,132.7695865096521,329.5311229130915,10104.944444444445,14041
213,590,593,0.375,3,330.4487102471314,506.416434482986,333.66250366354046,490.30305722450174,16.43074541211056,57.34517400185928,229.3806960074371,294.4201867455755,34264.666666666664,39724
216,591,593,0.25,2,368.1461177147239,309.0036138803681,324.59738681063254,300.02084988874765,44.46551486586112,44.46551486586112,355.72411892688893,355.72411892688893,7752.5,12315
217,592,598,0.75,5,327.7601950553256,421.88251916840494,348.29266350138124,445.3349690953039,31.170493548578502,55.665484666738536,111.33096933347707,200.30910894166436,72567.0,88566
219,593,595,0.25,3,489.71283478944264,269.0174374865659,452.3477454565603,259.31279366134754,38.604792612169625,67.65375001051493,270.6150000420597,320.52722551181785,38713.0,54635
220,594,595,0.125,2,578.5551035437135,273.6536441647088,579.6080500831141,272.37278172037117,1.6581028364218975,1.6581028364218975,13.26482269137518,13.26482269137518,27139.0,27491
221,594,606,1.5,6,477.11861494202395,575.2833692023894,582.9752657379755,641.0001756031909,124.59666593154272,152.5223440157993,244.03575042527888,342.1455877259132,20285.333333333332,37074
222,594,596,0.25,3,357.0434394290123,632.0160821759259,360.54659637623587,645.4671223958333,13.899733508036949,17.244502058500956,68.97800823400382,91.62115399025865,6762.333333333333,7926
223,596,617,2.625,13,657.6853397253788,230.1051846590909,644.2770195013287,277.3248501494842,49.08645291987707,218.51374293364313,145.67582862242875,339.56582126914515,25315.46153846154,50082
224,596,611,1.875,11,728.501838235294,322.6853802849265,730.1655484068627,407.8798581932773,85.21072114242111,225.64786371927661,180.51829097542128,317.32577456223055,10539.636363636364,17083
225,597,608,1.375,5,416.2859790648751,620.7756254120134,368.6881906925344,675.765640348723,72.72861335593905,73.0284485730617,146.0568971461234,346.0844506207119,11964.6,25237
226,597,620,2.875,13,571.1399252970643,574.96174277726,662.914805884443,598.0957437758962,94.64571151950051,232.78530131352156,155.19020087568103,302.9609605330231,37591.153846153844,59497
227,598,602,0.5,4,514.1990346232656,273.4627941776629,538.991286571734,277.41338543691677,25.105037900270748,42.817405935437336,114.17974916116623,223.7808100461611,52109.5,57551
228,598,607,1.125,7,634.1191212197141,529.2125706080051,657.5058632367873,520.8276217151847,24.844457532986013,112.89747404621667,150.52996539495555,327.2332741080872,37982.71428571428,73252
233,600,603,0.375,4,450.05403246634233,399.03322343208475,458.43107026866306,478.50771243748477,79.91476187170277,106.45099723299508,283.86932595465356,338.7045372270852,24962.25,37559
234,600,621,2.625,12,328.7753378378378,314.08214155153286,331.84964567843866,295.16335510156665,19.166946794891583,197.3512798757867,143.5282035460267,352.01066300345644,38605.583333333336,57582
237,600,634,4.25,17,536.3297587406839,206.8415879479943,510.19101672864383,204.23579545454547,26.268307682279502,359.36895975688503,179.68447987844252,340.0924396965198,12415.764705882353,30459
238,600,602,0.25,3,716.3608300859313,357.8132821867506,704.7286822916666,381.31597916666664,26.2237226121192,35.14001413001573,140.56005652006291,243.48928931942714,5705.666666666667,9794
239,600,605,0.625,5,397.5901711276876,217.09587538394032,371.28357410592935,227.83244669554875,28.41321893757258,51.447419913171096,102.89483982634219,170.13784718172474,10316.8,12894
240,601,609,1.0,6,304.9943156692217,377.1419073583772,267.2138893054223,409.5610004798465,49.78311174533957,138.79082119492398,222.06531391187838,351.6397042466172,33193.333333333336,44621
241,601,604,0.375,4,467.2755244006849,583.929692086595,478.3569552694002,597.8004701796002,17.75377692220758,58.383143141673614,155.68838171112964,280.88417897481673,10230.0,11551
242,601,613,1.5,8,307.28238527876783,576.2917594831976,291.9944995994507,520.9402475180248,57.42394383333956,96.21390343548929,109.95874678341633,342.60777319260643,21526.0,29918
243,603,611,1.0,3,339.1585170106689,516.161186709395,383.68376953931374,513.4536430498532,44.60749830922957,46.96905603517321,187.87622414069284,238.47336472225786,61248.666666666664,85332
246,604,628,3.0,15,768.3589952256945,360.83837890625,646.4865379849557,277.8980323579148,147.417763242608,275.71359406752026,157.55062518144015,343.64580380394364,15130.8,39020
248,605,620,1.875,11,481.1992945995146,531.5658373786407,499.24166920950603,525.424172530155,19.05904847253368,219.6580499998338,175.72643999986704,265.8668153836567,19943.454545454544,36730
249,605,610,0.625,4,576.0155304939516,317.8172208021313,571.8542014502857,288.17709551822634,29.930814994838354,91.64857246903637,244.39619325076364,332.70042817089796,30440.0,71949
250,605,616,1.375,5,490.86089161657475,306.2371926734332,478.5642541419387,321.5571506398368,19.644551541712435,78.81193409686719,157.62386819373438,207.80289314146927,23995.8,51413
251,605,611,0.75,4,594.6638864252922,428.62167903537147,633.5485002281022,444.67264703818074,42.067169674472865,84.35647954696844,224.9506121252492,346.03025875152224,10409.25,18433
254,607,625,2.25,8,580.6175267524814,365.10408427677834,573.7774675963626,359.9547494231813,8.561662145499156,163.7782688652353,187.17516441741176,321.2615956117644,15394.75,32169
255,608,611,0.375,3,753.1858325195312,491.00728515624996,742.7747321245909,495.6470597637071,11.398180549611048,14.621342608191249,58.485370432764995,103.32854799384866,5778.666666666667,6290
256,609,615,0.75,3,402.1296493147292,608.1166482620541,382.3810676332853,570.976853675158,42.06388974388242,43.61517356148576,174.46069424594305,304.03598882271183,60196.0,91009
257,609,622,1.625,10,675.7643616471908,440.59029652826956,743.7300332991804,432.8221567622951,68.4081611982794,137.9760612670816,122.64538779296143,255.95873070404662,23729.1,33163
258,610,613,0.375,3,337.98943934157876,340.7584498056111,277.49456702227104,345.3228488462674,60.66682219740611,60.68377188075619,242.73508752302476,354.380192994459,45035.0,64566
259,610,614,0.5,3,760.2610456498064,568.9504931026138,784.4036103219697,545.9672526041667,33.333058256917376,50.942322967848746,203.76929187139498,319.42181206665987,2923.6666666666665,4043
263,611,642,3.875,21,224.7642630507663,490.9950460967433,184.81535624129526,519.3799554814963,49.006308125101995,323.47530536284376,129.3901221451375,308.82719433035254,7294.190476190476,33645
265,612,613,0.125,2,306.83339336352,620.033875606019,306.4366339459915,620.0008937677368,0.3981279154417684,0.3981279154417684,3.185023323534147,3.185023323534147,10866.5,11035
267,613,627,1.75,10,661.0727318452704,527.0826335968433,689.6224266996677,524.5710212718084,28.65995939896755,171.29843764781495,152.26527790916884,290.25142255065674,52205.7,76200
268,613,622,1.125,5,435.1657068369686,255.8078025145874,485.9637925457802,294.09994215266715,63.613940844299,113.26944835756407,226.53889671512815,300.11702130026066,8866.6,28176
269,613,643,3.75,13,375.1501642194745,350.7025876642195,387.2387832092041,277.51652137639877,74.17772581957564,278.54982819608966,185.69988546405978,349.4905520865633,40950.846153846156,105645
272,614,616,0.25,2,607.6349497248351,575.7793968798487,611.6492152308558,555.7961588541667,20.382446603484347,20.382446603484347,163.05957282787477,163.05957282787477,14436.5,20183
274,614,615,0.125,2,476.53602400704955,221.97921412912655,480.10544883285536,202.65054622769281,19.65548769252479,19.65548769252479,157.24390154019832,157.24390154019832,5916.0,6141
275,614,634,2.5,7,277.93381245570515,463.1667257264352,233.40830007594866,488.8782125917116,51.41596842910897,140.7696482859759,187.6928643813012,308.1712930702739,12782.714285714286,34146
276,614,616,0.25,2,725.1643095190246,608.1896247822883,742.5980162795993,588.6189221880692,26.20966484801135,26.20966484801135,209.6773187840908,209.6773187840908,9024.5,10745
277,614,619,0.625,2,561.0976798884267,428.3878652136914,571.3076537071503,451.60527397853184,25.363194497789742,25.363194497789742,202.90555598231794,202.90555598231794,9533.5,11305
278,614,616,0.25,2,587.400146484375,680.4731663945896,614.0793679578956,660.9151307289901,33.080169551107545,33.080169551107545,264.64135640886036,264.64135640886036,7873.5,11551
279,615,626,1.375,6,560.6914854998364,495.5803107616165,559.7366979400674,468.57021597199935,27.02696505026772,73.00325839902061,116.80521343843297,161.48699992715422,8884.166666666666,12197
281,616,644,3.5,17,346.4562332233024,598.7643635089338,337.22657952406894,583.3301446736332,17.98337060908554,214.83024600607206,107.41512300303603,290.96192275127845,31382.529411764706,47440
282,616,620,0.5,2,492.9625191717791,405.1900402607362,487.2591374670475,396.86264965949033,10.09326493735232,10.09326493735232,80.74611949881856,80.74611949881856,3503.0,4454
283,617,631,1.75,12,488.3622009418302,616.4779021723441,547.7918292238869,703.8883296920517,105.69987491440794,228.0396958988075,165.8470515627691,277.4660754405413,12190.583333333334,23342
284,618,628,1.25,4,524.887929659008,464.60240749062206,544.4243476430977,430.15005617935304,39.60601139377913,41.23061499099071,109.9483066426419,242.2677237017542,25692.5,37567
285,618,626,1.0,5,342.28657670454544,493.5536189789688,337.80009451153177,465.2812007044169,28.62617958372101,119.27991962773959,238.55983925547918,349.4733235329683,9732.8,14425
287,618,622,0.5,3,418.41918857537235,261.37711162204675,373.14128901670574,228.4127652141601,56.00657392256601,87.53192942066312,350.1277176826525,354.38405619907684,34213.666666666664,48782
289,618,628,1.25,6,574.3621298995504,196.724015041093,532.8129816955684,204.47539750636528,42.26601053564661,65.03900253384333,104.06240405414933,148.79216088874432,16876.333333333332,28529
290,618,619,0.125,2,558.3327811840718,282.8763185654009,568.9516733723482,243.55445277393144,40.73045544342183,40.73045544342183,325.84364354737465,325.84364354737465,21512.0,37458
291,618,635,2.125,15,201.2964938365052,381.26012381055364,159.12594313063062,425.2185810810811,60.91552603763285,143.54471647633085,82.02555227218906,235.59313640324353,7572.733333333334,11422
292,618,619,0.125,2,661.494140625,198.87787261566558,666.4699756452429,191.92405743927128,8.550700535986955,8.550700535986955,68.40560428789564,68.40560428789564,2172.0,2411
294,620,639,2.375,8,392.6259098632321,481.5667084452089,385.7045772759771,424.49309424153955,57.49175839242254,204.10319588387867,233.26079529586133,329.3346710895787,15211.25,27186
296,620,626,0.75,4,431.8192381738174,251.51459794416942,436.16149189218214,241.8588351819465,10.587205574417816,63.31563032903077,168.84168087741537,198.25668581498923,14855.25,23753
297,620,622,0.25,2,213.4524707085413,469.1632348863006,221.40010416666667,479.9395907738095,13.390097975704368,13.390097975704368,107.12078380563494,107.12078380563494,4556.0,7057
299,620,656,4.5,23,466.0261264340982,736.814509405016,520.3365840517241,787.6808420566502,74.41108522298713,486.4044130300739,176.87433201093597,354.8593813773836,5374.0,13740
300,621,624,0.375,3,354.199642974202,548.5283578555353,332.1663030721024,583.5007925458445,41.33448022425586,64.42636980963191,257.70547923852763,295.594919629783,80102.66666666667,94798
301,621,622,0.125,2,605.1182255497686,174.76380931712964,604.9594748537354,175.60135505738074,0.8524580051262237,0.8524580051262237,6.81966404100979,6.81966404100979,4288.0,4349
302,622,633,1.375,8,274.58182685922975,327.5632407868526,276.1487009595474,334.8517340953631,7.455013692438715,168.8608161066401,192.98378983616013,324.8803277739741,17145.25,26466
303,622,626,0.5,4,254.3222351550312,429.1737946080343,274.37639133261933,445.1671750688494,25.650680274789572,60.36002102241939,160.96005605978505,213.02466703454306,5578.75,9461
304,623,625,0.25,3,612.1693873230776,260.2889584279443,627.0132056276113,234.2912109375,29.936964048395325,45.56669899532869,182.26679598131477,221.98228197152397,30778.333333333332,38370
305,623,629,0.75,5,451.0895378914989,513.3100320131898,479.0681667446941,527.2537213781069,31.260680504591555,85.68108214090566,171.36216428181132,285.89574444175275,26753.6,34490
306,623,666,5.375,25,738.9724324544271,347.1929495675223,800.2447996918336,266.5054561103621,101.31522386726918,466.56184214922865,155.52061404974287,330.92163261821986,9636.6,21103
307,623,634,1.375,7,321.8831203817734,235.52474874648135,371.98499763912537,191.86497542695253,66.45580419363989,116.67856310444678,155.5714174725957,239.37188189482552,19418.428571428572,29535
308,623,642,2.375,10,288.22395978170186,381.1202725250278,336.6779271175987,272.3718968441612,119.05459320754936,226.68688475611725,201.49945311654866,331.50887255607586,37262.8,96763
309,623,628,0.625,4,351.0238646070615,382.29986919846243,355.31619503257326,375.27602046009775,8.231558271749096,48.12404107689903,128.3307762050641,176.54097476321368,4238.75,6008
310,624,631,0.875,3,522.7550772081424,476.1472468949089,520.0439974573193,455.93604278287324,20.392222171055572,48.65830963549192,194.63323854196767,218.43025493858227,19636.0,35023
311,625,635,1.25,5,702.8519049256518,496.76523247836184,746.4023003998415,518.7697268721439,48.79379796126051,127.09401966943008,254.18803933886016,351.41847423311475,39720.2,74172
312,625,626,0.125,2,471.5111260603393,342.23887143886043,462.25319260817304,367.6706491750437,27.064453636224883,27.064453636224883,216.51562908979906,216.51562908979906,5296.0,6114
314,626,639,1.625,5,587.3841862527383,256.6878398948278,636.6800571451407,250.14728527280477,49.72787690827018,138.15119432900704,276.3023886580141,291.516676014466,34555.4,57179
315,626,634,1.0,4,483.16659230439745,637.6927893882067,517.8738062671258,693.4792502298457,65.701749704938,85.27330629057134,227.39548344152357,350.4464758537994,17572.0,33406
316,626,630,0.5,4,615.2158994932433,705.4925570101351,591.269883693609,684.2067207639634,32.03901523728801,32.82849672930881,87.54265794482349,238.38828780133892,3118.5,4063
317,627,632,0.625,3,518.0381497699099,590.1127021115076,518.4786398256335,613.1486340731831,23.040143073169787,27.05898250173418,108.23593000693673,198.19860432672297,19137.666666666668,32749
318,628,632,0.5,5,737.5831047977827,413.5934332220748,751.9981859520124,429.97944597246794,21.82420625221168,101.34775808651356,202.69551617302713,287.3964285982283,22023.6,37603
319,628,633,0.625,4,616.5464428716874,509.35780034342326,617.9658179051971,514.4532261067174,5.289422387651777,52.07005740414351,138.85348641104937,224.9568031612762,20330.5,23401
320,628,637,1.125,6,645.2247646141404,645.1880662876288,631.4534548153034,625.1892480211081,24.28171545902109,74.48672277646067,119.17875644233706,320.24540488455796,19135.666666666668,51926
321,628,630,0.25,2,768.0314971352485,554.0433091914138,754.1620966164263,592.9284031369081,41.28451043553046,41.28451043553046,330.27608348424366,330.27608348424366,10222.5,14382
322,628,634,0.75,4,735.0124569571979,620.44590954532,742.3354452489838,632.508456736353,14.11138555413789,22.89908942976679,61.064238479378105,70.91953232738413,6698.0,7112
323,628,633,0.625,2,455.0885347406915,307.75082221219606,444.7954923930921,314.8202045641447,12.486908648961826,12.486908648961826,99.89526919169461,99.89526919169461,4063.0,5151
325,629,630,0.125,2,703.1363963742955,274.93394128673515,705.3507016321655,271.5719629113588,4.025673405969361,4.025673405969361,32.205387247754885,32.205387247754885,9470.5,9723
326,629,632,0.375,2,222.48979068067928,425.6567415437082,262.10723876953125,430.1768101283482,39.87446818557873,39.87446818557873,318.9957454846298,318.9957454846298,4388.0,5261
327,630,635,0.625,5,569.8600570839654,254.41293622895898,591.8101507867133,251.51039719978297,22.141168586488387,60.96916789076567,121.93833578153134,144.2772377793615,66722.0,78431
329,630,634,0.5,4,532.5563748389175,540.6504208279639,534.2588120754783,499.94672224797273,40.73928534762489,70.2742140117987,187.3979040314632,285.13126739682446,20924.5,56478
330,630,650,2.5,10,287.6341264950135,632.8122656718656,327.4335239955357,634.1730375744047,39.82265362297337,161.35563875468088,143.42723444860522,327.5356018604713,16477.9,43905
332,631,632,0.125,2,689.8205631222345,577.6624880861843,682.713933897515,570.727345711635,9.929772338422818,9.929772338422818,79.43817870738255,79.43817870738255,51274.0,53006
335,632,633,0.125,2,467.7423242947471,461.5692572262368,446.5051815388698,466.9880311683407,21.91755788104906,21.91755788104906,175.34046304839248,175.34046304839248,19026.0,23968
338,633,659,3.25,14,259.470222469924,627.2852452907345,341.9319395162792,718.0613539105573,122.638642663685,270.8045836920554,166.6489745797264,313.7900963143066,13606.357142857143,26270
340,634,641,0.875,6,385.1938136588673,684.7854784860621,353.5358178490991,725.584129832958,51.64066857058372,114.80840873434165,183.69345397494664,352.8455815186537,14888.5,19087
342,634,643,1.125,8,618.3198308171452,152.42889569256758,624.4584209735577,144.96814903846152,9.66152315865152,11.983052598519016,13.694917255450305,21.14748442632758,2348.75,2442
343,635,644,1.125,6,560.8054176804795,557.480673537601,563.7219842240032,583.5176003902408,26.199769470980403,149.52438649123525,239.2390183859764,352.58057766200835,80052.33333333333,97017
344,636,644,1.0,6,539.911664595463,253.8047720360046,505.9008868742375,278.4986575058144,42.0300009612026,108.20978485971374,173.13565577554198,220.62217453309185,50462.0,61129
345,636,641,0.625,2,453.74291564470917,368.07713132883674,476.5368996690459,342.48347993685945,34.27244810741975,34.27244810741975,274.179584859358,274.179584859358,19192.5,22344
346,636,644,1.0,8,691.7188342450436,295.1372737095019,666.4380393811028,259.5005034821941,43.69322580431187,105.65992278005473,120.75419746291969,259.275446674228,31164.625,40476
347,636,637,0.125,2,247.65937528844378,371.4882967538536,277.0559870049505,378.4499129795792,30.20968190639131,30.20968190639131,241.67745525113048,241.67745525113048,48880.5,55351
348,636,645,1.125,7,775.2204047179914,482.64147528954464,763.3273091821943,466.11862782523644,20.358050244372443,163.45519578790487,217.94026105053982,272.1315979148226,34647.42857142857,49154
349,636,639,0.375,3,351.34668793350426,511.04758062236124,392.13756510416664,543.2200427827381,51.95154455656682,68.77235346566604,275.0894138626642,278.4901965286374,5671.666666666667,12980
350,636,699,7.875,32,450.47612847222223,760.1970486111111,500.335253221972,752.5484938063063,50.44237020019193,792.9002029812981,204.61940722098015,334.6849320896853,30289.5625,75996
351,636,638,0.25,3,382.0643196202531,763.1764339398734,382.66338712032706,764.4860178154206,1.4401013147477217,1.8446860101889495,7.378744040755798,13.10842224713903,1653.0,1738
352,637,642,0.625,2,492.5784404922981,534.7890348537677,520.4377001779359,561.2681105427046,38.43539774182451,38.43539774182451,307.4831819345961,307.4831819345961,19603.5,28208
354,637,648,1.375,6,403.7044050715214,503.7168578307867,456.63016141869855,472.8144789078273,61.28697013247533,86.55868447029181,138.4938951524669,195.97812440599267,10666.5,25205
356,638,640,0.25,3,227.64033501168547,421.4445673911363,225.28413844267908,422.40376591319165,2.543958348029833,55.847034292100204,223.38813716840082,226.55270892322844,55291.0,58577
357,639,645,0.75,3,633.1384027268873,555.3389175562792,626.0842573057931,530.7270473264298,25.60283429296238,57.168413927652665,228.67365571061066,310.14183394952937,59255.333333333336,118853
360,640,669,3.625,16,749.7313942026869,633.7667567172898,743.7879566210046,576.7628335473745,57.312927922493735,274.7312903114845,146.52335483279174,311.6924825113459,15849.25,30729
361,640,642,0.25,2,405.627046501494,157.681614687085,403.6103605584698,169.99489428735924,12.477334519332313,12.477334519332313,99.8186761546585,99.8186761546585,6772.0,7649
364,641,643,0.25,2,257.4622500538484,505.7019095655206,272.9817593808898,535.9578660885117,34.00408909047923,34.00408909047923,272.03271272383387,272.03271272383387,58122.5,68539
365,641,672,3.875,19,237.2100436970339,335.04268909688847,196.3945752393018,262.1340037302928,83.55584280772568,456.2873285738751,202.7943682550556,338.7090480008745,29724.842105263157,64793
366,641,642,0.125,2,363.6275329589844,180.476899937221,326.5874272260274,176.04806292808217,37.30394121218495,37.30394121218495,298.4315296974796,298.4315296974796,12340.5,17537
367,641,642,0.125,2,375.54583052105835,630.082824311555,409.0263149526314,615.3388633244712,36.583154912629624,36.583154912629624,292.665239301037,292.665239301037,38671.5,68281
368,641,657,2.0,11,451.023193359375,765.0579091988358,483.2698999967131,758.4772856133317,32.91131561831945,145.462654775894,116.37012382071521,315.8066347426346,5982.363636363636,14886
369,642,651,1.125,7,758.9155931900395,435.9549764185665,774.8915008799039,446.0736517083011,18.910769845094954,105.17833374711044,140.2377783294806,358.863059198705,31354.428571428572,46532
373,643,646,0.375,3,469.7002528452563,633.1494218545059,462.32807528409086,597.6922926136364,36.215425111367644,58.047825571325276,232.1913022853011,358.94022728770017,30889.0,71628
374,643,646,0.375,2,642.7702076851571,647.1540297987176,626.4974365234375,638.4438419342041,18.457260195294698,18.457260195294698,147.65808156235758,147.65808156235758,36946.5,48101
376,643,649,0.75,3,581.6592247042101,389.3240770974185,603.6579421901649,425.53500968234795,42.36950801811553,43.34135336114695,173.3654134445878,194.96522940399961,8940.0,13567
377,643,646,0.375,2,145.427294921875,374.62784598214284,147.54823859908137,363.4510924171588,11.37621300496194,11.37621300496194,91.00970403969552,91.00970403969552,5174.5,5965
378,643,651,1.0,7,295.5860548551502,725.1974528344064,266.32109050829877,739.9607754149378,32.777947340236466,113.86149723001795,151.81532964002392,323.91117805783557,6038.571428571428,20899
379,643,644,0.125,2,567.59808984375,132.715875,569.7829540964173,130.86220281217072,2.865263056425186,2.865263056425186,22.922104451401488,22.922104451401488,3814.0,3914
380,644,650,0.75,5,747.6796153263667,536.8576241978078,814.4564982258466,523.66847843003,68.06692042287902,109.99636568073569,219.99273136147139,358.0170717692488,18907.6,51695
381,644,650,0.75,6,230.78254392235976,490.88060985323307,251.99588612711665,506.46350771905657,26.321713344552748,69.68482599235773,111.49572158777237,229.5086906488288,52350.5,58663
382,644,650,0.75,5,363.52422068835654,232.65065322616377,344.0461422614705,209.8827327030642,29.962872761971646,37.61040964493805,75.2208192898761,129.17035702995412,25242.6,33132
383,645,655,1.25,5,301.0517150950859,372.85669270994913,275.88212413747345,424.6308884023355,57.5680088987542,108.82937153817323,217.65874307634647,285.55716131757964,52787.8,126181
384,645,655,1.25,5,594.9361121977664,227.97541274146914,622.6222098545562,249.78958866688927,35.24738677925614,124.11603199583588,248.23206399167177,328.5522172201793,67727.4,81379
386,645,671,3.25,22,594.1368214928291,677.2239029169256,598.7008047301913,692.1548162852915,15.612883045887862,418.11663073746996,159.28252599522665,292.54057361408377,22545.81818181818,50012
388,645,662,2.125,14,188.2944676598837,632.3214512821844,215.2319826858108,698.5210789695946,71.4704164093352,216.73660773848965,133.3763739929167,358.4492029911722,8647.285714285714,12949
389,645,649,0.5,5,752.474184128131,676.2282559609827,735.2730738863032,674.4274279005984,17.29511998381567,43.59740936872454,87.19481873744908,176.3080285555945,2170.4,2943
390,645,669,3.0,11,465.31527549342104,684.151638862782,451.37738514252015,725.3291669146611,43.472446490817916,207.42352475912932,165.93881980730345,291.38961479397403,24801.636363636364,60722
392,646,651,0.625,5,417.1153581824062,349.5230526021453,435.05305072623236,354.11975269586264,18.517301789094883,108.01066251871126,216.0213250374225,344.7454728179332,23853.2,38652
393,646,658,1.5,12,558.6119806022601,504.80451630547134,583.3503883459744,519.9399654499708,29.0012178795993,212.31024463984878,154.40745064716273,287.5058963638192,19409.916666666668,42249
394,646,652,0.75,5,470.0250512213558,498.4811152331318,504.0076090494792,498.22430710565476,33.98352817110208,115.42918541232353,230.85837082464707,319.3107019212077,9816.2,12741
395,646,671,3.125,13,829.3509820532128,588.2841522339357,773.2707212627406,476.44835388943943,125.10891831391642,353.02986984895375,235.35324656596916,334.5460211361684,19089.46153846154,50250
396,647,648,0.125,2,621.3113378996757,360.99655352177945,647.1193586102462,374.9316628606354,29.329868824853413,29.329868824853413,234.6389505988273,234.6389505988273,34897.5,40229
397,647,649,0.25,3,656.0083091647332,207.78994933657194,669.0871448346086,229.4448009382157,25.297994789485166,27.38606390199172,109.54425560796687,148.12775239800058,34864.0,37603
398,647,650,0.375,3,712.3196716658699,420.5520076481836,696.0077980094064,419.8154115742581,16.32849643906474,23.87334163891434,95.49336655565736,131.3829872965357,13457.666666666666,15364
399,647,652,0.625,6,642.4232152436152,574.3770164983254,631.3293925014434,601.12691854311,28.959111906968143,117.96559251639152,188.74494802622644,235.71676904058913,16187.333333333334,23577
400,647,651,0.5,3,503.6936928353658,194.59651068887922,442.09325118539164,191.69154480961342,61.66890008936087,64.16381000212562,256.65524000850246,313.10237847413646,21811.0,31656
402,647,655,1.0,5,704.6607410566584,694.0907290374276,706.5074006965361,694.455046749498,1.8822537610220602,43.45166588655512,86.90333177311024,151.93606120725556,4514.4,7797
407,650,657,0.875,5,425.16248036169907,652.4463232080419,413.0711524275751,651.5029707618025,12.128071777836425,68.03342925344339,136.06685850688677,153.86652838031685,19198.6,22845
408,650,653,0.375,3,363.92761948529414,752.120457011871,386.8677019032922,759.6353905446244,24.139627324096043,59.139831910490855,236.55932764196342,331.8816984873925,7050.666666666667,8020
409,651,653,0.25,3,248.42005194713212,561.55558937885,244.0575346391547,610.6619505083733,49.29975923516827,49.449003318623774,197.7960132744951,237.91554657271786,45704.333333333336,67361
410,651,652,0.125,2,433.38225254250966,551.3387440136677,445.77749852262497,520.3992465387213,33.33008591212718,33.33008591212718,266.64068729701745,266.64068729701745,8893.5,9093
411,651,652,0.125,2,335.55174250587777,157.8140949500392,334.8707364710366,176.92878120236279,19.126813632810318,19.126813632810318,153.01450906248255,153.01450906248255,8916.5,12839
412,651,657,0.75,4,292.25819182592977,187.93412642045453,315.64937697784814,147.58042071654612,46.64299633223595,55.890080596628636,149.04021492434302,220.72328676016988,4000.25,6494
413,652,656,0.5,2,570.9505256193486,260.59164582835587,580.8308695319006,268.23116039517214,12.489330592425743,12.489330592425743,99.91464473940594,99.91464473940594,95553.0,106498
415,652,657,0.625,2,462.4073498524069,597.1498176373751,493.4062862809597,575.0187995839783,38.08826616927098,38.08826616927098,304.70612935416784,304.70612935416784,5947.5,7586
419,653,661,1.0,5,162.33654744165545,530.2732518940984,272.9633658008658,550.7025887059369,112.4973366033759,118.30209254553144,236.60418509106287,328.2354933558869,40514.8,58451
421,654,669,1.875,9,518.6955505931394,286.37077452289225,505.1955654032843,297.7952404849392,17.68524873006528,224.80954490890292,224.80954490890292,303.2975747480498,146321.77777777778,183677
422,654,655,0.125,2,417.11334005088946,597.4815338479302,434.14737624085683,601.9536376698014,17.61130607066702,17.61130607066702,140.89044856533616,140.89044856533616,20807.5,22884
423,654,656,0.25,3,343.234933121632,722.0112472334488,350.56297622492286,747.9730954447751,26.976244702916638,49.46921208802523,197.87684835210092,268.16802779704136,20798.666666666668,25424
425,654,666,1.5,8,768.6078081997128,385.5086019766363,793.7032703283539,372.19978464980267,28.406105648065996,121.79701087366197,139.19658385561368,214.90507277855806,25360.875,34792
426,655,663,1.0,5,396.72170305612406,283.76388113839283,391.0659669844951,235.31975057786983,48.7731599988859,90.56270468440147,181.12540936880293,242.778379547035,65183.4,87027
427,655,659,0.5,2,184.05181990606937,340.4662830305533,185.50284167475203,324.0081982400819,16.521925406669062,16.521925406669062,132.1754032533525,132.1754032533525,25467.5,27233
428,655,657,0.25,3,562.9531507413509,674.1138962844199,565.37870096083,680.7747555715864,7.088747443000619,54.96662123718769,219.86648494875075,244.54899022290033,22344.666666666668,34463
432,656,690,4.25,19,828.1654544978743,537.4896470787169,909.8594259954308,590.3954746654699,97.32898628714271,294.5740089390178,130.92178175067457,356.2519261452494,7872.315789473684,15192
433,656,660,0.5,2,722.094693558787,424.24775018898964,725.0915105306347,436.16180593544857,12.285179538471766,12.285179538471766,98.28143630777413,98.28143630777413,6395.5,11003
434,657,660,0.375,3,230.87740921614375,461.4865582390124,221.5932496742907,447.5350617038216,16.758277774581206,71.1482511154327,284.5930044617308,289.771471476242,29430.333333333332,33802
435,657,658,0.125,2,196.87716182828908,575.9215902949352,180.6534642928686,534.5465691535028,44.44210544264062,44.44210544264062,355.53684354112494,355.53684354112494,26604.5,34197
436,657,665,1.0,3,381.10633617230815,497.564296396265,344.8518792480411,497.6446634215838,36.25454600091269,55.21161003516992,220.84644014067968,235.59281979435417,22010.0,32972
438,657,679,2.75,13,168.53181720890413,669.1442101883562,155.64417013105975,705.0509419919673,38.14950636665605,165.14060391180675,110.0937359412045,282.3772587767604,8058.615384615385,17936
439,658,661,0.375,2,239.46477925935056,381.42747626972385,214.14798413435093,357.6245279103803,34.74939518896379,34.74939518896379,277.9951615117103,277.9951615117103,51701.0,53586
440,658,660,0.25,2,315.0500161082474,621.2344555412371,303.14078935834505,641.6254738998948,23.614049027722974,23.614049027722974,188.9123922217838,188.9123922217838,5448.5,5582
441,658,667,1.125,5,393.18968874281927,546.9858370387759,365.1925845081034,517.9845842820788,40.31017870200253,120.85915632458777,241.71831264917554,307.1246818832952,10400.2,15325
444,659,661,0.25,3,809.5734912497688,439.7230456468467,808.5517770127119,406.6825247175141,33.05631442347842,37.33543190473778,149.34172761895113,211.40461477627707,16903.666666666668,21165
445,659,682,2.875,13,783.062783705962,318.9310414549458,643.4912534916201,347.32064856843573,142.4295679921528,290.5530760808649,193.7020507205766,319.2660627179744,23225.615384615383,55641
446,659,663,0.5,3,150.2650465589341,570.581484212915,186.59916426251735,602.9451661818956,48.657743678546794,61.084644373673015,244.33857749469206,305.82301780344255,24020.333333333332,31038
447,660,672,1.5,9,750.0539742669287,651.0470932209794,784.5075952925216,598.1344816291258,63.14108383014607,201.8090902295794,201.8090902295794,323.0818601513915,19056.88888888889,26329
448,660,661,0.125,2,609.0532133152174,588.0782631340579,609.6086683301414,587.5963971346495,0.7353401355768648,0.7353401355768648,5.882721084614919,5.882721084614919,6697.0,6752
450,660,670,1.25,10,297.2738320377713,746.5531223914858,277.67237472789685,742.8260515216845,19.952648594593935,157.20721320804472,139.73974507381752,259.1045364284167,16714.9,24285
451,660,675,1.875,13,102.37111662701318,383.65207494509514,117.96570321507494,327.1848532979439,58.58104003345332,186.68246620492442,124.45497746994961,279.68734369449436,11392.0,21635
452,660,678,2.25,12,878.7265247219536,474.02919487427465,886.4223796253923,477.1688574627354,8.311658310118434,131.7459012476845,95.8152009074069,313.52999815497253,7000.666666666667,14002
457,661,695,4.25,27,140.07691853841146,583.4978271484375,129.67539700013378,634.9103603936279,52.45417261761986,471.38926576516224,145.0428510046653,321.6900311656651,20434.555555555555,43893
458,661,677,2.0,15,112.78146621309963,452.75414552583027,96.72357166815742,458.80806666081014,17.1611753188714,133.50942524053482,76.29110013744847,124.76173694657923,7878.466666666666,15317
459,662,666,0.5,4,268.21428189212327,488.14226684695103,207.7665134425216,470.7621919422126,62.89673850233393,107.2637337321384,286.03662328570243,359.6242830632487,59275.5,100024
460,663,666,0.375,2,642.8963647308782,370.8833358711048,650.7897859594949,361.6445139991029,12.151622454427951,12.151622454427951,97.21297963542361,97.21297963542361,93455.0,172728
462,663,679,2.0,7,540.8836567903458,666.0492776090985,557.2756759129213,698.8750877808989,36.69103574921207,158.34352380620967,211.12469840827956,265.3775313754548,18695.714285714286,39415
464,664,672,1.0,7,619.276295014035,533.0536282156055,633.9932982786776,475.3350343369721,59.565310915146874,122.9928015832426,163.99040211099012,233.28715779603223,27920.0,40863
466,664,683,2.375,9,341.00557291666667,162.43403769841268,321.29917648940057,277.704712627924,116.9430227027403,160.65729774076863,160.65729774076863,349.96435249343386,11923.333333333334,16832
469,664,665,0.125,2,247.2113349703222,317.0460623940079,251.6006523058252,275.4344565382281,41.84246465695481,41.84246465695481,334.7397172556385,334.7397172556385,9106.5,11289
470,664,669,0.625,2,493.1904705084405,545.857210443462,495.1823963567839,552.5092984453518,6.943921325172406,6.943921325172406,55.55137060137925,55.55137060137925,7546.5,7789
471,665,671,0.75,5,496.63952475823777,653.8524679888968,445.2282595798361,639.930612541217,53.26289746483971,85.9044462855857,171.8088925711714,335.54203692347716,16304.2,21940
473,665,672,0.875,5,856.0166015625,598.3272999730603,872.0773453742204,606.3483627858628,17.952296244008384,28.11160033081834,56.22320066163668,79.12786483073178,1711.8,1961
475,666,668,0.25,2,617.0290438672821,204.19928563321517,608.5725442475917,234.98245867421022,31.9235982979624,31.9235982979624,255.3887863836992,255.3887863836992,50266.0,55265
476,666,668,0.25,2,440.46448113726353,197.95528864661242,407.8610881306194,197.1285427741901,32.613873494009546,32.613873494009546,260.91098795207637,260.91098795207637,45224.0,54858
477,666,672,0.75,4,292.840304931887,445.3991312436932,273.6010452790038,417.4146092764817,33.96001445412532,76.53782702284315,204.10087206091507,224.0444953508142,58616.75,110851
480,666,669,0.375,2,286.9206663079363,671.5499002702614,296.2660288869599,648.0242603443287,25.313860544335295,25.313860544335295,202.51088435468236,202.51088435468236,10095.0,15117
481,666,687,2.625,11,233.84364511411584,603.3603624256808,191.78971886172116,650.2401825044689,62.97817275740373,273.12877804944003,218.503022439552,335.1007979645709,25743.636363636364,67960
482,666,673,0.875,7,726.6882390202703,710.6266293112142,671.5730084934628,729.443950574485,58.23899222641375,109.33573195819793,145.7809759442639,264.95109493056384,12479.142857142857,19185
483,666,678,1.5,5,780.1351328036523,517.8506069507362,782.0100598050798,548.0639420592144,30.271454699731276,68.99503451462708,137.99006902925416,300.10222972436395,8224.8,13861
484,666,673,0.875,5,754.3429425479123,224.9872705980493,767.3379616477273,181.91003639914774,44.99465110023156,48.218166770304585,96.43633354060917,310.5045150427739,3826.4,5719
489,667,673,0.75,3,691.0654332423297,311.5253713273531,643.876653175867,320.763371925867,48.0845257772096,51.93645137486671,207.74580549946683,237.3656361732576,11638.666666666666,16593
493,669,674,0.625,2,656.9619854506742,164.24578417021527,658.1888178661616,169.75783391955267,5.646929273052832,5.646929273052832,45.175434184422656,45.175434184422656,15054.5,16546
494,669,680,1.375,4,752.0681942058668,713.2778268697147,714.8623980272916,646.3294689539454,76.59212685974731,98.37403498121333,262.3307599499022,346.77105715765117,27379.75,65979
496,670,674,0.5,3,437.94700990858524,286.24413584719537,464.6506942398581,208.94209986304034,81.78442103579305,82.98998790622387,331.9599516248955,350.03169609311675,137000.33333333334,184026
497,670,675,0.625,4,340.7905902811177,572.6907749975952,384.80539567314474,528.0610390140025,62.68266449077608,66.97685624962516,178.6049499990004,280.40359789652655,19836.25,27746
498,670,674,0.5,3,808.9112680644535,421.425282770608,810.0311397429435,389.10897728704634,32.33570337387394,73.88852434910856,295.55409739643426,295.8653570869105,26831.333333333332,52854
499,670,673,0.375,4,183.91540494049096,424.0674125960823,183.68990180809496,437.0557069725008,12.990251824780932,56.35318193738219,150.27515183301918,202.57752572003147,9561.75,15787
500,670,674,0.5,3,335.76646205357144,702.8024088541667,373.250887620113,669.7679717734399,49.96354864592886,54.1527011381408,216.6108045525632,343.59133108170334,49960.666666666664,89012
501,670,705,4.375,19,753.5758921784737,238.10349009007297,774.8379376019161,221.9042960787811,26.72991698834849,379.3788126138537,168.6128056061572,301.8861072867594,18550.052631578947,37696
502,670,679,1.125,5,518.6485953873503,796.7833814792291,534.4368085005877,784.8612251217669,19.783970418517615,76.10361461101648,152.20722922203296,246.80110446880414,8448.6,11653
503,670,674,0.5,4,663.7384281015038,565.1586667561762,704.9899419284759,583.6447521437764,45.20423371736892,56.49854129252467,150.6627767800658,216.53339941647369,29212.0,98090
504,670,672,0.25,2,124.85376496010637,646.6529255319149,113.34313817771084,653.8659716992972,13.583908271789474,13.583908271789474,108.67126617431579,108.67126617431579,2262.0,2575
506,671,675,0.5,2,608.8441587427932,304.0360846608511,629.810778268505,298.640608618159,21.64971815205052,21.64971815205052,173.19774521640417,173.19774521640417,54824.5,90981
508,671,672,0.125,2,323.59658836638977,746.4997046398396,318.5594813380039,748.6408859918554,5.473308395991834,5.473308395991834,43.786467167934674,43.786467167934674,27845.5,28356
509,671,672,0.125,2,161.13376511762758,454.3423029531146,158.2526638380643,456.25375929805057,3.4575149951514423,3.4575149951514423,27.66011996121154,27.66011996121154,5815.0,5907
510,671,679,1.0,5,888.6548892568211,439.68411425285535,890.7646200856855,384.2664661038307,55.457791973169634,100.69640454136028,201.39280908272056,235.37699195074023,4640.0,6169
511,671,676,0.625,3,546.3342418211344,555.7689420944233,579.2890155310622,582.1766423471944,42.23012837907027,45.90227524020987,183.60910096083947,220.3336305031312,3918.0,6177
512,672,676,0.5,2,450.1015289713542,593.1335384114583,446.15212905298534,559.0230209774944,34.33839191528872,34.33839191528872,274.70713532230974,274.70713532230974,38336.5,46974
516,672,673,0.125,2,453.67543247767856,797.7581174266581,467.2814383452568,799.312058996472,13.694456180183607,13.694456180183607,109.55564944146886,109.55564944146886,8828.5,9985
521,673,684,1.375,9,614.7008242849577,180.86509368379237,577.6599986054521,225.45409208866897,57.96724545611607,241.66806227824674,241.66806227824674,345.97839830901466,32334.88888888889,46970
524,673,681,1.0,5,792.0956435044516,266.4683955889627,775.6017856307683,253.93855037104015,20.713386221049447,51.47132699781784,102.94265399563568,192.23079658794506,24343.8,39685
527,674,701,3.375,13,188.60268508528566,320.56103286837237,233.50745384231536,334.5807893142287,47.042447086896324,371.41882585415044,247.61255056943364,333.4966832267312,66571.69230769231,125249
528,674,702,3.5,10,720.2972080828096,269.3503625478273,697.6801244407159,248.64126792705338,30.665926897545887,220.6135113087817,196.1008989411393,314.3529220304273,20170.7,37857
530,674,683,1.125,8,844.3363081271332,286.6003466296928,886.9391068646122,361.7358303756925,86.37325615033585,131.71459134235363,150.53096153411843,275.58857615291726,10226.375,18946
531,674,683,1.125,6,867.9930714346206,375.21418212228997,856.8451233183856,404.0027326233184,30.871627542980818,88.74783655568348,141.99653848909355,177.68650505586135,4247.5,7371
532,675,676,0.125,2,418.20648566434903,203.66482178331296,411.4323768935908,205.21341377834634,6.948862266957452,6.948862266957452,55.590898135659614,55.590898135659614,52200.0,53167
534,675,676,0.125,2,485.12197921110635,373.83340888083046,465.93623522292705,394.3209783219012,28.068367853914356,28.068367853914356,224.54694283131485,224.54694283131485,29885.5,32244
535,675,684,1.125,4,596.7296943816643,519.2103728413306,577.2157084923664,486.5357526240458,38.058198218406424,76.8849823189894,205.02661951730508,322.25708045255806,17178.75,42218
536,675,689,1.75,8,766.81074818686,418.7747542484357,774.2223258567949,456.84508920616537,38.78507299659508,189.39749745193504,216.45428280221148,319.91233599658244,12128.5,34408
537,675,681,0.75,3,616.4678588928932,752.9182987164896,667.29521546895,730.08232484395,55.72164641516738,55.84430286834187,223.37721147336748,294.2815514204787,19701.666666666668,30572
538,675,685,1.25,6,842.7544441999217,656.497640356025,839.8059200546116,655.5221968186546,3.105685871120005,38.267052719464274,61.22728435114284,138.83517945921545,3417.0,5644
539,676,681,0.625,3,633.7074901717103,413.4279099906916,615.4963957796391,378.0285015302835,39.809070301926674,41.20219637220802,164.8087854888321,215.14295592798774,19815.0,49413
540,676,678,0.25,3,683.5192588682432,677.6386543798263,682.1770916431869,669.3561259356542,8.390571511436882,25.120140692429256,100.48056276971703,107.17442617909808,52833.0,57657
541,676,695,2.375,10,824.6137195010704,514.5311063235866,821.9827800515857,486.76797958341626,27.887507037697333,155.74914178387994,138.44368158567104,326.02270109707104,41112.3,60131
542,676,700,3.0,14,234.77856203589107,745.7057770509193,344.44299116528566,739.586799908793,109.83500761388362,326.6354936318472,201.00645761959828,359.69735507013775,42125.5,91455
545,677,700,2.875,13,362.0103689810105,178.15481280730756,335.16519342070245,91.69013812200639,90.53619949665837,254.3677997823969,169.5785331882646,353.24692033358457,13418.846153846154,33195
546,677,685,1.0,6,456.9617060280966,154.70049094033638,451.54503834487673,179.38949368798507,25.276216992735346,101.79269833361317,162.86831733378108,234.8329582871111,24332.333333333332,39846
547,677,681,0.5,3,131.9305415792856,607.6029059836287,129.25003560088228,635.8422547629435,28.366281599463203,28.872769435950396,115.49107774380158,132.5185052420381,26803.666666666668,31292
548,677,725,6.0,21,392.1073664798719,769.9119059191609,257.04937763566204,840.5988932706078,152.4378907341162,377.2842213541331,150.91368854165324,355.77558150415865,24822.190476190477,71667
549,677,692,1.875,10,537.1916864094464,354.5040106046931,377.4780910326087,356.2086178847254,159.72269166957898,287.00310942066164,255.11387504058814,353.5312375213339,23445.2,51836
551,677,679,0.25,2,270.42512704134816,162.76332576876302,266.23431998239437,158.7119147174715,5.828961769638229,5.828961769638229,46.631694157105834,46.631694157105834,5734.5,5836
552,678,687,1.125,3,521.5959016287039,207.21438075498475,512.5350919699367,208.8953619462025,9.21542019864731,77.61151876175042,310.44607504700167,340.7740280900754,42718.666666666664,98947
553,678,688,1.25,8,500.42252025976904,641.3409310771377,436.1004405647986,610.512331288731,71.32834290238263,208.16284755129308,237.9003972014778,323.4873012328814,27789.375,48289
554,678,680,0.25,3,639.5336161731944,433.7468214919438,655.2134381537658,444.0313574043634,18.751759818114557,49.31124317924228,197.24497271696913,256.7230727648049,20116.666666666668,37779
556,678,691,1.625,5,37.43970246010638,357.15594872007983,65.5398366911979,349.32953903745266,29.169680017540163,102.20367484038842,204.40734968077683,289.9218442414114,6275.2,13430
557,679,684,0.625,3,314.4057941902498,555.3889112080849,359.9270544897152,532.048764551311,51.15610994995021,51.1688731774221,204.6754927096884,295.3809334177937,30907.333333333332,49276
560,679,682,0.375,3,201.00787279833764,266.62892480333466,196.81727048632936,274.95447291404776,9.320724171501247,55.036458731044625,220.1458349241785,237.7439478520303,22499.333333333332,24912
561,679,685,0.75,4,874.450405704274,544.3836978687959,900.3332225989736,500.4113157787553,51.024411775904646,59.013019390108006,157.36805170695467,336.020563551409,20053.5,25056
562,679,687,1.0,4,631.0465229762275,625.5964569414232,623.379189948294,645.0784861382482,20.93651015301219,48.37287691847219,128.99433844925917,241.2196979905663,17323.25,21557
563,679,684,0.625,4,139.7453023603197,393.08522895892685,171.98537209084085,396.8377586570946,32.45771981154094,89.92420162224732,239.79787099265954,352.53113982214325,19720.0,49565
567,679,682,0.375,3,132.4391395192777,502.39690855295265,134.96813520476445,516.2772329195664,14.108834951888156,17.00190554042566,68.00762216170264,71.05957183445321,6825.0,8020
568,679,692,1.625,11,99.33496005213055,261.4235678263826,79.12911001664817,246.06652330743617,25.379424580027553,114.44822173552353,91.55857738841883,305.8733055531743,6116.818181818182,11442
569,679,698,2.375,18,59.19034580461294,514.0224764713679,43.02104255031604,477.23108600507317,40.18771927060279,344.81160386258836,162.26428417062982,331.38791359450477,6369.055555555556,14894
570,679,688,1.125,6,43.51808205629006,444.7901955629007,43.689672353316325,435.04185552569237,9.749850086594785,83.69522948900199,133.9123671824032,184.00994220243734,8820.333333333334,11289
572,680,686,0.75,4,263.949027169586,510.9802976960589,262.7372623088096,582.680720335843,71.71066155601605,74.79724062838267,199.45930834235378,256.7165320182728,25921.75,36491
573,680,699,2.375,9,560.3758476983281,435.8556204064744,519.2868858408282,422.39749317429334,43.236835859307035,222.4627014343603,222.4627014343603,326.0819207340896,9213.111111111111,19803
574,680,696,2.0,8,621.9160147261849,558.2804590427979,587.9540813222271,464.3454060223276,99.88597051885432,141.06145932455075,161.21309637091514,259.3754998382966,19864.375,31163
575,680,683,0.375,4,314.8228570958556,162.8900380156489,303.3195380148201,156.1654865813721,13.324636650668927,16.12910844907339,43.0109558641957,96.54240992948696,18160.0,20449
576,680,693,1.625,4,759.313561040225,365.4620830179498,699.7762729458042,375.30472262112886,60.34539110815445,99.68454338558826,265.82544902823537,310.75419762008556,40343.75,100732
577,680,686,0.75,4,752.7063237847223,416.76461805555556,718.9793048034282,412.8014528345131,33.95907077547686,90.99666052580984,242.6577614021596,321.86218633860284,13669.0,22950
581,680,689,1.125,5,718.5708153370596,289.23296705623306,745.3483239850427,234.23905363008674,61.166702406744875,96.34333555010062,192.68667110020124,253.15245598015605,45553.8,77100
583,681,685,0.5,2,312.8323369084533,502.0337472945975,318.44230446935114,535.3614079397881,33.796519053229645,33.796519053229645,270.37215242583716,270.37215242583716,45592.0,47025
584,681,692,1.375,6,470.83969364707224,510.3953910232322,361.42736635852094,543.9508817323151,114.442248839423,160.42832461584823,256.68531938535716,358.7947321443168,49645.166666666664,96736
585,681,686,0.625,3,683.4289794620838,579.4003143624127,731.050039556962,580.2712804094145,47.629024201793506,76.76302163179898,307.0520865271959,337.4950997635894,6989.666666666667,9524
586,681,699,2.25,11,628.9115813828386,498.579843804892,631.5089128521128,478.52501895050864,20.222317639214218,305.08427159500803,244.06741727600644,311.9730390490891,40053.0,83853
587,681,686,0.625,2,48.236429732658955,598.1124533357417,25.746741615853658,588.499247332317,24.458123420562217,24.458123420562217,195.66498736449773,195.66498736449773,1817.5,2031
588,682,722,5.0,24,788.6569846934536,639.8175667022042,829.8237620114664,667.9206132913437,49.84460635156222,545.0191628511757,189.57188273084373,349.7721557272007,15960.083333333334,28552
590,682,685,0.375,2,796.906106736723,304.5233854042629,769.3223888215496,294.79584284582313,29.248702163516896,29.248702163516896,233.98961730813517,233.98961730813517,39403.5,62370
591,682,686,0.5,4,627.2889286309768,756.178319951775,646.5677805459271,716.1911992835479,44.3919356470738,61.205821631572285,163.21552435085943,198.1749652250715,19797.0,26344
592,682,686,0.5,4,743.4117322586455,737.0448149315562,748.4239711634488,701.6269832188035,35.770733037941675,57.42272538899998,153.12726770399993,289.8006718038656,10695.0,20578
594,683,694,1.375,5,106.95775962872617,386.52746788559665,53.136667267298186,360.7202659817016,59.68853870791081,80.35071213213544,160.70142426427088,276.21751495107793,25908.2,43729
595,683,700,2.125,8,441.93204036656516,370.63365162037036,414.07025588036765,348.5829409993153,35.53185716577203,173.70244004957513,198.5170743423716,257.70897908356267,30669.375,151508
596,683,700,2.125,10,869.8898273443157,309.5704737282766,820.5100470854377,243.44948486602132,82.52483181768726,238.70035000300948,212.178088891564,333.7459149095236,14744.4,35399
598,684,692,1.0,4,266.75772613732994,276.6048869882774,265.09173825039494,238.89497129055778,37.74669863138414,51.02781475248099,136.07417267328265,193.52000057211964,64850.75,67467
599,684,701,2.125,9,600.2518712184436,122.92396300594616,645.3780883717967,113.86645152336925,46.02623152973303,166.54939882462062,166.54939882462062,321.0227767613903,10492.444444444445,18762
600,684,693,1.125,5,770.1541456967852,541.984979712859,780.0698820354437,507.5425567867856,35.841349362939646,138.08496667361564,276.1699333472313,353.9794728350728,33620.6,72618
602,684,685,0.125,2,523.0864138719513,407.2403534679878,487.05225366400197,381.3038793756056,44.397763347233756,44.397763347233756,355.18210677787005,355.18210677787005,18405.5,32318
603,684,689,0.625,3,389.3426170694864,195.01808361656595,390.0508429926238,213.3003696325079,18.295998631583654,50.980625602922586,203.92250241169035,254.98087866851728,7036.666666666667,9794
605,685,713,3.5,11,196.1884113304273,439.30419761992465,137.13395166138636,420.0215856172227,62.12284871485795,212.16403632900895,169.73122906320717,359.3272544886687,31706.18181818182,107516
606,685,697,1.5,8,601.7528866741436,180.62045605992193,540.1302654136398,143.86026349574146,71.7541581260008,177.33144705993024,202.66451092563457,352.2022454133196,38360.875,60436
607,685,702,2.125,12,680.9963827221789,678.5789254224591,790.651814312205,757.637532661834,135.18349402136587,254.4508390778071,185.05515569295062,330.47069723039846,22940.666666666668,55191
609,685,693,1.0,7,570.1834487159654,793.2589515006189,576.9259769118962,831.6499259279964,38.978565955618166,152.68073063979313,203.57430751972416,296.62674615210136,11839.42857142857,19502
610,686,695,1.125,5,466.57726708528037,244.06083322685456,436.2898227570944,244.10536084254144,30.28747705969456,99.06321065035587,198.12642130071174,286.04618264999107,20182.2,59289
611,686,687,0.125,2,181.27722277942004,744.4575965125281,179.8445754211879,749.8479484937179,5.5774880487695135,5.5774880487695135,44.61990439015611,44.61990439015611,6903.0,6952
612,686,689,0.375,2,527.9766640035624,346.2361987898156,497.59835060420994,338.9264613922817,31.24538663243237,31.24538663243237,249.96309305945897,249.96309305945897,6100.5,7531
614,686,688,0.25,3,491.96328124999997,64.23550606343284,492.52789739173227,62.74998974737533,1.5891979463797876,7.674093584865206,30.696374339460824,32.25537190479969,1347.3333333333333,1491
615,687,712,3.125,12,659.6299406060318,767.1744386617981,563.124012557522,784.7893984953463,98.10036166315433,293.7034343227141,213.6024976892466,330.5219641995015,18018.416666666668,56568
616,687,690,0.375,3,467.73167067307696,327.77199879807694,462.34878271548877,290.48084544253635,37.677653872692154,47.387405595920924,189.5496223836837,262.8622460147879,26342.0,36671
619,688,705,2.125,6,443.5906744418664,470.4903536977492,479.2598962037696,534.5616424401376,73.3309172328448,127.75538219643688,204.40861151429903,298.3081988639032,17485.166666666668,26783
620,688,690,0.25,2,567.1984646149674,610.9540161221078,549.453962403364,588.1039326943168,28.93084290847064,28.93084290847064,231.44674326776513,231.44674326776513,10097.0,10827
621,688,695,0.875,4,382.4890367958624,174.31193918245265,368.4818875816104,127.71486500272036,48.65683457872895,49.83485915912674,132.8929577576713,354.0438391003387,7750.5,17987
622,689,713,3.0,14,458.0861141564473,553.0901901906757,504.3366822759789,568.7282414815512,48.82277849073611,272.4925843772162,167.68774423213304,350.03587874540017,17801.14285714286,41055
623,689,692,0.375,2,828.2656609665553,580.8702132746208,837.9406339397356,553.826133096677,28.722593453635426,28.722593453635426,229.7807476290834,229.7807476290834,47510.5,51656
624,689,691,0.25,3,562.123782347318,662.9379358977811,599.8743250837447,701.6184881403638,54.04894632354958,65.27760613946016,261.11042455784064,312.722518715025,24400.0,38855
625,689,692,0.375,2,364.89730603448277,461.0375942887931,362.53521795715653,449.65297578087603,11.627080401195087,11.627080401195087,93.0166432095607,93.0166432095607,8061.5,8177
627,689,709,2.5,8,110.98691702819956,514.3988166858732,133.3160037503052,526.8721667645892,25.576797610911363,188.9416575803471,215.93332294896814,302.65888819262693,13038.25,32063
629,689,693,0.5,5,882.7905155908096,339.7883762503908,864.1959581877056,330.0868491724918,20.973249454019676,87.98840180249687,175.97680360499373,260.50388727146697,11977.8,23800
631,690,697,0.875,4,690.582044144574,243.03489594078812,663.2372321041107,255.0480831821051,29.867296717701194,68.31038192346,182.16101846256,349.5806018915767,22703.75,24892
632,690,694,0.5,3,489.31412428736047,427.6832819702208,475.485967910102,437.02928420412417,16.690286592807265,23.897078748236247,95.58831499294499,155.2136445368179,12272.666666666666,16135
634,690,700,1.25,8,284.62276270848116,125.04505772045778,255.09097852653633,138.30948068385874,32.373927681406926,170.06246443973487,194.35710221683985,300.5018233769195,14070.75,25244
635,690,692,0.25,3,716.8680499188312,155.8932557397959,716.3841625127811,154.13214148773008,1.8263817866380487,2.500451479873849,10.001805919495396,10.808066603269532,2018.0,2109
636,690,702,1.5,9,905.0923849126344,261.966313844086,886.8574905960648,255.21918402777777,19.4431255587824,163.83941996289485,163.83941996289485,282.03254587606375,8520.555555555555,17384
638,692,701,1.125,7,211.1330697202166,716.705454083935,225.02837680785123,727.3471351092089,17.502140843432365,151.78317216775204,202.37756289033607,333.7005569012594,20274.14285714286,27409
639,692,694,0.25,2,547.8698179564198,669.1147070062563,529.544208873402,665.0526992335464,18.770398381737618,18.770398381737618,150.16318705390094,150.16318705390094,30299.5,33069
640,692,693,0.125,2,291.1814910878469,616.0308033475426,305.9181757245159,646.7780991544513,34.09642317777896,34.09642317777896,272.7713854222317,272.7713854222317,13131.0,14554
641,692,693,0.125,2,360.0892225445554,674.9654328241285,383.84277705439814,658.3210684317129,29.004589600261227,29.004589600261227,232.0367168020898,232.0367168020898,7110.0,9993
643,692,713,2.625,8,25.587369791666667,553.282970610119,20.396356368921776,456.9822525766385,96.44052526878443,217.2639779664341,248.30168910449612,321.1068513813822,12745.625,34001
644,693,699,0.75,3,476.0435498008296,199.2184948643666,426.21714549731183,172.85177442265396,56.37263975253459,62.06551334151449,248.26205336605796,333.330887620172,55835.0,74317
646,693,704,1.375,6,689.0379107096012,607.5881959929171,704.6166604218862,678.3324926181102,72.43930526717749,104.24375905946268,166.79001449514027,297.2933987191493,12164.0,23839
647,693,694,0.125,2,681.3266481291008,744.1720027293751,687.9311299276447,725.534316040538,19.773278558159088,19.773278558159088,158.1862284652727,158.1862284652727,38788.5,41184
648,693,696,0.375,2,501.6430985866956,615.0553792528866,475.2503533639633,612.6706232139338,26.500265314848825,26.500265314848825,212.0021225187906,212.0021225187906,25017.5,30173
652,693,702,1.125,4,541.5463556463069,737.187393465909,553.6779119318181,753.7780829661409,20.552995791407902,68.05832322305844,181.48886192815584,299.61569510897897,14856.0,42155
653,694,702,1.0,3,269.37136815044977,429.8497691066401,314.5129348487244,441.39414141969536,46.594351332293634,53.7401146586333,214.9604586345332,237.59984996765587,44286.0,71193
654,694,714,2.5,12,357.550810030961,605.97966778198,289.61302406369276,617.7555656607825,68.95081241715961,203.29371187482636,147.84997227260098,344.9114984648604,15950.166666666666,40942
655,694,721,3.375,20,150.21514204545454,248.9578889339827,196.19662432147166,173.97968231679735,87.95469390447,398.8879052388343,167.95280220582498,358.00456339058746,17986.6,39070
656,694,713,2.375,10,358.83858871961235,798.4112136580158,327.5047148225737,811.3085495896966,33.8844053737135,194.4225999512723,172.82008884557538,304.1742474088006,32984.1,66840
658,694,706,1.5,10,506.659385559936,825.1250815152953,427.7278945593525,893.3175303507194,104.30910962014362,172.496282510296,153.3300288980409,357.06325276195946,6542.7,16507
660,694,701,0.875,3,540.6700173045604,88.18215412691949,543.7038028538584,90.78705236655338,3.9986684781283657,49.808656374893665,199.23462549957466,215.11309197705174,11227.666666666666,15481
661,694,699,0.625,5,250.5985450857601,626.6650168898075,260.9283230251736,619.0816134982639,12.814535468617995,105.74376884355956,211.48753768711913,284.94813001943663,6597.6,9911
662,694,703,1.125,7,604.31513671875,95.05345982142858,612.9855769230769,158.32480389676113,63.86266134789505,113.24798214102154,150.99730952136204,256.96298080800653,27486.428571428572,39834
663,694,709,1.875,7,410.9666594579008,701.2725724480969,475.2900561490578,701.46451178259,64.32368306149824,187.33802140135845,249.78402853514459,359.0082959092943,10294.285714285714,20743
664,694,727,4.125,18,42.600114889705885,709.4534696691176,90.36173794896031,784.2172744994845,88.71752448060921,414.25767668350204,194.94478902753036,330.35666364821094,16034.111111111111,33140
666,695,698,0.375,3,109.40362049189075,313.62398500853607,105.20421233267929,299.59801743428125,14.641133674743205,29.432108360276608,117.72843344110643,142.35890827586599,40708.0,45858
667,695,701,0.75,4,244.44217132870932,497.4674474636893,229.38138699209102,504.9224970231095,16.804909662581878,121.70877853927801,324.55674277140804,350.56639350067724,17588.5,33285
668,695,697,0.25,3,459.2692616266835,78.67009943181819,456.69197246539085,77.2629148004886,2.936424357542128,3.9037845236250472,15.615138094500189,17.972108889917866,2409.6666666666665,2501
669,696,699,0.375,2,701.8707654986144,420.66538369719893,718.1446755274987,410.57571721104,19.147885455844463,19.147885455844463,153.1830836467557,153.1830836467557,25148.5,26133
671,696,701,0.625,6,850.6899859095535,450.804404686998,836.2708743688409,490.59908931664063,42.326442118328664,126.89837517200971,203.03740027521553,267.8129668943947,34751.666666666664,40120
672,696,699,0.375,2,311.6332293645312,191.14740579401226,289.56844176750946,202.65604401872633,24.885811328727744,24.885811328727744,199.08649062982195,199.08649062982195,29906.5,45338
673,696,704,1.0,4,302.5617793763786,383.9504069956888,285.6187079845573,344.12919217975866,43.275822552607906,69.54423884144285,185.45130357718094,281.3890070613469,38424.5,51307
674,696,698,0.25,2,73.20627826769632,649.1418408812608,74.26554850769294,648.8561205415913,1.0971278657674173,1.0971278657674173,8.777022926139338,8.777022926139338,24281.5,24775
675,696,709,1.625,6,185.3687088252909,651.8315753871492,228.39787309885932,619.1013941698353,54.062683438763415,112.06514838105352,179.30423740968564,332.9494404186477,9236.0,17834
677,696,698,0.25,3,834.8526468648539,615.2749032496522,823.9294087884193,561.994558692371,54.388530465688014,54.40364325777072,217.61457303108287,238.39808047439726,8105.333333333333,16879
678,696,714,2.25,9,582.6267899556375,642.864450425958,587.430300245098,709.9376728816527,67.24500636993099,203.98242251830956,203.98242251830956,314.5428552776154,22769.0,32114
679,696,709,1.625,10,322.1752172009698,511.2889037484606,363.3712828426458,522.2306764568078,42.624385207934786,243.8046616134226,216.71525476748675,332.8610737114596,36380.4,67361
680,696,700,0.5,2,739.7095588235294,584.4100349775327,741.8606114203326,579.697299155043,5.180434943785335,5.180434943785335,41.44347955028268,41.44347955028268,3021.5,3648
682,696,721,3.125,12,906.2337085980035,588.8734828720509,867.4565045646067,644.0094320575843,67.4065608471268,150.49794491120102,109.45305084450983,235.1660453098795,7708.916666666667,20152
684,697,707,1.25,4,627.3687500000001,702.529252065565,654.911631298707,729.6321993130409,38.64168810668246,93.97750180925256,250.60667149134017,285.7863093766636,54367.5,86033
686,697,700,0.375,3,528.6142185830662,809.0320295806624,530.3677025598016,837.1275114862894,28.15014759403729,65.4474038957341,261.7896155829364,335.5378973392106,9847.333333333334,18320
687,697,702,0.625,4,152.8647154539386,682.9789391808125,133.81873035775786,665.0179272456733,26.179142423275707,86.33001009129111,230.21336024344296,321.40307109422383,33275.0,45463
689,697,702,0.625,3,463.64744989398224,687.3054447697899,456.284310672038,717.3141576820976,30.89884576897716,39.56983281976971,158.27933127907883,211.827072522995,10879.333333333334,21013
691,697,702,0.625,2,755.2033478605388,638.8010226822504,770.3244569359756,629.1594416920732,17.93343312535011,17.93343312535011,143.46746500280088,143.46746500280088,3642.0,4814
697,698,701,0.375,2,505.5497463359639,180.87071281355693,480.1285188918758,202.4153532492746,33.32282005275693,33.32282005275693,266.58256042205545,266.58256042205545,18411.5,22935
699,698,704,0.75,4,221.06198391879562,554.1073192290146,211.77451650943394,558.2189829009434,10.15691040774774,40.44019647159667,107.8405239242578,161.11210265828947,4773.25,5664
700,698,709,1.375,11,491.27808159722224,834.936418030754,465.02068384844034,858.3474025584889,35.17847542312739,159.73706050474618,127.78964840379695,339.90412181320164,7605.818181818182,15309
703,699,721,2.75,14,800.2010844094127,693.7801410100943,798.2873513550885,707.5328142284292,13.885186165605331,266.3873528431635,163.930678672716,284.2613676451029,23595.0,51515
704,699,703,0.5,2,257.17025862068965,769.6377410912919,245.19335587407886,752.0242849822412,21.299766090434645,21.299766090434645,170.39812872347716,170.39812872347716,41799.0,58964
705,699,705,0.75,4,322.68359375,656.7822052597588,265.24287950901805,684.6783379258517,63.85632208511855,95.42388994948983,254.4637065319729,315.383769474625,8440.25,13364
706,699,707,1.0,3,650.8891582160595,822.3282388245033,647.2261067708333,873.8704861111111,51.672247882632334,51.93641971613992,207.7456788645597,328.0925239660959,3037.0,5910
708,700,701,0.125,2,679.7463689435992,370.8735769171464,659.8449478166451,376.1674703284802,20.593490969792835,20.593490969792835,164.74792775834268,164.74792775834268,50965.0,87650
709,700,702,0.25,2,717.0714879567241,461.5110642713254,677.9417917178214,443.63234307164333,43.02071360966435,43.02071360966435,344.1657088773148,344.1657088773148,62045.0,110002
710,700,705,0.625,4,703.5685806922804,696.6368958038244,707.797363031745,712.4919789138349,16.409334553841926,58.701851613103244,156.53827096827533,265.9953273205243,17759.75,20993
711,700,707,0.875,4,657.7566864690373,535.3144943212548,663.7915337870419,479.5002191828862,56.13958221587628,79.21503248981244,211.24008663949985,291.4777312067336,31101.5,66973
712,700,705,0.625,3,609.6129938336121,535.8447559573578,619.3243970714901,552.6992969759367,19.452169693780302,28.190390113063494,112.76156045225397,163.2952728165092,11136.666666666666,18179
713,700,713,1.625,8,579.3594857034412,843.5389320280871,592.622405093705,810.4413015076885,35.65610995071461,124.25781085227989,142.00892668831986,327.4442372892035,11590.375,40730
714,700,703,0.375,2,487.099097842262,882.9408814306973,507.4654150197629,892.0167366600791,22.297040689725268,22.297040689725268,178.37632551780214,178.37632551780214,1645.5,2301
715,701,704,0.375,4,334.73800128405804,196.92501238830857,370.9206959152528,166.48892161885246,47.281529291054675,103.90434585408549,277.07825561089464,324.95608788445634,74195.5,87607
717,701,725,3.0,16,68.8295565569239,345.55372776708094,91.03337434432655,242.2585077399614,105.65468283416128,316.24608025695915,168.6645761370449,320.8385289726268,18507.375,37238
719,701,707,0.75,7,123.16927456958393,792.4774087607603,110.90117897727272,806.7473011363636,18.818501477891004,112.7232671596469,150.29768954619587,349.26208986008874,3791.0,10534
722,702,762,7.5,35,883.9188829787234,512.883012646548,835.6020238681102,580.8243299177448,83.36990744183582,822.8792356148667,193.6186436740863,351.35120496430727,17413.97142857143,64018
723,702,703,0.125,2,884.1183628318583,315.2632619903603,886.9626265460861,293.39733353100644,22.050139760683027,22.050139760683027,176.40111808546422,176.40111808546422,8871.5,11551
726,703,704,0.125,2,798.8874107923823,462.71881435869915,803.8986878435937,444.2182299663216,19.167277337782814,19.167277337782814,153.3382187022625,153.3382187022625,70287.0,79038
729,703,725,2.75,14,75.47958796013312,408.4859445038712,38.76723049226139,383.64114560941533,44.329011075758885,280.7377370286763,172.76168432533925,311.28016236364243,7906.142857142857,14409
730,703,710,0.875,6,57.29673952312139,540.8503905174787,28.781210937500003,570.4184375,41.07803272891702,46.487639178708214,74.38022268593315,268.93093650601804,7051.666666666667,14221
731,703,705,0.25,2,404.7500440651957,775.7338280731586,406.9811828337104,785.4887514140272,10.006823151759594,10.006823151759594,80.05458521407675,80.05458521407675,5112.0,5899
733,703,704,0.125,2,504.7468787986224,64.36821945907617,504.4039216786355,63.52614452423698,0.9092358231141736,0.9092358231141736,7.273886584913389,7.273886584913389,2297.5,2415
735,704,705,0.125,2,599.7335455962141,216.91220411465068,589.1972332385293,231.91068400226118,18.329437444661462,18.329437444661462,146.6354995572917,146.6354995572917,70318.0,83097
736,704,724,2.5,9,528.1835107151109,473.18925972075516,565.3569571698662,550.2492046611402,85.55758432505989,215.31095965060388,215.31095965060388,334.86043823278453,13744.222222222223,29648
737,704,714,1.25,4,382.49947111175953,692.8458627033484,402.7650392522671,715.5075965872287,30.401438036404855,56.47097286004524,150.58926096012064,190.3910989032735,23129.5,36260
738,704,728,3.0,19,695.0951872794859,782.8112537014869,580.9423146521773,757.3716079683641,116.95321245734698,394.06753995089133,175.1411288670628,330.1898896198855,30800.315789473683,50701
739,705,711,0.75,5,351.2846095698081,211.1218555887657,381.51066338124446,228.24173255985812,34.73765272031471,96.56671508814692,193.13343017629384,299.35983031086334,93514.6,106819
740,705,707,0.25,3,130.97903816772296,578.4415568531198,165.9105516143838,568.3265953015245,36.36651040262863,46.667810109448205,186.67124043779282,332.0659454603509,42364.0,51883
742,705,711,0.75,4,852.7514006678138,364.7016833620125,844.4867527173913,397.3309068863511,33.65962913559321,83.72581366281449,223.26883643417196,312.6606705956145,46773.25,84945
743,705,709,0.5,4,198.40440695816386,384.3008482078007,174.89369253094276,388.2514751305741,23.840326045616166,63.20468058858451,168.54581490289203,299.12501965407597,16381.0,22297
744,705,713,1.0,8,201.86091694078948,280.3350009137427,178.49796336206896,288.7753286637931,24.840827934062926,128.83423975009117,147.23913114296133,228.83854859575877,7134.875,12816
745,705,711,0.75,6,92.3657523308011,197.74387625172653,88.67195768521488,194.54419900577295,4.8869267809160535,35.03583857877967,56.05734172604747,101.44994527989762,4785.666666666667,6102
746,705,706,0.125,2,117.29278629246284,736.7914344479831,106.03282620614034,737.0725490929027,11.263468674842752,11.263468674842752,90.10774939874202,90.10774939874202,2148.5,2454
748,706,711,0.625,2,296.8364893444896,777.9578607240115,276.0943112715315,743.3492754434211,40.348384432765144,40.348384432765144,322.78707546212115,322.78707546212115,52060.5,58216
749,706,732,3.25,16,568.0003042420028,150.67221067516888,625.9227694746377,125.31700634057971,63.2289361406197,452.46781699175995,241.31616906227197,336.0684330739775,21871.25,39403
751,706,714,1.0,3,573.6486444367234,319.0195159213538,555.3635107359514,359.13716133004925,44.088225044709304,47.68412345998808,190.73649383995232,277.0653852709375,17357.666666666668,21455
752,706,709,0.375,3,74.06724612749937,273.6951582171069,63.077391098484846,276.6190543831169,11.372162606486246,46.30708882559843,185.2283553023937,226.69696407587267,11565.333333333334,15857
754,706,709,0.375,4,702.8385789756446,109.46244851361033,704.9850273676171,96.10882605651732,13.525031365064562,16.315972545230778,43.50926012061541,111.8509157205063,2714.5,3159
755,707,708,0.125,2,776.312466139677,274.0427790002674,771.2562066166593,258.61446154676605,16.235724184960812,16.235724184960812,129.8857934796865,129.8857934796865,65366.5,69545
756,707,719,1.5,6,203.00748911992264,732.5498458655705,163.59607801182662,781.2674158803474,62.66307488207098,110.98456927613123,177.57531084180997,291.3001541794114,25879.666666666668,35935
757,707,715,1.0,5,488.5453234156687,673.9748315868263,524.7547300932569,637.8074812813845,51.17810430310513,79.02696883349468,158.05393766698936,263.9956913781849,15032.6,21631
760,707,713,0.75,3,859.238077388468,440.0273700547138,862.7098740848699,438.90798705260306,3.647792566273632,58.38878962959819,233.55515851839277,247.86532329238278,11358.333333333334,25816
763,707,757,6.25,25,30.420479518284107,277.4158150931786,62.068810876623374,254.63661873840445,38.993700316033056,536.9369417156461,178.97898057188203,348.1928696293456,16607.36,51981
764,707,711,0.5,4,172.4124969302554,847.4545601055992,164.1524481486637,850.8328403396437,8.924190899684428,14.00713723734934,37.352365966264905,62.78838923681858,1795.25,1992
767,708,725,2.125,11,155.2449313742606,467.14777287267907,71.45063126445643,479.7098336907286,84.73069162286062,279.19587604667936,223.35670083734348,326.14546027659117,21413.454545454544,47647
768,708,713,0.625,5,140.64247782828548,688.4150125213966,125.34304403279437,669.9915818758965,23.94776547430198,55.07684534895444,110.15369069790889,203.21880081456553,56363.4,60072
770,708,712,0.5,3,699.7844346134538,786.4977529603709,746.5204567891859,789.3951213801134,46.82574625748371,57.06101722573148,228.24406890292593,347.71402969006795,10895.0,16570
773,709,711,0.25,2,679.2182865466101,294.43070877735266,660.6946085057201,281.58042002135244,22.544546331100474,22.544546331100474,180.3563706488038,180.3563706488038,27963.0,30948
774,709,711,0.25,2,606.7356509528947,476.08462138497913,568.7327269988658,470.5967048837539,38.39712823350367,38.39712823350367,307.1770258680294,307.1770258680294,42501.5,71197
776,709,718,1.125,5,245.08506944444443,71.13264556623932,232.30359385828135,102.84976502945253,34.19563985661653,40.183698450324215,80.36739690064843,222.47172057849852,4303.2,5648
778,710,712,0.25,2,775.4033610359318,329.88256043899787,785.9526297132523,313.2112485981286,19.728651959062127,19.728651959062127,157.829215672497,157.829215672497,104482.5,109924
779,710,716,0.75,4,327.3825133184064,485.41363892749297,290.5111985257839,458.93738807470214,45.392573332612095,88.08802253147704,234.9013934172721,323.5116830080733,50731.75,57038
781,710,719,1.125,4,477.5707201086957,766.9655365769497,494.6173455858355,721.2586889839671,48.78220328199633,82.1113109059214,218.96349574912372,353.572794196065,49588.75,85082
782,710,716,0.75,5,681.7552721501606,585.8559975494339,672.6442537797459,598.4632285516193,15.554836202560878,108.69210983487577,217.38421966975153,358.0598949090021,34918.0,68480
784,710,720,1.25,5,149.99815340909092,336.68582589285717,65.11183182764968,331.66710666537494,85.0345525907684,97.8388286129204,195.6776572258408,352.99490086329286,19130.6,66973
785,710,723,1.625,8,375.72629261363636,911.2600426136364,397.5543327570459,835.7495316694005,78.60216663401756,117.34896735117444,134.11310554419936,295.23361682288464,16227.125,28666
786,711,713,0.25,2,853.2518267091424,240.14179976450532,844.0208965253496,266.6430752840909,28.062923515254845,28.062923515254845,224.50338812203876,224.50338812203876,22461.0,27988
787,711,718,0.875,3,539.9336394720102,118.2382951653944,516.296469167479,141.54876574952698,33.1977990062462,34.99423228791008,139.97692915164032,272.09389912572,33153.0,68273
788,711,713,0.25,2,761.3169272964402,179.59744740521003,748.2978889351082,164.2864740406614,20.09779254604228,20.09779254604228,160.78234036833825,160.78234036833825,16585.5,18821
789,711,720,1.125,8,720.6522694068059,390.25572280978486,829.460116179889,413.0958607106703,111.179222063865,171.26555017579932,195.73205734377066,347.63119649451534,33385.75,50243
790,711,721,1.25,4,736.0136256322643,703.4799256080499,740.0318519638092,712.5493766677785,9.919732122206325,76.64432022048919,204.3848539213045,272.1333104989442,9219.25,17024
791,711,715,0.5,5,200.02651529947917,157.88570963541667,189.757708153813,143.6361078199052,17.56415531972752,55.47910356800401,110.95820713600801,233.70207299855718,8384.2,9500
793,711,716,0.625,3,806.9236822289156,529.4763318900602,798.792598551997,558.7741917784313,30.40524816211293,54.748701690764946,218.99480676305978,313.8293724330656,10002.333333333334,23130
794,712,713,0.125,2,371.38343447042655,328.79902983037084,382.1505300551707,351.942854679882,25.52580999686133,25.52580999686133,204.20647997489064,204.20647997489064,129089.0,181904
795,712,715,0.375,3,830.3650589247882,562.3988612288135,842.4539620535714,553.6892378826531,14.899634817306413,56.872905977995636,227.49162391198254,275.8654239811531,7639.666666666667,12546
796,712,725,1.625,10,798.8870564661383,779.3481515670029,723.9375905062558,739.8375620050131,84.7260829686326,232.0097320955762,206.23087297384552,327.4697764705638,19083.7,46461
798,713,716,0.375,2,331.7020218431381,608.3762864895209,355.10846628867796,594.0182306317394,27.459341026275915,27.459341026275915,219.67472821020732,219.67472821020732,32967.5,41748
799,713,724,1.375,6,645.1685512790851,227.48314590494448,678.0122702531926,244.5760093537792,37.02534074023703,154.7459055462288,247.5934488739661,341.454590660696,64593.166666666664,188782
801,713,720,0.875,4,471.58522081275987,146.59512043594074,483.12686248138135,129.11771298800565,20.94443275689262,63.828504499066185,170.20934533084315,298.67332671727286,15938.25,24966
803,713,718,0.625,5,747.2674375449857,616.8606552153311,704.1012390288113,616.8312792167525,43.166208511833304,130.5564944336,261.1129888672,322.52074470414647,36923.0,63313
805,713,735,2.75,13,448.9331093572241,75.02581058020478,318.7273602552817,62.88272997359155,130.77075936850974,272.31575092334816,181.54383394889877,352.9450153140577,9074.923076923076,21232
806,713,723,1.25,5,903.4822048611112,492.2966083829365,881.7776056819756,447.9240992570657,49.39644918060833,72.84538047523162,145.69076095046324,312.0602976915389,4937.2,14127
807,713,757,5.5,23,907.2044270833334,401.53990342881946,878.3682279131568,282.90481943190935,122.0893506311505,482.99544676089465,175.6347079130526,329.8882708229985,16217.304347826086,40507
809,714,724,1.25,5,376.05081351902174,297.5176477581522,374.6293001611966,319.543285262619,22.071461385795256,94.23592548285504,188.47185096571008,217.83210464784057,37141.4,63024
810,714,741,3.375,22,300.4254213630636,120.21780433964575,215.43489179249227,195.206523969026,113.34327588498562,543.0909401361993,206.8917867185521,347.8596274478441,23363.454545454544,49608
811,714,726,1.5,7,104.00537273463755,580.5132146143383,122.60885675203068,651.6481149170803,73.5272987309234,131.8415697501993,175.7887596669324,263.11063125299074,25574.85714285714,39740
812,714,730,2.0,11,809.1012605613184,226.55135212324328,729.6711657350949,253.9932385428765,84.03687937073175,249.77071814564056,199.81657451651245,324.7513703526068,68641.27272727272,118712
816,714,716,0.25,3,418.6592355850168,891.023709315376,463.1085233046933,880.9977249630451,45.565991057144416,50.09494420538972,200.3797768215589,269.5378219977001,8563.0,10592
817,714,721,0.875,3,764.3868057041952,838.4206308861301,788.1683276280919,846.578539090106,25.141842638941068,42.574266665673676,170.2970666626947,268.3266023631409,2764.3333333333335,4900
818,715,717,0.25,3,244.40275598452783,815.2316518573931,281.6713468385381,775.9999356554564,54.11169393387091,66.11647745108557,264.4659098043423,313.1047737862177,16057.0,26818
819,715,719,0.5,2,336.06954355314963,730.3890742905184,305.35399295572165,738.8635822491375,31.86318147398118,31.86318147398118,254.90545179184943,254.90545179184943,6386.0,6807
821,715,736,2.625,11,503.64289410828025,884.7403811703822,510.4900216935118,920.5535035730489,36.461800454679,38.18797205545322,30.550377644362577,62.578460485656684,3563.909090909091,4313
823,716,721,0.625,4,450.27883847247386,718.2808602661198,459.28308707069027,759.452541732661,42.14479621021805,89.37472995231414,238.33261320617103,292.75287506887065,70742.0,88558
825,716,724,1.0,7,21.452771548361934,771.9888175214509,44.36142688679246,784.1435288915094,25.933443618317085,59.38463058892713,79.17950745190284,247.99833933992753,3586.285714285714,6165
826,717,722,0.625,2,235.98078707544582,447.3634494304409,224.9672788430458,443.1155680729359,11.804315296220341,11.804315296220341,94.43452236976273,94.43452236976273,55106.5,67827
827,717,723,0.75,3,422.8961293674099,454.7222934656828,406.02199488827995,468.93589929384484,22.06270620431964,48.10191918785808,192.40767675143232,280.46958037784975,24135.333333333332,39325
831,717,721,0.5,3,219.58859034767872,711.6370766356821,208.7958015135642,719.2476186865903,13.206234933789002,71.31128723003127,285.2451489201251,324.9915046110991,13087.0,20860
832,717,748,3.875,20,197.58504878845037,846.1009413087637,198.5654091466132,763.5353066510695,82.57145470960101,444.2483946573823,187.05195564521358,346.168183279852,25765.0,55347
833,717,726,1.125,7,903.2432317450496,350.77849849717114,888.7192391831363,293.90183580762834,58.70179825728119,73.81978047539796,98.42637396719728,212.9121727770891,5095.714285714285,10596
834,717,720,0.375,2,33.06481649709302,196.48229209925248,38.602751854328794,206.90837031857978,11.805584909544017,11.805584909544017,94.44467927635213,94.44467927635213,3190.0,4024
835,718,722,0.5,3,673.3490366180982,163.16797114647238,634.4612166706598,161.0583937311747,38.94499784485193,52.103761643801036,208.41504657520414,269.54734471315584,19008.333333333332,36350
836,718,733,1.875,6,65.6784504019578,585.2753997387908,59.114016649726004,576.6032052379795,10.876522787515414,99.8412250129066,159.74596002065056,323.9281039769345,10473.333333333334,22144
837,718,730,1.5,5,82.45800944282136,745.5166125089435,40.63778409090909,763.4843434009052,45.51670684364899,121.05586129219596,242.1117225843919,311.82784514766547,22098.6,42413
839,718,728,1.25,6,95.45494146932185,167.4667695438644,137.70277725485272,156.4552951388889,43.659273896076336,166.28743360438025,266.0598937670084,336.24824276120347,6069.166666666667,13505
840,719,730,1.375,5,518.2079164862691,246.39794214321057,496.550767875064,302.4384997380358,60.07974851401048,123.80180188434582,247.60360376869164,354.02327065847066,64401.4,104095
841,719,742,2.875,14,714.857765746691,493.5196912453089,711.492370248538,620.716796875,127.24161884945424,308.7852686618765,190.021703791924,300.14657946246325,19649.35714285714,97006
842,719,723,0.5,2,172.54495705181492,448.9732169143114,181.86271681479357,426.8602112003058,23.99595108988659,23.99595108988659,191.9676087190927,191.9676087190927,21807.5,28255
845,719,726,0.875,4,153.24267603964543,301.3304884569589,139.50120726021316,269.0633672846359,35.07128559042979,86.79616270008853,231.45643386690276,254.8108708802567,12660.0,22191
851,719,737,2.25,13,901.8852556155193,714.2823895128354,890.9637720352564,670.9494110576924,44.688094895484646,196.05396083620118,130.70264055746745,313.1800528884713,10050.538461538461,17873
852,720,746,3.25,10,260.09420270873943,346.4889241187459,244.85841674202567,350.9474473857284,15.874747360060146,208.36805257652415,185.21604673468812,349.9052464981399,40056.2,150611
854,720,724,0.5,5,702.8234060904595,553.8026704519555,705.1132996943508,618.3880256639967,64.62593690293924,79.43472156058453,158.86944312116907,207.71009954145092,33650.4,45588
855,721,731,1.25,4,210.27245406217597,544.023835202853,186.89225395969663,546.9415294095776,23.561551228981703,58.11922312171603,154.98459499124274,168.3493501971368,50251.5,143452
856,721,724,0.375,2,340.6078190651261,705.2279993247298,320.0651482884664,693.3181910118152,23.74541759347681,23.74541759347681,189.96334074781447,189.96334074781447,62736.0,109168
857,721,724,0.375,3,857.0694791415845,459.6255417770287,849.1607248763376,451.3260776297194,11.46427054637725,41.33138445972552,165.32553783890208,180.8301817450774,25258.666666666668,32514
859,721,746,3.125,18,879.3828898847976,754.8819377153316,823.6108208399523,715.793992628078,68.10573497648446,361.1399807177687,169.94822622012646,352.4003495727508,16528.555555555555,31746
862,722,726,0.5,3,238.83467173510672,630.3815740860307,231.53657060878243,635.171848490519,8.729777140359976,28.945774406794385,115.78309762717754,150.26797983137538,21316.666666666668,34103
864,722,724,0.25,3,488.5479103175383,836.055278890582,455.87390908814467,850.9886132115635,35.924849760028486,53.89212441023954,215.56849764095816,344.9158309440828,20143.666666666668,36205
866,722,724,0.25,3,199.80501505216458,298.8231172606279,184.94658100825947,314.8397398771152,21.847317049835926,23.433476847005185,93.73390738802074,153.7794816107393,12948.666666666666,14573
867,722,727,0.625,6,554.2732965604823,617.5149648096277,532.8355362766473,687.728248503253,73.41309674049093,126.31862063548039,202.1097930167686,274.47243194549566,19091.166666666668,38487
868,722,724,0.25,2,126.59586496882542,681.3554310388174,132.18054984116657,689.7826649092927,10.109746576004895,10.109746576004895,80.87797260803916,80.87797260803916,11257.5,12784
869,722,729,0.875,3,230.36478113785884,831.7744288589015,209.6776225579816,808.0513140540116,31.476097378089502,43.63085265528746,174.52341062114985,300.2774014128659,31322.333333333332,46837
870,722,723,0.125,2,836.9732114276568,587.5032685459347,829.0034877232143,594.9715162627551,10.922051999736386,10.922051999736386,87.37641599789109,87.37641599789109,4975.0,6114
871,722,727,0.625,4,40.441955643051486,670.7320253636459,20.875513980263158,696.801149151662,32.5951661204266,41.47799990074841,110.60799973532909,195.21771553163038,6451.5,9351
872,722,758,4.5,22,296.38904534076227,893.3002715197028,257.3015761887798,844.7082521077423,62.361964331149274,450.9768906061535,171.80072023091563,347.47627282629804,18782.0,50740
873,722,723,0.125,2,918.0970877347418,235.36675958528951,918.0954309682377,241.49300397028688,6.126244609023294,6.126244609023294,49.00995687218635,49.00995687218635,2205.5,2501
874,722,724,0.25,3,904.2565406976744,594.034916754757,869.9085896504873,578.9402613146551,37.51840033897174,52.61898939293549,210.47595757174196,269.829338317765,8886.666666666666,15665
876,723,739,2.0,8,655.1808291074689,419.2845433213511,668.8926302158015,392.3661481484801,30.209493347577357,231.64561811148215,264.7378492702653,352.6524900875974,28954.75,68249
877,723,745,2.75,12,707.6406691834322,151.10520002781385,725.8792093211207,103.74137931034483,50.75407234213449,159.98855794079725,116.35531486603436,354.1384415091735,22728.0,34831
878,723,737,1.75,8,825.5848144224733,266.91489762689446,822.0725914926486,262.66069395242914,5.5166981803086355,241.58017884400817,276.09163296458075,354.7500523720263,26686.75,43650
879,723,726,0.375,2,118.74632943435755,510.6713475159617,134.73892530817474,483.9115921460496,31.17447080931407,31.17447080931407,249.39576647451256,249.39576647451256,46201.0,67878
881,723,724,0.125,2,289.7467110031893,453.1541230247898,268.41933459514604,453.9224018739261,21.341209826071044,21.341209826071044,170.72967860856835,170.72967860856835,15863.5,18226
882,723,737,1.75,8,496.0501456202597,484.8077830527465,377.4614475360501,484.65624802789347,118.58879490142215,222.56186676930184,254.3564191649164,341.6473703014962,41164.75,72066
886,723,740,2.125,15,623.3254210444994,62.55118684332509,627.4480345718504,61.15005448537683,4.35420649262144,68.24706207574955,38.998321186142604,175.33263554347275,5231.866666666667,9226
887,723,724,0.125,2,26.995788269550747,541.6884229409318,24.481770833333332,531.6602728544776,10.33847560455872,10.33847560455872,82.70780483646976,82.70780483646976,1962.5,2352
890,724,741,2.125,8,111.57215232572511,583.7601544475115,67.3782067035734,623.7933416977097,59.63020133341105,143.71222171458436,164.24253910238212,355.68613121066335,18830.875,30611
891,725,750,3.125,14,371.9117661875336,710.3724626017118,423.9328282578604,744.480220022988,62.20554649895307,337.6415649941157,207.77942461176352,348.75581124921223,66853.64285714286,124826
894,725,731,0.75,3,716.5361893078513,564.8289150853632,768.4363780538391,542.3967268673475,56.5405399701634,58.039151730219075,232.1566069208763,258.0607830435057,22590.333333333332,34209
897,726,738,1.5,10,765.1739860537512,768.4711240257421,791.4842354910714,720.3331323740434,54.858868614956215,253.500701458951,225.3339568524009,350.51466412029396,18914.9,58749
898,726,730,0.5,2,183.1238915809599,679.8484597507912,213.25307756183028,671.1012910623444,31.37324987842381,31.37324987842381,250.98599902739048,250.98599902739048,19938.0,36166
900,726,731,0.625,2,74.95015517979452,316.15144299372145,39.468610291487835,330.6931442238913,38.345809449383715,38.345809449383715,306.7664755950697,306.7664755950697,6165.0,6858
903,727,740,1.625,7,131.25011229731163,324.52263279479797,60.10248614532019,314.8419741819141,71.8032022840398,114.61367872941645,152.8182383058886,344.0748486403324,33990.142857142855,82925
906,727,732,0.625,3,637.6528175687588,517.6575373912789,640.8616024502841,518.3610082267992,3.2849918770573563,72.57717962554031,290.30871850216124,301.5911342540806,28370.666666666668,51671
908,727,742,1.875,11,489.64527149516573,70.18786616597606,470.0538869931829,92.20941323454988,29.474919541840055,125.8442743799371,100.67541950394968,265.4259022819618,23508.090909090908,32874
909,727,732,0.625,2,347.8544389978213,894.6287785947712,338.80189389088116,894.7465980404713,9.0533117882337,9.0533117882337,72.4264943058696,72.4264943058696,1853.0,1910
910,727,740,1.625,4,373.4735761753075,916.776265927065,372.0626264490376,920.3443993328959,3.8369721307129647,72.58520523357521,193.5605472895339,268.55016544413337,2497.25,4474
911,727,732,0.625,5,879.4420884683099,216.01323723591548,909.7597953177788,280.88647790857266,71.60796536686986,79.15387821905429,158.30775643810858,235.9375529425883,2533.6,4634
912,727,741,1.75,9,889.2778137777453,170.14122280227804,820.2571371203271,145.43523395777703,73.30920604557441,151.19681065467356,151.19681065467356,313.1041837146357,8708.0,15039
913,728,749,2.625,9,445.1686771373057,271.3729464799737,400.89573838184435,187.2544880042087,95.0579200402777,245.3434878069527,245.3434878069527,317.4837573325014,30312.666666666668,56807
916,728,734,0.75,4,288.4753609614974,260.69883045808444,301.5988121811224,219.1125651990707,43.607825331090865,75.50063019810969,201.33501386162584,250.05124461941645,12173.75,18351
918,729,731,0.25,2,602.9154358912924,273.82824760894226,619.7884551087732,291.3310094117778,24.311426289715588,24.311426289715588,194.4914103177247,194.4914103177247,73520.0,125088
919,729,733,0.5,3,626.5432973505839,757.2068257690436,611.0159078867547,745.3516311905174,19.53574831062659,22.026177607073954,88.10471042829582,91.3401866682523,64427.666666666664,72407
920,729,741,1.5,6,245.79102867321848,190.307279746072,334.41292442497263,115.29715652382257,116.10494818246043,134.348286643809,214.95725863009437,303.10319520002764,27593.833333333332,63282
922,729,735,0.75,5,211.4953184185606,429.1100116680195,168.74947544812395,466.5392149998101,56.81683160213839,136.25417114136474,272.5083422827295,347.3481274284673,28394.8,64691
923,729,730,0.125,2,759.8252467105264,693.0840871710526,746.6453307748538,706.8647628185046,19.06874944435712,19.06874944435712,152.54999555485696,152.54999555485696,4834.0,4983
924,729,740,1.375,7,793.430001140511,368.18315465328465,796.2342895750497,421.7534480616302,53.64364239572401,187.05151878444,249.40202504592,358.680471577424,8187.714285714285,30036
925,729,751,2.75,14,897.2613564944135,444.5831311103352,874.4483177075632,365.8515561464956,81.97008988025466,282.7785377304789,174.0175616802947,320.4696877963497,13518.5,27511
926,729,752,2.875,18,783.2955978720405,850.744085576381,788.7045551449687,861.7353920906764,12.250128067557302,108.020336952225,50.833099742223524,222.76536819005045,4288.611111111111,6885
927,730,742,1.5,8,429.7251525517752,513.4549230873897,386.8804887089416,427.60376572275806,95.94835298561493,155.58952068138515,177.81659506444018,315.5967668445299,44403.625,73871
928,730,732,0.25,2,793.7212061679752,492.60355727824,778.2852287111963,493.8501827796706,15.486235022981022,15.486235022981022,123.88988018384818,123.88988018384818,18691.5,20680
929,730,732,0.25,3,853.9068971982482,605.678596637577,862.8256335387407,601.87776389486,9.694853657963666,63.026283202171726,252.1051328086869,290.1601572555917,28493.666666666668,40973
930,730,746,2.0,8,171.4703924005682,203.63649442598418,138.67226146681278,195.64155447714464,33.75850200369254,119.94859919995784,137.0841133713804,242.67170165900743,17081.5,32314
931,730,736,0.75,3,371.9391808394772,121.18861532339142,371.0893564672802,123.2305566206544,2.2117246042507372,77.68037487190975,310.721499487639,318.5795860604249,4673.666666666667,7273
932,730,752,2.75,11,738.4769823581115,814.3946293476896,707.9199995769111,782.0946946274214,44.46363659918255,280.6181019852018,224.49448158816145,310.0970555869407,11763.0,18801
933,730,733,0.375,3,893.265038538874,776.2848158930966,900.0591380170537,792.2853886973876,17.38327120494923,20.576758168511894,82.30703267404758,95.23031335536734,2464.6666666666665,2920
938,731,738,0.875,5,605.6081945209252,188.44541574889868,627.3408306231147,144.39610140931373,49.11872927649652,80.4525969740698,160.9051939481396,269.08923339552814,6834.0,8885
940,731,740,1.125,6,233.3272929908192,365.17448946563087,170.09163507766272,358.0851233768902,63.63181235239128,94.02241677281384,150.43586683650216,218.19612860624642,12146.333333333334,20786
941,731,738,0.875,5,128.37820415132364,415.86313974173964,105.54373372652675,424.4048766174846,24.37979303512204,104.1715871381222,208.3431742762444,264.1125958130043,23481.2,28090
942,731,738,0.875,3,899.0246191984098,457.3652806028107,910.4288205957118,450.84009933134394,13.139018233328002,30.330422212771833,121.32168885108733,123.58849110810088,5426.333333333333,6560
945,732,742,1.25,4,512.5626778714121,259.0498905087261,556.1607909087801,220.45373615289932,58.22764456405497,74.8029983362559,199.47466223001572,286.67280223350224,28802.5,66280
947,732,760,3.5,12,321.48470857408313,734.1465148925781,297.54798441229116,759.7167988727413,35.025793159097816,208.69711112956807,151.7797171851404,359.51522112478625,18460.25,91502
948,732,736,0.5,2,455.4315811436046,743.9311858210995,455.05687606846305,719.3077552609085,24.626281417337115,24.626281417337115,197.01025133869692,197.01025133869692,42585.5,60107
949,732,748,2.0,7,600.1936784449122,819.9025787908154,651.144434620439,824.5437010640295,51.16170023379709,150.03880383044898,200.05173844059865,297.69816454459584,57092.0,67584
953,732,738,0.75,5,231.37726130653266,575.0964557160804,211.5402806131351,586.6390557387632,22.950760734970505,81.6318088246824,163.2636176493648,287.99273521334277,13219.6,19572
954,732,733,0.125,2,261.825671010245,427.7599001241023,265.7891652960526,458.9901118104757,31.480714873225555,31.480714873225555,251.84571898580444,251.84571898580444,6566.0,9265
955,732,750,2.25,8,727.518366807611,333.5933594929779,690.6343518768706,319.0010243026688,39.665687989967005,150.63451882713306,172.15373580243778,289.85997316868423,18020.625,34862
956,732,736,0.5,4,846.1549765832228,173.57694276359416,837.5240981471994,214.1946705302254,41.52459357418903,57.76666335059795,154.04443560159453,208.38547394671662,24275.5,31359
957,732,776,5.5,32,433.76971468437256,905.1759105561971,451.87104031901856,900.1319251004503,18.790949390844457,666.8182810565304,172.08213704684655,356.79579146443893,18103.21875,42417
959,732,771,4.875,20,85.1984583906803,395.6030156311443,28.335837823275863,513.5227747844827,130.91381598812998,424.5245123186904,178.74716308155385,347.7790353512347,6240.4,20007
960,732,754,2.75,10,49.74185471955843,492.90441883641836,113.06185057382133,464.0633488235555,69.57894217700301,289.3695840276341,257.21740802456367,358.8974190514447,14113.6,30435
961,733,738,0.625,2,421.7459827348066,601.2823836325967,451.44587862318843,583.4488908396858,34.64270891508815,34.64270891508815,277.1416713207052,277.1416713207052,54681.5,88566
962,733,751,2.25,14,294.88362390148717,667.1909549379301,205.41745917472508,624.134979676242,99.2875200448235,268.0322549623699,164.94292613068916,329.5660203681374,10798.857142857143,16182
964,733,736,0.375,2,497.2426308231451,395.3646731397555,523.3685514231342,391.18500938585964,26.458142721902636,26.458142721902636,211.6651417752211,211.6651417752211,23434.0,23655
965,733,738,0.625,2,601.9635554111914,377.99116255116326,588.7683244536877,387.4935534532569,16.26067504373834,16.26067504373834,130.0854003499067,130.0854003499067,53376.5,88582
966,733,739,0.75,4,178.12340198863637,304.038224327373,181.4736239154013,267.2112798264642,36.97901875701398,74.97707194938147,199.9388585316839,357.4831414457677,6523.25,9023
971,733,737,0.5,4,336.87390625,359.61730698529414,307.6972562484998,339.2766761431829,35.56709389822409,71.7442312171386,191.3179499123696,297.9307316744636,11409.25,16307
973,734,735,0.125,2,476.15410900413804,203.4938143780115,493.93561432402015,211.43986402608581,19.476181259442463,19.476181259442463,155.8094500755397,155.8094500755397,62346.5,87740
977,734,737,0.375,3,108.15764915146465,245.62146101012982,76.52718251999633,249.5222530795885,31.870089395757628,60.71639249621167,242.86556998484667,277.1906383682057,44040.666666666664,55433
979,734,782,6.0,23,779.522592835163,591.1801787050898,888.2261789588731,468.4739252752591,163.93076058794063,529.5939633132768,192.57962302300976,347.46429832704405,16388.608695652172,44077
980,734,748,1.75,5,749.8035529403644,111.040353439053,772.2795254043564,154.1661892288458,48.631338155250255,113.10112933475234,226.2022586695047,320.40057534161184,17925.8,46770
981,734,738,0.5,2,263.5801923168185,75.12910793944572,286.2692308833301,88.12311696055629,26.146447971251355,26.146447971251355,209.17158377001084,209.17158377001084,12886.0,20617
983,734,736,0.25,2,19.97629269894895,172.75339010885884,20.400030958624708,177.85568728146853,5.119862356580882,5.119862356580882,40.95889885264705,40.95889885264705,1491.0,1679
986,735,736,0.125,2,359.82497221272234,253.0572137376026,330.95982232862906,265.8787082373272,31.584610161242114,31.584610161242114,252.67688128993692,252.67688128993692,14217.5,16989
987,735,740,0.625,3,813.6166143125361,560.9942117092721,810.6589335619918,605.0344972688009,44.13949056782351,47.269397408304414,189.07758963321766,281.72724152976684,12594.0,25229
989,735,739,0.5,3,251.5293875263713,602.1655101749298,258.08984375,602.8832820412447,6.599604708936879,11.38900771698565,45.5560308679426,71.94591491874293,8443.333333333334,14687
993,737,739,0.25,2,311.47901400649374,159.34564051890888,317.5114317523422,156.5841866216716,6.634432265612079,6.634432265612079,53.075458124896635,53.075458124896635,48606.5,49581
994,737,747,1.25,6,450.26032572869156,149.01816439655786,465.6068876663057,167.92546700959159,24.35165405893116,98.89021843239662,158.2243494918346,282.50834359222324,39008.5,71224
995,737,745,1.0,4,111.05783914280983,556.8632689910385,79.97125175561797,541.2300591058053,34.7961659769761,54.26902101417509,144.71738937113358,226.78589082349345,41800.0,56130
997,737,764,3.375,12,544.7315033783783,70.22297297297297,500.21455857443937,137.3547246038577,80.55079423387296,204.0906693203258,148.42957768750966,331.0032868084262,28335.416666666668,88687
1000,737,741,0.5,3,90.49134156050955,742.7012731744768,58.09625521686809,755.3073191379046,34.76138682567255,42.115525961869636,168.46210384747855,187.61853880267728,13065.0,19110
1001,737,742,0.625,4,907.9117956102117,592.4298869473847,904.0610787809472,627.5835071313239,35.363894470714605,46.10636343183252,122.95030248488672,182.71195110171038,4402.5,7265
1002,737,741,0.5,3,803.2888959544574,830.1980529312016,819.4251115002395,829.8368878711685,16.1402568858283,18.932791110233914,75.73116444093566,88.16754239675002,2290.6666666666665,4086
1007,738,742,0.5,3,769.7135930032856,309.4859687686679,718.8921621298949,288.516506024867,54.97759729000969,55.51270968917201,222.05083875668805,257.4889188213157,28943.333333333332,32764
1008,738,766,3.5,20,74.2466438050055,200.26429784905574,79.78570972411444,175.53406526737055,25.342960655781273,392.98985826107076,165.4694140046614,341.31991555261726,18213.55,32995
1011,738,745,0.875,8,583.6033978378564,182.8382268537555,677.9119893178411,223.95503420164917,102.88198225842288,163.8846180512935,187.29670634433543,334.0989194251078,11856.625,32737
1012,738,741,0.375,4,906.210952601482,239.772335091817,891.1392373337245,238.23769177565393,15.149644590557125,68.30507574343025,182.14686864914734,224.0852433792777,7279.5,17509
1013,738,742,0.5,3,690.724853515625,886.4292201450893,669.2608877922576,826.748407705299,63.42319132657488,64.46638316254855,257.8655326501942,296.119117043056,11506.0,20426
1015,739,751,1.5,7,704.6326140532184,758.933553229453,726.0703343492577,726.9126748735127,38.53456243655994,155.98399170481034,207.97865560641378,309.83416651651675,27470.285714285714,46211
1016,739,747,1.0,6,266.22519857306605,451.99765606630615,296.11885840739683,483.13122222620416,43.161670960742796,139.29417364190607,222.87067782704972,337.27275004884893,8886.666666666666,16648
1017,739,749,1.25,5,351.37225503085887,603.8110127455667,383.3838218968069,607.4060195403362,32.212800050096575,73.1933869338488,146.3867738676976,224.24087526679173,16667.4,22547
1018,739,762,2.875,14,862.9970439023191,491.1261485357704,801.5593858575489,453.5382391358707,72.02386242823403,303.1435560942152,186.54988067336322,321.5366354867183,17234.071428571428,40961
1019,739,776,4.625,24,223.4048956131078,880.9857258475536,124.73753551136363,931.8896459009741,111.0245784781563,339.65813664168445,118.14196057102068,325.26768527475457,6957.0,16585
1021,739,759,2.5,11,102.3708195202808,344.0294969611285,67.46091167965061,358.02476593062863,37.61075935114775,275.695923341711,220.5567386733688,328.8086569740596,16275.0,29018
1022,739,747,1.0,8,45.41178831335616,847.2650854380709,33.9043219150641,853.2520633012821,12.971726440316342,14.890648600905926,17.01788411532106,50.93592751245817,3044.875,3429
1024,739,757,2.25,13,913.965061195328,165.87394383697816,904.5731925317797,175.92166810116527,13.75368895542118,177.26375200391638,118.17583466927759,209.07746137691794,7531.0,11927
1025,740,752,1.5,8,701.5851065591872,501.8986238405477,721.2936746348505,508.3273398831764,20.73055825465887,159.37363339236438,182.14129530555928,343.6435473376594,20872.75,40335
1026,740,744,0.5,3,746.1424022295322,414.50094572368425,747.4960320538132,382.544008771435,31.985592585900545,39.778414517865826,159.1136580714633,159.40951265745358,6262.666666666667,8674
1027,740,742,0.25,3,576.9617885044643,907.1036092952806,577.2494283536585,908.6361918242907,1.5593414927690574,43.16717592822178,172.66870371288712,178.8564424325646,8736.666666666666,10674
1031,740,742,0.25,2,879.1907286352041,276.8623730184038,891.8296897194602,260.7863500025365,20.44949518438136,20.44949518438136,163.59596147505087,163.59596147505087,7507.5,9645
1034,741,765,3.0,11,522.0356762152778,436.52594270833333,599.9752333392903,482.5868442536392,90.53276321781836,267.48028447523893,213.98422758019115,336.7853475540345,27792.727272727272,71256
1035,741,756,1.875,7,223.46269498875208,542.2469012698318,203.088359485973,565.3502863103694,30.803895005520616,153.87012907101376,205.160172094685,324.17389001221056,20339.428571428572,48281
1036,741,750,1.125,4,538.5407618817044,652.1506292368147,573.745610434322,659.0632026284428,35.877082274167535,79.04791417366175,210.79443779643134,343.50304115307944,20029.25,26102
1038,741,745,0.5,3,378.9513702392578,281.7089939823857,375.4589245011892,239.29781852867336,42.554729238933334,42.79253897899213,171.1701559159685,291.2747828287404,14101.0,27057
1039,741,746,0.625,4,240.47549754790145,90.99926437043796,231.20834748641303,126.04734078419047,36.25255481433523,55.474512004366495,147.932032011644,260.8121732408578,22946.5,28920
1040,741,754,1.625,9,685.8557847343682,100.12026877459554,671.7712266866222,131.84878144427813,34.71416557589329,154.76419176711101,154.76419176711101,311.33168188572864,26932.333333333332,36138
1041,741,748,0.875,6,562.5760046113307,313.05604104907775,587.0259358062331,306.0950944275068,25.421524606203644,109.02905240707312,174.446483851317,286.1623304315427,13892.833333333334,21557
1042,741,743,0.25,2,778.8855494764283,222.59846132360676,789.2231957187344,180.91159309166528,42.949527504017034,42.949527504017034,343.5962200321363,343.5962200321363,17290.0,23412
1043,741,748,0.875,6,117.14822048611111,866.6980639260913,81.88218039535272,860.0596581410899,35.88540114098376,37.938958569567816,60.702333711308505,214.49994043550976,8375.166666666666,11708
1044,742,765,2.875,8,433.8861238883778,802.0161051057958,428.8695402557637,823.4249031880403,21.9886958837792,120.30350013252492,137.48971443717133,279.8401107758968,31967.125,82451
1046,742,757,1.875,6,125.7040778115569,600.6740108512339,133.8870304909785,486.1895181839868,114.77656457583406,171.50435276695603,274.40696442712965,358.3937283511426,19060.5,52215
1047,742,751,1.125,5,609.3705515042444,633.4567334699568,614.8033207971464,609.6169936414392,24.450934077889706,146.0658055597849,292.1316111195698,314.2156429250457,10575.8,23518
1048,742,746,0.5,4,547.9374568767249,713.8232844123735,570.6233513618129,747.5287535656538,40.62891162006773,108.28215550396227,288.7524146772327,334.0364500668767,22508.25,64155
1050,742,763,2.625,9,832.8900801429888,190.79505496617466,836.5268513573363,216.9230007946019,26.379834307264616,189.64138467256345,189.64138467256345,345.85858840954666,28013.444444444445,46954
1051,742,744,0.25,3,637.5414601293104,451.7118168873153,641.2408075747283,410.01774796195656,41.85786132943829,45.14082787806578,180.5633115122631,253.42126004509535,6259.0,7946
1052,742,789,5.875,24,579.8346040492055,812.9508445188364,623.1992736870055,856.733858439545,61.62342801870481,470.29783132307665,163.58185437324406,304.2116060094183,22429.416666666668,42993
1054,742,744,0.25,2,22.40226244037294,595.0363284637901,29.70585859840954,565.7801860710736,30.154011085469136,30.154011085469136,241.2320886837531,241.2320886837531,3241.0,4513
1055,743,752,1.125,5,445.17830650252523,493.8331790920569,397.8522343955682,502.51330935991666,48.11550438829372,119.5092187875422,239.0184375750844,274.4805342104157,18354.8,42668
1056,743,752,1.125,4,519.9092041015625,386.4809116908482,530.868190456081,386.0164553826663,10.968824074655084,83.2561428950387,222.01638105343656,350.56444461483164,22040.5,35074
1059,743,753,1.25,7,92.28127042376869,714.7924144489177,91.56950402587117,704.0306165381279,10.78530971636217,123.06509034729861,164.08678712973148,281.58863470988314,31418.14285714286,44171
1061,743,765,2.75,10,59.51526930894308,499.57725210511035,115.85999227736887,388.99883437012573,124.10606058997041,259.923047793105,231.04270914942668,349.74745529438314,19674.4,40155
1063,743,747,0.5,5,669.4249755643257,327.6859013075391,678.6732686671763,285.7986569030326,42.896062396437905,84.41855500056619,168.83711000113237,343.2553265508859,9688.0,13266
1065,744,746,0.25,3,257.3057146379751,222.7332200124333,287.17005407229396,227.22656147122728,30.200478262993297,33.50629746960179,134.02518987840716,224.21739316653645,33481.666666666664,70445
1066,744,745,0.125,2,481.5414450875265,440.62068169331616,482.18483409662355,456.53943292025866,15.931747865262944,15.931747865262944,127.45398292210355,127.45398292210355,33647.0,64570
1068,744,750,0.75,4,526.9559613587827,606.326172917779,481.118777506753,595.7034946674739,47.051978881809795,109.11242507311658,290.9664668616442,321.1874258500304,17263.5,26798
1069,744,746,0.25,2,241.37805951950864,735.1844020953757,235.93324858566808,723.8567635371768,12.568268035432133,12.568268035432133,100.54614428345707,100.54614428345707,7926.5,9081
1070,744,745,0.125,2,754.0901962791121,240.69810146015283,746.8256626804003,239.88746435637802,7.309622488256716,7.309622488256716,58.47697990605373,58.47697990605373,4791.0,5378
1071,745,748,0.375,2,426.7042120617188,127.13701082222653,402.8311256502165,150.47437833359737,33.38498131153952,33.38498131153952,267.07985049231615,267.07985049231615,36226.5,37062
1072,745,749,0.5,3,310.1802040701074,830.4703698874508,318.4236267279285,847.3638528853892,18.79744091404759,19.687256179262228,78.74902471704891,84.93436905120976,35845.0,36824
1074,745,784,4.875,12,222.85426339285712,606.7917447157434,269.18104932462353,426.56779367803364,186.0828944917037,329.87969845757925,239.91250796914855,357.5428809227445,25405.25,42347
1076,745,766,2.625,10,679.1958315052648,445.0939239988832,639.7136909933391,489.5548764208659,59.46104363087862,216.48652032631273,192.432462512278,290.2210305431907,25323.9,45835
1077,745,746,0.125,2,364.3080050829264,481.7270018626873,330.48196917184384,495.9321268839162,36.68768570415134,36.68768570415134,293.50148563321073,293.50148563321073,24383.0,25518
1078,745,748,0.375,3,532.3304666427849,77.1062984659474,558.5799675275061,120.54165609718827,50.75102549949876,52.1858003403183,208.7432013612732,293.12204709424844,19447.0,40026
1079,745,772,3.375,12,574.4841844512196,157.5314760989261,548.4239116598777,183.83490098559793,37.027124904965795,275.7280975597321,200.52952549798695,314.44131597113125,23807.083333333332,64170
1080,745,748,0.375,2,501.7670400528169,673.9945246478874,526.5549189239563,673.7916162400596,24.78870934018639,24.78870934018639,198.30967472149112,198.30967472149112,28086.5,49225
1082,745,754,1.125,4,150.83574830840453,464.3062884742572,172.81679186204343,518.5497902270484,58.52797415007662,81.72386022857299,217.9302939428613,309.7764586845498,19179.75,51213
1083,745,750,0.625,2,484.0640827993329,798.8072029713834,494.6948572107263,812.2689406936233,17.153184750602875,17.153184750602875,137.225478004823,137.225478004823,5104.0,5574
1084,745,748,0.375,3,565.9961452836411,415.65475208883026,565.4618367137729,447.83792423873257,32.18760716918985,62.78919552737467,251.1567821094987,260.54786434708484,22733.666666666668,41169
1086,746,748,0.25,2,385.39494036944046,380.6985534305186,387.10018915310275,357.3393660986775,23.42134723320218,23.42134723320218,187.37077786561744,187.37077786561744,19169.0,19239
1087,746,764,2.25,10,163.1640848001903,630.9927673049476,80.35446527510118,602.5040387418096,87.57305944772158,242.70200096234305,215.73511196652714,334.91442712466886,18605.7,38546
1091,746,752,0.75,3,878.718035317564,678.1071860297961,838.7518103473524,715.3588188993674,54.63500059319935,56.07848247544315,224.3139299017726,294.13437034391484,28656.666666666668,41768
1092,746,779,4.125,18,24.198680487204726,508.3666107898622,46.28890030276817,579.0478238538062,74.0527628903241,331.45265328614266,155.9777191934789,339.77197072986996,7692.222222222223,18065
1093,747,748,0.125,2,233.19339732756646,224.52239786224413,221.4483363718561,263.69586320147033,40.89629376284492,40.89629376284492,327.17035010275936,327.17035010275936,84761.0,128122
1094,747,755,1.0,4,756.8599305740416,555.5966039274034,751.4552074083791,551.7218931627381,6.650144059136051,114.12192480110933,304.3251328029582,351.18930994970776,28254.75,56592
1096,747,749,0.25,2,608.7648686427697,112.23833459164916,637.5291148163684,94.4657540431581,33.81192803269273,33.81192803269273,270.4954242615418,270.4954242615418,16428.5,22359
1097,747,754,0.875,6,332.0382713607595,661.0049427543588,283.6720982349269,650.7887323434899,49.43336583722735,92.73320658829003,148.37313054126406,271.8144215402226,20921.5,31864
1099,747,749,0.25,2,740.3834269506133,149.5911759124196,745.978619990458,150.1280455131309,5.620890865449606,5.620890865449606,44.96712692359685,44.96712692359685,33615.5,34357
1101,747,761,1.75,8,865.2353712954647,742.720687046288,829.6799959162174,733.3650643062475,36.76564150416998,84.87409246724233,96.99896281970553,339.686467451582,37704.375,63532
1102,747,791,5.5,23,41.24759203767123,617.2831330520222,83.08332329625088,655.5623822923966,56.70563757111634,447.189367578977,162.61431548326436,300.9621723077314,10008.0,30318
1103,747,751,0.5,3,908.5161589478417,522.5968272257194,900.0700768682975,504.72103824564346,19.770688762777134,26.54347382787381,106.17389531149524,168.0307184184288,3226.3333333333335,3495
1104,748,771,2.875,14,282.74449987780116,128.14592302413897,339.9087837381004,70.71743918352445,81.02953847513011,260.5016595177509,160.30871354938517,260.2995531243837,25851.928571428572,62033
1106,748,758,1.25,6,733.3198198148605,650.156601760675,777.2333665962459,646.3583806180825,44.07750077725555,122.71910542026521,196.35056867242434,301.38191405282845,20293.166666666668,33246
1107,748,769,2.625,12,424.6961627920138,446.0146940646505,370.6501381407875,497.51892760958395,74.65694109493111,270.91147586532924,197.02652790205764,320.1135286641759,18086.666666666668,29394
1108,748,752,0.5,2,326.4800004176212,551.3476801140703,322.32179276315793,520.8002937030075,30.829101632133582,30.829101632133582,246.63281305706866,246.63281305706866,6427.5,10252
1110,748,752,0.5,2,819.2482677771557,595.0031932390817,813.6838254620408,591.226956756308,6.72480336159149,6.72480336159149,53.79842689273192,53.79842689273192,6168.5,8842
1112,749,779,3.75,17,116.75566429012133,766.0421624348735,80.87304436520175,780.4135966814443,38.653596662920584,341.0399131417712,170.5199565708856,331.62931320487513,35492.82352941176,64507
1113,749,757,1.0,4,584.165007339921,808.4464917212814,513.1512876232485,874.688052388752,97.11278364695504,113.01920869247,301.38455651325336,354.79744430013295,29437.0,49922
1115,749,756,0.875,5,254.09321067984908,463.92535437919224,270.13003818578557,437.2195468360349,31.150922827218462,100.02037256023227,200.04074512046455,345.44974238799864,16086.6,25467
1116,749,753,0.5,2,201.14517526964562,369.58518032550074,167.38451441571547,391.9814116004315,40.5138667201031,40.5138667201031,324.1109337608248,324.1109337608248,13381.5,14061
1118,750,763,1.625,6,322.7723233857393,281.00148991907093,312.79583975070994,257.71576341494136,25.33288938406219,115.06320834006871,184.10113334410994,252.42181701505157,41130.166666666664,152909
1121,750,754,0.5,3,870.0051975388601,542.9131893042191,912.8703678097345,558.9757098082596,45.77583846631073,46.09178464171431,184.36713856685725,194.40778110603677,10548.0,26442
1122,750,755,0.625,3,392.7672234265394,896.0087761228565,391.84676835238173,884.9970740589034,11.050104971845776,62.36464664413214,249.45858657652855,274.40438261609495,13636.333333333334,18621
1123,750,755,0.625,2,806.7679846767703,429.29705941523605,790.9927758652206,435.7845615377976,17.05710693049198,17.05710693049198,136.45685544393584,136.45685544393584,25916.0,48184
1124,750,767,2.125,10,652.7960453539823,712.4133661899494,625.3301898082826,828.7851521315275,119.56908373024237,253.1989655565206,225.06574716135162,355.118976707033,33667.2,70903
1125,751,754,0.375,2,420.6058575026294,681.1897542533794,449.78076004080754,684.2466795916176,29.334616592615536,29.334616592615536,234.6769327409243,234.6769327409243,72706.0,113517
1126,751,755,0.5,3,696.706213371736,176.48301937877127,734.5529750123701,219.79516186809337,57.51798895735414,58.46080462680777,233.8432185072311,278.118866148893,60643.333333333336,84890
1130,751,768,2.125,12,538.0841799980127,942.8127111486486,459.9038030306,926.9437478768161,79.77465348147572,182.55935984189816,132.77044352138049,290.7842223622866,10611.166666666666,37450
1131,751,765,1.75,7,604.8350223214286,699.626256377551,570.655569702496,632.0666489013572,75.71350965096813,157.7166283530224,210.28883780402987,306.67509194823225,20923.285714285714,43592
1134,752,755,0.375,2,499.2747037908669,722.1674941291884,529.2823904147826,740.1244982001224,34.97020519989368,34.97020519989368,279.7616415991494,279.7616415991494,64842.0,105618
1136,752,756,0.5,2,559.4649888044349,885.0648277940121,532.6649553571428,916.4796619897959,41.29326337702751,41.29326337702751,330.34610701622006,330.34610701622006,25589.0,46383
1138,752,757,0.625,2,444.6015421549479,404.9248962402344,421.12069023980035,386.2168601707176,30.0223420178944,30.0223420178944,240.1787361431552,240.1787361431552,8267.0,13528
1139,753,762,1.125,6,806.7930744694804,765.4458232890405,756.8073207604342,708.5168403509696,75.75938669382559,118.91441649712264,190.26306639539624,342.94804062531716,40356.5,61673
1140,753,756,0.375,3,486.9412509022935,125.41873229461756,513.006423304687,179.31209179939205,59.865577848020166,65.23081605647471,260.92326422589883,359.64194399723186,51299.333333333336,69862
1143,753,756,0.375,2,473.63783170391065,641.1912690792099,499.5501850773231,617.996549584684,34.777076785985585,34.777076785985585,278.2166142878847,278.2166142878847,19396.0,28983
1144,753,759,0.75,4,446.5280411782496,294.77627088373936,431.4411095727848,322.5912444797374,31.643139247142354,87.61884148580907,233.65024396215753,244.580662936495,22389.5,26043
1145,753,774,2.625,15,635.4072377060315,315.6050859785365,632.4564359049245,323.46941835909416,8.399699700662142,204.2927115565035,116.738692318002,345.36579460260594,5606.733333333334,21612
1146,753,757,0.5,3,760.4097600786004,220.71481205628803,778.6590546220452,153.87028316221574,69.2908925790675,70.99923630794821,283.99694523179284,345.6449226928798,27889.333333333332,43995
1147,753,754,0.125,2,739.9804191643159,463.2279674277151,774.5733986520801,458.2709076912623,34.94633988090362,34.94633988090362,279.570719047229,279.570719047229,36980.0,68410
1148,753,755,0.25,2,807.0904873084291,119.24036757662836,806.313780216285,109.41848560750637,9.852544814531457,9.852544814531457,78.82035851625166,78.82035851625166,8954.0,10216
1150,754,755,0.125,2,320.6184864992895,461.41434283959023,340.5066158959646,482.5281071075858,29.005667247339453,29.005667247339453,232.04533797871562,232.04533797871562,44361.0,49581
1152,754,760,0.75,6,173.26351156825797,228.4857425146566,204.2655023360428,192.9150937456579,47.18468486080292,119.20392317716156,190.72627708345848,337.1516492616571,9930.5,28172
1153,754,755,0.125,2,359.1478033685065,690.8915562673933,320.88262930219366,711.116809285174,43.28145568206398,43.28145568206398,346.2516454565118,346.2516454565118,10210.5,12659
1154,754,772,2.25,7,517.0647740295087,331.3058787915413,495.0947711358921,325.59249384076764,22.700744365356197,197.51064831794764,263.3475310905969,339.7881084675972,23121.571428571428,46269
1155,754,761,0.875,4,386.75728294457736,324.62448913476874,354.50946907472496,344.28024526283616,37.76599327901631,59.977592972826386,159.94024792753703,209.04495930489182,14590.75,32020
1156,754,777,2.875,13,223.59206280996392,774.2185562725429,214.44245201771653,752.5359998945445,23.533988797793874,261.7995437217731,174.53302914784874,315.44497555597127,12501.538461538461,27773
1157,754,760,0.75,3,200.18516931923793,816.2067045190521,188.53907000480308,800.1549891930836,19.831520217764773,34.10427710339215,136.4171084135686,207.90983190123936,4248.333333333333,6564
1160,755,778,2.875,12,583.3616624436936,464.12006213803085,552.8284210259296,400.9794969138639,70.1356529042308,244.17070816365273,177.5786968462929,312.3697683646259,21536.833333333332,63896
1161,755,759,0.5,4,546.125207216422,280.1384587800978,574.5801267321833,278.073158229638,28.529772361730846,71.97281985008298,191.9275196002213,325.02756123310064,11246.75,26951
1162,755,761,0.75,5,703.6501105679703,92.91742318435755,727.1923862151568,66.10320744151319,35.6825014335026,54.63085899566452,109.26171799132904,220.76817397030862,7651.6,10510
1163,755,772,2.125,11,634.7344180563474,82.37533999667427,627.936423412637,109.17335530762398,27.64681456844187,211.99496579990617,169.59597263992492,349.30637665113335,12560.636363636364,25338
1165,755,760,0.625,3,683.3211803095778,693.5132728375602,707.6960991322204,669.9219081213566,33.921809456209,37.71166215844102,150.8466486337641,178.63257114741302,12471.333333333334,14773
1166,755,762,0.875,7,214.77832812857307,94.71190311999771,209.1402324364144,90.27769269540943,7.172889593703882,114.64082272043899,152.85443029391865,253.35942689165208,13154.0,17118
1167,755,758,0.375,2,345.2202772057575,55.642507801885195,381.90736878033977,44.81923164441748,38.25030712272248,38.25030712272248,306.00245698177986,306.00245698177986,7777.5,11524
1168,755,756,0.125,2,353.517845970971,124.11576811186185,388.0350825471698,107.93597329851752,38.12119333204563,38.12119333204563,304.969546656365,304.969546656365,5585.5,7261
1169,755,756,0.125,2,598.38829235782,324.65973045023696,598.9753681429856,323.9780589590827,0.8996299235687634,0.8996299235687634,7.197039388550107,7.197039388550107,4240.5,4352
1171,756,763,0.875,3,404.1807366676798,741.6638104367344,404.4023466531959,722.2776355211817,19.387441523885656,32.110601688376164,128.44240675350466,172.50277419877483,32638.0,41858
1172,756,762,0.75,3,224.22373918755417,329.9347489210127,212.64928262578616,332.3363649764151,11.820989991444081,13.075642485178959,52.302569940715834,68.36371935200545,33206.666666666664,50740
1173,756,774,2.25,9,724.2756381284435,433.5408230027548,654.8690125083668,461.050702811245,74.65971582482118,175.81604234440184,175.81604234440184,278.0833279653238,6788.555555555556,14209
1174,756,766,1.25,7,691.6879909277608,328.27368494876356,674.0053682383042,294.01888655376865,38.54953123268078,154.7601577856601,206.34687704754683,352.43345049844413,10913.142857142857,17133
1175,756,758,0.25,2,680.1205217050209,611.4785428652372,689.9131332913997,623.5289377001372,15.52762883890092,15.52762883890092,124.22103071120736,124.22103071120736,9891.5,11226
1176,756,768,1.5,4,354.275540164691,578.8772195637388,375.7346695420196,533.5882837802068,50.11568554891585,81.1832169395683,216.48857850551545,277.3880720835505,21311.25,47138
1177,756,762,0.75,3,44.76059061886051,547.232982103389,29.21660461425781,598.6685302734375,53.73296117342374,57.69994800813248,230.79979203252992,248.19869582007888,4866.333333333333,5605
1179,757,770,1.625,7,724.7609496832358,291.1810352704679,773.6984885375782,295.28269331939896,49.10912652318948,157.7149365103128,210.2865820137504,277.8628100175149,29904.428571428572,120681
1180,757,769,1.5,12,302.7570338498336,895.0481380858291,301.82357722648635,937.6930881076389,42.65516502875503,209.36424505728968,152.26490549621067,244.42238341477093,20543.916666666668,35289
1182,757,771,1.75,11,872.0135451409946,355.20454868480897,902.1368139022436,360.08641826923076,30.516290264410344,120.673689418327,96.5389515346616,247.4109156173066,4604.818181818182,7903
1183,757,769,1.5,5,153.70616828567938,754.2282998839198,151.3660352238322,645.5145639597752,108.73891944162317,150.3954737826611,300.7909475653222,338.8834356293606,5450.2,11066
1185,757,762,0.625,2,376.49710161258014,276.97216796875,340.3007698820873,299.48863247930257,42.628225447452714,42.628225447452714,341.0258035796217,341.0258035796217,20725.0,39008
1187,757,761,0.5,3,477.368606870229,223.787851860687,477.3148634312906,159.30168585173382,64.48618840411872,64.82659120506234,259.30636482024937,267.7279484860803,68848.33333333333,112769
1188,757,766,1.125,3,646.1770096305031,202.91212984800836,671.8202517645253,228.76004692614566,36.41003549053961,52.19171550639111,208.76686202556445,327.34981043808335,3093.3333333333335,4783
1189,758,765,0.875,3,194.4993609158978,467.58458017608723,190.16172981586402,524.2624070467422,56.843566938923836,68.68467064607867,274.7386825843147,340.95104623737456,50032.666666666664,136190
1192,758,764,0.75,4,822.3971811605453,811.1728966132896,807.6413296346618,794.901696482488,21.96558917831517,65.5618865886989,174.83169756986373,246.21263302056292,40327.0,49264
1194,758,764,0.75,3,445.498412116426,430.7193027978339,459.04512815950284,371.2375602714221,61.004845787282335,72.5428269263663,290.1713077054652,354.80295660310117,21160.333333333332,56373
1195,758,761,0.375,3,205.264174504675,235.0837756706367,196.98200696243524,261.39139988897114,27.580525578944766,69.13034552924563,276.5213821169825,345.4436156023004,6735.333333333333,8792
1196,758,767,1.125,5,732.919646602349,145.4279871764142,698.4560811378924,91.56309346973094,63.94657237534447,81.00808602501392,162.01617205002785,240.7015766641765,18303.8,26070
1198,758,772,1.75,9,156.62754617914982,691.5875189777328,240.7169215425532,710.2611903084312,86.13784911393074,215.20905620106993,215.20905620106993,338.8433727536055,12876.888888888889,39188
1199,759,767,1.0,4,789.6263331764327,247.79247716012532,840.6414775040716,183.87041529126918,81.78370830633509,98.88746138244221,263.6998970198459,324.7625930190484,63207.75,95898
1201,759,761,0.25,2,225.83838393480536,382.07693996552626,240.50010487405243,406.62311226705623,28.591618274535502,28.591618274535502,228.73294619628402,228.73294619628402,17409.5,22426
1203,759,779,2.5,9,437.5904117506377,603.9243989727587,393.4784420835158,646.8158247591945,61.52674437922432,236.01275143558564,236.01275143558564,343.0612337831832,22214.444444444445,44570
1204,759,760,0.125,2,698.0447014173278,499.25579338766954,716.2172959297153,529.2964106983985,35.10956963167344,35.10956963167344,280.8765570533875,280.8765570533875,20793.5,30588
1205,759,763,0.5,2,562.5568381139084,595.5457561648782,521.3130603183802,592.5505085475183,41.35239672783437,41.35239672783437,330.81917382267494,330.81917382267494,11919.0,14354
1206,759,762,0.375,3,501.7381652227723,571.1194343764735,448.8744501256856,565.2250976562501,53.1913111253833,64.82023243644089,259.28092974576356,321.92405694715524,10292.333333333334,17130
1207,759,775,2.0,7,142.6140764153944,409.5866929071247,239.36862829324167,394.6639461626575,97.89857853657807,172.75980001144148,230.3464000152553,334.6658798675141,22286.14285714286,74513
1210,759,776,2.125,9,883.4946723658377,456.67329127126965,856.2692288357129,445.76086492057107,29.330970394302284,187.94261870818357,187.94261870818357,312.3871358064555,9424.888888888889,19533
1211,759,762,0.375,2,580.007041237571,233.35457541725853,542.5294801878094,249.6723610538193,40.87588176809588,40.87588176809588,327.00705414476704,327.00705414476704,21543.0,40331
1212,759,765,0.75,3,454.39108477870815,463.31832386363635,420.41252680227166,486.5557233715809,41.16453738413535,46.45169377624176,185.80677510496704,312.10318533680044,8349.0,12514
1213,759,762,0.375,4,187.66002253973105,882.793971577017,243.52778159738304,920.8238442276516,67.58311709256493,81.18087917444069,216.48234446517517,329.7349643940272,9741.0,14593
1214,760,784,3.0,10,368.6936861976426,684.2082859200694,335.15144917815184,755.3506921987969,78.65318579307016,262.22012938507146,233.08455945339685,341.2520814632034,35580.7,173257
1215,760,761,0.125,2,456.6996352785146,671.1660301309682,452.3706686460233,665.5063450384818,7.125446473824416,7.125446473824416,57.00357179059533,57.00357179059533,42791.0,70825
1218,760,762,0.25,2,640.5361719794452,444.2004042028743,611.3458694594516,442.4869714512896,29.24054741284687,29.24054741284687,233.92437930277495,233.92437930277495,19774.0,33692
1219,760,767,0.875,3,625.2577147826768,41.239072760318955,593.8559495192308,30.91432864010989,33.05557748411539,48.329601036205354,193.31840414482141,324.6931566774513,3276.0,6259
1220,760,762,0.25,2,620.5785318099104,565.3810452827547,615.7103403157948,571.6095239000406,7.9052662389932316,7.9052662389932316,63.24212991194585,63.24212991194585,11400.5,19306
1221,760,765,0.625,5,724.4375,360.78326512896825,736.1861979166666,383.22893623400853,25.334562441311803,43.471202638888656,86.94240527777731,135.9898888365152,4501.0,6654
1222,760,779,2.375,11,911.8093469730942,825.8082609304932,912.5516630006068,852.0943947208738,26.296613141818977,42.2931857621517,33.83454860972136,90.46364216978309,1622.4545454545455,1929
1223,761,762,0.125,2,692.1527277914325,719.0463730029845,661.456763196481,746.5239980449658,41.19784120997401,41.19784120997401,329.58272967979207,329.58272967979207,21159.5,22297
1224,761,777,2.0,7,797.2521481813285,498.04363772367435,791.6019779437155,508.7367975224447,12.094134536875556,155.02993166977026,206.70657555969368,353.26437385892774,26980.714285714286,59324
1225,761,767,0.75,5,281.79395375914834,805.1795038395431,264.03589873897465,782.8014022877618,28.56795314966326,61.49500193014476,122.99000386028952,188.1928105770427,20014.6,24606
1226,761,764,0.375,2,102.11132390354827,860.5954195841589,119.9570177168399,859.0376076852883,17.913558149904723,17.913558149904723,143.3084651992378,143.3084651992378,26685.0,31637
1227,761,765,0.5,2,269.0183238636364,189.21893262987012,258.0836721028719,188.6330980410029,10.950333843984087,10.950333843984087,87.6026707518727,87.6026707518727,53413.5,87235
1228,761,766,0.625,4,83.94301829855759,729.9597779261177,107.13432093154464,749.3643572318518,30.238621262341283,55.980379900174185,149.28101306713117,273.38974908991946,14642.75,31222
1230,761,765,0.5,5,768.0791015625,366.0237967535622,790.7266430807956,383.3437154653733,28.511238503556246,92.17016522342301,184.34033044684602,274.4350822712963,7830.2,21071
1231,762,763,0.125,2,443.02223664245776,101.66510921019731,436.92529981135465,116.58130979383759,16.11414529454951,16.11414529454951,128.91316235639607,128.91316235639607,26973.0,43052
1232,762,764,0.25,2,484.98125748390953,756.2158201663299,456.3435299736385,768.5764794947945,31.1914304895895,31.1914304895895,249.531443916716,249.531443916716,20408.0,26153
1233,762,763,0.125,2,170.40666429924244,531.1508706860269,144.70251136108618,514.5176552681778,30.61645527171132,30.61645527171132,244.93164217369056,244.93164217369056,5667.5,6975
1235,762,776,1.75,10,194.93373065890125,851.0096097009736,255.28484774953174,939.817083000039,107.37329578555003,203.1938070756973,180.61671740061982,260.0244110636914,26592.1,38718
1237,762,792,3.75,13,160.12862321650124,117.66798813585608,144.63655011593593,83.65704310708263,37.373101432761885,361.49609899836105,240.9973993322407,349.94960487628015,29638.46153846154,82119
1238,762,765,0.375,4,397.5896687057783,869.4916685092373,381.9190004855226,874.2107112906074,16.365793816424954,71.91852450498587,191.78273201329566,226.0635964189037,7680.0,10064
1239,762,772,1.25,8,51.88541666666667,713.3451492537314,73.48944152227723,708.1354961347348,22.223284536317077,163.46116545176426,186.812760516302,356.26215183753203,12581.75,27276
1240,762,763,0.125,2,233.20524714543268,663.5374624399038,242.2971109479866,682.1008546560403,20.670305222088643,20.670305222088643,165.36244177670915,165.36244177670915,4076.5,4082
1242,763,765,0.25,2,380.1936544626787,557.2757349265073,375.3585284855086,585.9340998827903,29.063384613334584,29.063384613334584,232.50707690667667,232.50707690667667,29906.5,39149
1243,763,772,1.125,5,512.721975658858,69.21967651903367,478.8682324630801,95.35752043776371,42.76988207939754,82.73174327780673,165.46348655561346,265.40310535909066,18817.4,23193
1244,763,786,2.875,12,878.5308714513972,628.7421956283442,900.0348316308864,603.2886296745152,33.32122931656312,244.69031983061262,177.95659624044555,330.3084929220384,9187.416666666666,14706
1246,763,777,1.75,5,661.2988133351894,579.1897393513364,661.4950112349668,645.5699123459357,66.38046294210977,118.10987526715431,236.21975053430862,315.45327980626,15974.8,45894
1248,763,766,0.375,3,705.5243205738178,448.36837244088815,718.6709873776184,444.82816146544855,13.614989599730722,59.890321729172754,239.56128691669102,292.1892854824751,11448.0,17192
1249,763,767,0.5,5,535.9096335498805,917.2982097520908,541.0228520851917,987.9779598293934,70.86446270719769,106.72450578353173,213.44901156706345,312.77474707455707,7499.8,15415
1250,763,773,1.25,4,224.80212366334808,630.9891195381638,221.1903544463087,681.5628030620805,50.70248851934631,73.05055200264738,194.8014720070597,264.08824039796247,7190.5,14581
1251,763,773,1.25,7,28.471103625351123,787.7409805126405,40.21263321149094,723.9727624330725,64.84018163195981,111.64293264818323,148.85724353091098,227.91135506073968,4815.714285714285,8381
1252,764,766,0.25,2,147.2643026169265,428.60849449034026,153.04707559478035,465.0378924858866,36.8855188608119,36.8855188608119,295.0841508864952,295.0841508864952,89967.0,104357
1253,764,766,0.25,2,231.6632157096245,156.01954051943747,198.0616736003612,166.17131280017068,35.101597008689765,35.101597008689765,280.8127760695181,280.8127760695181,52699.0,56087
1254,764,769,0.625,4,788.4006906423504,596.3435716764343,761.8518243416553,631.2966238457593,43.89257520132236,62.944607775665986,167.85228740177595,238.6035600550223,35884.0,102752
1258,765,768,0.375,2,539.9336463306073,781.8658240726248,528.3695014400021,768.0532670454545,18.014332590460953,18.014332590460953,144.11466072368762,144.11466072368762,31278.5,37548
1259,765,772,0.875,6,750.4737622178058,794.6799650970352,783.2126845991561,730.2419861833182,72.2778677409393,127.67979099681754,204.28766559490808,320.92232555583,30471.5,63376
1260,765,767,0.25,2,796.0764768639009,676.3408328708665,823.9871337890625,683.3550885881697,28.778543279008915,28.778543279008915,230.22834623207132,230.22834623207132,8584.0,12784
1261,765,771,0.75,3,888.1477792130366,701.3351839891362,876.7997777478448,695.5545816656404,12.735481949121565,38.296085151946876,153.1843406077875,203.31049975543007,16668.0,22160
1262,765,771,0.75,3,760.2920145670573,555.2703257242839,765.3478684838473,551.0996918307178,6.554070941184767,50.789465570677436,203.15786228270974,223.1376653115556,14561.666666666666,21326
1264,765,769,0.5,2,465.7708877109554,421.2379661577517,439.9395944543298,447.4131913552788,36.77496601563417,36.77496601563417,294.19972812507336,294.19972812507336,5070.5,6842
1265,765,775,1.25,4,845.0921846137954,280.439869725841,818.4003425432421,268.10210637905607,29.405353892116818,58.78006503153141,156.74684008408374,185.81996681269854,33362.25,72986
1266,765,766,0.125,2,768.4738746598704,126.97499755386164,740.78462988494,124.95824525122549,27.762592927466173,27.762592927466173,222.10074341972938,222.10074341972938,31094.5,35935
1267,765,776,1.375,6,267.5083381616328,570.8106122906698,263.9827442354369,580.0396187297735,9.879492516594446,128.31343964277727,205.30150342844362,335.21906545628974,11869.166666666666,16425
1270,765,771,0.75,3,886.742375803428,159.28568768411893,889.7330934758771,194.2116688204887,35.05379509460221,35.38399893658722,141.53599574634887,172.24550498777043,10862.333333333334,15618
1271,765,782,2.125,5,300.8749556337119,450.6336534428239,254.19820642605632,548.193252090669,108.15079382474731,143.82829229570558,287.65658459141116,315.6360804726663,16994.0,56619
1274,765,768,0.375,3,867.084473488075,828.0604171103067,877.9827488352811,783.9490164047694,45.43773847528065,64.72921095510698,258.9168438204279,293.93241762096835,7107.0,12393
1275,765,793,3.5,16,40.1572426528834,857.3306400506971,58.19390247782141,810.1367897623982,50.52307000445345,256.8811812632682,137.00329667374305,353.66662145011435,9395.625,31578
1277,765,766,0.125,2,146.1741641988778,904.2263384507481,156.5756845530452,876.7725242509823,29.358193742010453,29.358193742010453,234.86554993608362,234.86554993608362,2776.5,3984
1279,765,781,2.0,5,350.07941211685824,991.208273467433,364.08304242103236,1009.9864575308167,23.424812878960257,47.017176210909,94.034352421818,179.40702452967184,1868.4,2540
1280,766,769,0.375,2,478.1878255974805,229.82272031833395,481.5693154786745,269.86930804502964,40.18909880015414,40.18909880015414,321.51279040123313,321.51279040123313,81637.5,116375
1281,766,769,0.375,3,314.7971344268854,182.04040183036608,354.1183650362319,246.545344580314,75.54499861544421,86.22659843431748,344.9063937372699,359.5228302004742,19066.0,21424
1282,766,789,2.875,11,481.5816192595123,715.4991142530456,491.59445484413203,733.6624961797066,20.74042717637184,246.89508005147565,197.51606404118053,334.05552790853875,19618.090909090908,93827
1283,766,773,0.875,7,542.3849117185343,495.75944378795197,567.4827160203313,475.81179666583,32.059451125682074,198.8455623778385,265.1274165037847,334.7043089515138,34175.0,70575
1287,766,789,2.875,17,65.75860430743244,119.96768294522201,91.85708264802632,256.30222553453945,138.81007915397518,335.30870311478657,167.65435155739328,334.92853820779595,16000.764705882353,34667
1288,766,771,0.625,4,36.25656636555989,255.89432779947919,36.39118050302572,296.0750854923096,40.180983185282514,106.98795474495262,285.30121265320696,327.22909321088497,4241.0,7762
1289,766,767,0.125,2,693.1141198009839,904.1072436829159,725.4082073987965,873.2259898112692,44.68288189519887,44.68288189519887,357.46305516159094,357.46305516159094,3082.0,4376
1290,767,771,0.5,2,431.00094123881763,196.56387951764327,439.9214714530233,187.452458776776,12.751229243475395,12.751229243475395,102.00983394780316,102.00983394780316,87951.0,161466
1291,767,771,0.5,5,91.74346048125452,481.0436362202596,107.19500638841566,519.7613860200171,41.68710136814179,102.18819816025703,204.37639632051406,326.96753355996856,33995.0,47589
1292,767,769,0.25,3,498.642940873742,664.8275695170566,488.04471027833245,628.517473789316,37.825197203863524,78.42198704802749,313.68794819210996,340.5707374440457,23288.333333333332,32075
1293,767,768,0.125,2,576.4840381889046,535.9793572462888,577.1763405814628,553.6846882256192,17.71886078985829,17.71886078985829,141.75088631886632,141.75088631886632,30744.0,56431
1294,767,772,0.625,2,323.9713706487342,764.8583754803345,303.13146532012195,775.5674104420732,23.43043072410881,23.43043072410881,187.44344579287048,187.44344579287048,6176.5,8024
1295,767,799,4.0,16,131.31193336601194,261.19429147435454,82.27162749191811,393.90225956357756,141.4791730064709,421.3194228748443,224.70369219991696,343.8473109236289,16305.75,33512
1297,767,770,0.375,3,903.4772611492781,760.4748231544015,897.2945089285714,790.2562723214286,30.416461653369055,30.443369849380794,121.77347939752318,140.50038066046963,6166.333333333333,8404
1298,767,797,3.75,19,798.9861855718585,869.6638244215576,812.249814774216,826.2901447996788,45.3563660753263,354.7469103611771,157.66529349385647,333.83290310550984,23128.315789473683,58444
1299,767,770,0.375,2,32.48483370223672,348.6535560344828,37.472429057223266,378.9488742964353,30.703133651438186,30.703133651438186,245.6250692115055,245.6250692115055,3143.0,4200
1300,768,769,0.125,2,779.2549251292019,234.38914663302268,768.5753919037775,231.4269622093023,11.082732807077646,11.082732807077646,88.66186245662117,88.66186245662117,90347.0,92073
1301,768,770,0.25,2,215.63468717816684,562.249073580256,249.07428671292462,587.7764537593206,42.06963222862155,42.06963222862155,336.5570578289724,336.5570578289724,15665.5,26607
1302,768,770,0.25,2,338.9555703760163,342.2308785180951,302.0747604618093,344.81732885292524,36.971392525335176,36.971392525335176,295.7711402026814,295.7711402026814,29979.0,34667
1303,768,783,1.875,8,179.0942209740441,775.0522366906224,115.07798186317966,783.0417543956855,64.51287672285966,130.1499405115708,148.74278915608093,309.48142895624426,8686.75,14992
1305,768,774,0.75,4,136.0863776408451,685.5830365717029,168.3477358304852,699.1715477776103,35.00632612876319,90.32562175290605,240.86832467441613,304.03999992835713,12894.0,29206
1306,768,769,0.125,2,32.979121202863126,411.80777540153633,26.593584363957596,420.02001435512364,10.402689524917886,10.402689524917886,83.22151619934309,83.22151619934309,2508.5,2802
1308,769,770,0.125,2,527.4308164223349,844.858495989496,530.3414626533221,854.5260658573554,10.09622546459339,10.09622546459339,80.76980371674712,80.76980371674712,100323.0,102670
1309,769,773,0.5,3,612.8197649001522,115.823909557118,585.715192179639,159.4095893293134,51.3261078162562,79.8342446134582,319.3369784538328,324.78138935906907,41748.333333333336,66136
1310,769,773,0.5,3,708.2116208387728,543.1782209564022,726.6979666614795,545.1880871404469,18.595282841475527,54.949789877092385,219.79915950836954,289.5581729292539,28911.0,35982
1311,769,772,0.375,3,763.0504331948252,420.64801447909525,711.7804532648657,370.9994055706522,71.36942768834554,74.16543291516773,296.6617316606709,338.46952966282396,14081.666666666666,30412
1313,769,797,3.5,19,865.5913888405292,556.8617788461539,898.8282417629075,510.23782026397515,57.25802918418103,392.82514939517,174.58895528674222,348.8424533408335,14396.21052631579,29359
1314,769,780,1.375,4,529.7917448146513,581.5778802129303,532.3362617303642,612.8136904577552,31.339278995935132,41.578402182947194,110.87573915452585,257.90597597843055,18146.25,25056
1315,769,800,3.875,14,746.3329940322202,823.9317150385112,781.2625085969738,876.5455156035076,63.15285423179659,343.42676299088686,211.33954645593036,336.8973610175549,20870.14285714286,39161
1316,769,778,1.125,4,701.5944877458138,695.4719991238318,655.0735851364934,687.3363685886414,47.22692943428562,87.3463281088462,232.92354162358984,335.8864686811274,15578.5,36996
1318,769,784,1.875,7,81.48651727421111,827.1961371055495,23.402207880434784,780.970703125,74.23326575358296,174.70970692928762,232.94627590571682,324.64561955438705,10696.42857142857,21013
1319,769,781,1.5,5,809.0223058363971,633.4239889705882,752.4297897941633,638.9192127510541,56.858687606977774,84.63301371255882,169.26602742511764,257.90868020717176,36701.2,80451
1325,771,779,1.0,5,192.6422742095317,224.66217748334122,206.47019341081406,203.81388150581463,25.017249940865696,90.50541165603745,181.0108233120749,238.36559824505724,55718.8,132702
1326,771,774,0.375,2,684.8544870431341,138.5449955145753,691.2761391068196,167.02383590449608,29.193868623079396,29.193868623079396,233.55094898463517,233.55094898463517,36311.0,66136
1327,771,782,1.375,6,199.51071355660454,569.1652226736775,144.05737885462557,568.7446431029736,55.454929598233186,142.3438962107544,227.75023393720704,297.0214220678218,22916.333333333332,41607
1332,771,790,2.375,8,97.04410807291667,415.20312135611005,148.6894984767799,423.5359129875504,52.313303913444905,152.55113500875663,174.34415429572186,316.1954597763194,24034.25,45870
1333,771,772,0.125,2,361.59797769005144,606.1117644547572,326.0396067593845,619.6961288890768,38.064848618210796,38.064848618210796,304.51878894568637,304.51878894568637,11876.5,12178
1335,771,772,0.125,2,341.87894549940194,184.13915034389953,362.56181376689193,202.68848652742346,27.782348939924695,27.782348939924695,222.25879151939756,222.25879151939756,32478.5,56776
1337,771,777,0.75,4,373.25787879873855,875.1852978067661,334.579828524361,893.5463700787074,42.81495705945208,72.52831257272791,193.40883352727442,259.91042885592,14242.5,29405
1339,772,800,3.5,19,582.3397734630589,893.297897964052,596.966516549502,905.3085470018411,18.926101120562432,458.0580589134847,203.5813595171043,327.2118261278621,37088.63157894737,94136
1340,772,779,0.875,7,549.6258626471097,720.2284263856438,570.1246315777412,662.1413248876971,61.59797795467143,159.7410398605901,212.98805314745346,285.75614242402804,28897.14285714286,53374
1342,772,779,0.875,7,867.40636861911,255.1649891833915,810.2587892019492,184.16178445844636,91.14439595747605,187.2816545045786,249.70887267277146,319.7380612333884,39177.857142857145,52446
1343,772,780,1.0,6,702.8889294391645,236.87932070178266,680.6401211225431,276.7613273023429,45.668193767620096,114.64247631025793,183.4279620964127,330.5815587219488,16326.5,22305
1344,772,774,0.25,2,565.6615400948922,287.4257190135895,562.3687430862832,273.77481102507375,14.042428602304803,14.042428602304803,112.33942881843842,112.33942881843842,5405.5,6635
1345,772,774,0.25,3,781.8867304804804,391.82343615937367,755.8258180036189,406.18739916314837,29.75726116934226,46.13614784038271,184.54459136153085,254.13123564543525,14373.333333333334,17771
1346,772,800,3.5,16,894.1495136887609,740.5805610590777,894.6068490263273,848.7124979601828,108.13290402830931,301.3297930632573,160.70922296707056,328.50954716090854,10919.0,29699
1348,772,777,0.625,3,134.38292872736093,864.6883388583441,139.5457728915013,859.2706603213977,7.4837290566192625,13.028212680521559,52.112850722086236,64.33553575060186,3305.6666666666665,4536
1349,772,782,1.25,7,824.173005756579,896.7967359229876,830.7176963404605,923.0484426398026,27.055222793102555,69.17323798443914,92.23098397925219,147.73430218137176,1481.4285714285713,2528
1350,773,781,1.0,5,415.086013228805,133.35851542154947,430.7050844943804,122.43602503348475,19.059280770178347,86.66344715172289,173.32689430344578,295.69507315600055,37490.0,80032
1351,773,776,0.375,3,416.64939345876417,394.0342840706651,359.26976390452955,359.72162787787784,66.85641527023128,67.27572370505897,269.10289482023586,335.42374748479824,39297.666666666664,56032
1352,773,775,0.25,2,734.5318613281249,704.7124929687501,743.8044750659496,713.7103944116709,12.920665459155419,12.920665459155419,103.36532367324335,103.36532367324335,36451.5,39145
1354,773,777,0.5,4,132.1278750353307,585.4718083133126,68.17032545979085,570.1155520307428,65.77524423917865,92.33861381104003,246.23630349610676,294.3185957666197,10937.75,23620
1355,773,797,3.0,9,596.4459382857399,723.8349665499281,665.892120031894,692.1186403643278,76.34590693567841,163.8492657059506,163.8492657059506,246.55165586738957,25557.88888888889,45236
1357,773,799,3.25,12,866.5731586895911,421.5974176845459,810.2232290837974,338.4605563013789,100.43431827429224,258.1284978300645,187.72981660368325,352.8919015644837,16428.166666666668,49146
1358,773,777,0.5,5,718.9434818853641,64.69466756038211,735.1128532980828,65.80001331405965,16.20710835151095,105.25238237310363,210.50476474620726,269.16554947256964,10632.8,15618
1360,773,785,1.5,4,216.93291260445682,449.55848276462393,221.74672551252849,398.31373214767416,51.47035321918135,72.42635014791648,193.1369337277773,336.9953786471136,13959.75,32651
1361,773,776,0.375,3,652.7902077414773,378.67998046875,646.6079804094057,404.7294749078418,26.773047927303438,43.02269897685768,172.09079590743073,193.66383253648831,17286.0,43803
1362,773,780,0.875,4,153.34076223201936,474.69142786134165,123.15482735339506,433.1076147762345,51.38486328865411,101.38581980770653,270.36218615388407,301.7564572990783,20425.75,55543
1363,773,782,1.125,8,119.34668333592778,75.98523116438356,116.64400499726177,73.94029812431545,3.3891328301877843,34.45864380202826,39.38130720231801,102.06528060194613,3433.375,3910
1366,774,786,1.5,5,479.0205721319415,404.400927881511,437.0914511956726,385.75342269148035,45.8887854742363,94.31276360615385,188.6255272123077,269.9236725635981,38235.2,72747
1367,774,796,2.75,9,566.7023200536369,114.86663973217495,521.7538568871104,113.46390585509688,44.97034582213585,155.41480592001133,155.41480592001133,276.0478020470098,30902.666666666668,60405
1368,774,776,0.25,2,78.62629803814674,218.3681116695543,91.6625515518181,198.74744601766076,23.556621708048546,23.556621708048546,188.45297366438837,188.45297366438837,36134.5,39509
1370,774,784,1.25,5,214.94209192154256,89.13981466090425,196.2584043098399,65.43315294318626,30.184201042432893,41.50670180031494,83.01340360062989,143.26621516644292,10605.6,12608
1371,774,777,0.375,2,701.4788504718053,823.3858820770805,702.670028895548,855.3816199853229,32.0179035904934,32.0179035904934,256.1432287239472,256.1432287239472,14305.5,20003
1372,774,787,1.625,11,859.035603368356,334.46858872836833,912.7307609881547,289.38951449501246,70.10914979909138,240.1122082841826,192.08976662734608,349.97880854145126,18522.272727272728,33116
1373,774,779,0.625,3,779.4052611175358,857.0973737121531,750.2497691830087,831.2194308597278,38.983466190394935,39.10396830323959,156.41587321295836,225.33934360669943,23393.0,30341
1375,774,783,1.125,5,317.3143352118808,276.4685837122678,297.9696766429129,326.2180091594828,53.378096139502276,107.47029623263056,214.94059246526112,296.1908544964261,23886.0,45666
1376,775,776,0.125,2,599.086094367589,229.34001976284586,622.6830792682927,210.49020977429922,30.201540242317925,30.201540242317925,241.6123219385434,241.6123219385434,39262.5,53766
1377,775,776,0.125,2,78.69400275120417,458.9468323521541,85.28838160972208,438.0561014265784,21.90681334960596,21.90681334960596,175.2545067968477,175.2545067968477,25201.0,35774
1379,775,779,0.5,3,432.13690397311103,748.713169212606,432.1667156596719,752.341454866136,3.628408124821067,11.40131871076317,45.60527484305268,57.828790389888376,8907.666666666666,10154
1380,775,780,0.625,3,666.6318174342106,66.89953947368421,676.1078333032306,116.77766708703169,50.7702914209018,52.30742763902021,209.22971055608085,319.65832635574753,24109.0,37927
1381,775,790,1.875,12,552.654118759827,991.1502524321934,535.7439022393924,953.6531714493846,41.133763564732384,151.38946563737852,110.10142955445711,304.8912691098775,9515.083333333334,35191
1382,776,778,0.25,2,323.78189086183687,163.42889814768648,285.8765554113082,164.38233752835475,37.9173245663472,37.9173245663472,303.3385965307776,303.3385965307776,101270.5,104404
1383,776,798,2.75,9,435.6514620079968,501.2408688747732,511.2207434157821,444.46617217229124,94.52027548705017,188.95262058562014,188.95262058562014,293.4490473014378,40904.77777777778,91932
1384,776,778,0.25,3,165.32925667645412,622.6466042215964,166.80483216343666,650.8848529625992,28.27677518700696,83.03453283957197,332.13813135828786,355.95310820924516,28038.0,45345
1385,776,777,0.125,2,209.20914281128233,851.2277262110345,217.5746934955865,891.7050456394077,41.332745207138395,41.332745207138395,330.66196165710716,330.66196165710716,18940.0,26830
1387,776,792,2.0,10,86.96904073234732,924.7751371660305,119.51471477586888,955.9436648400474,45.06326681803163,146.78204483260927,130.47292874009713,292.650024248883,5016.8,8071
1388,777,778,0.125,2,517.822707544192,832.9267821443602,527.625,792.4231918797349,41.67284201628016,41.67284201628016,333.38273613024126,333.38273613024126,30098.0,58130
1389,777,779,0.25,2,235.62424947842544,621.9457764587916,218.5935379368568,608.9472515544597,21.42444364039949,21.42444364039949,171.3955491231959,171.3955491231959,37949.0,45643
1390,777,789,1.5,7,806.3586760876225,672.4215937595742,772.0801435596447,704.918855375272,47.23441335288004,128.15248493513218,170.86997991350958,326.04894387816427,15339.0,26990
1391,777,793,2.0,7,709.2184203349589,436.1907308778234,745.9414734703632,418.5040805250159,40.76027762771247,156.54145201289631,208.72193601719508,348.83234644137457,22811.14285714286,34886
1393,777,795,2.25,8,484.85241761183374,978.013862726047,450.1214155426824,909.4779749366,76.83365421360004,91.09923854038801,104.11341547472917,324.5656235968572,24312.125,47851
1394,777,778,0.125,2,421.0869452768265,986.571342572774,413.4066775315716,990.801881138915,8.768350426300767,8.768350426300767,70.14680341040614,70.14680341040614,3806.5,4184
1396,777,782,0.625,2,766.2657513625176,923.6755669831224,767.9422190258512,927.4329386034048,4.114411904404622,4.114411904404622,32.915295235236975,32.915295235236975,2943.5,3104
1397,778,788,1.25,5,324.51066495247426,808.7601397542991,281.57310368854587,810.1746603936106,42.96085469276236,122.89583805245252,245.79167610490504,341.3831502130497,107636.6,131935
1398,778,782,0.5,2,372.97923508121465,414.08902309069816,373.1530066103428,414.5817040806389,0.5224280832655258,0.5224280832655258,4.1794246661242065,4.1794246661242065,49372.0,50243
1400,778,780,0.25,3,736.5408242852325,489.9137313038346,752.4120428489015,561.1008992703458,72.9349604907553,77.62537027325416,310.50148109301665,325.6388762726056,35465.333333333336,38566
1402,778,800,2.75,13,864.9727361505682,686.2460759943182,858.9323343579235,626.0819458674863,60.46659414697461,287.52767217385167,191.68511478256778,328.78559684960544,13460.846153846154,25401
1404,779,780,0.125,2,341.9440261575193,478.9809475867384,321.5798508260927,444.10197102093207,40.38864497859705,40.38864497859705,323.1091598287764,323.1091598287764,26679.0,37168
1405,779,780,0.125,2,257.97431265380396,869.1443079562974,296.24836198251955,863.3497074471377,38.710208564120514,38.710208564120514,309.6816685129641,309.6816685129641,72532.0,79050
1407,779,783,0.5,2,419.7295579176683,863.7971714564732,429.9673368528045,829.2652982907401,36.0175288138844,36.0175288138844,288.1402305110752,288.1402305110752,23391.0,35383
1408,779,793,1.75,9,681.412226622627,900.4696318624935,694.4952366979657,894.4204372065728,14.413809649659989,170.2573054855153,170.2573054855153,270.7916737274053,12100.222222222223,23459
1409,779,784,0.625,5,552.3505688902743,843.0509971815253,516.1916666666667,834.2876826803483,37.20567014667189,85.52362806662893,171.04725613325786,303.43856933572135,9742.2,13462
1410,779,800,2.625,17,51.827726375853246,477.35390758319113,92.49147405278498,582.485584318329,112.7218249864448,381.8045195437748,190.9022597718874,330.7021322085964,11498.529411764706,22058
1412,779,784,0.625,3,598.5977641326238,472.7680793296893,604.0573058197464,459.80373722179087,14.067009693750032,43.936106742433,175.744426969732,204.59307548637503,13051.666666666666,24790
1413,779,784,0.625,5,41.10939241917503,875.8522113642698,82.85878324860006,858.158014892794,45.34419724065326,61.89433155426595,123.7886631085319,257.947890947059,17009.2,26564
1414,779,784,0.625,3,110.7345452724359,313.70318509615385,125.47941706730771,332.8791932764064,24.189471552233613,74.22442944390559,296.89771777562237,353.7198566090796,6671.333333333333,8615
1415,779,797,2.25,13,902.0239782219571,134.52658860381862,883.0965510324819,173.75358005381221,43.5546135125862,222.95063617153377,148.6337574476892,325.8955142958392,14807.153846153846,27069
1416,779,782,0.375,3,542.8275148960446,451.7838251140974,507.70118798324745,482.6903727594892,46.78753605119178,51.754512060203105,207.01804824081242,231.94483974881342,22593.0,41768
1420,780,793,1.625,6,450.1240619819624,680.9288160867935,503.3397378454119,658.798803394533,57.63371946493935,160.88870507125057,257.42192811400093,310.41781946641186,14934.333333333334,26278
1421,780,781,0.125,2,711.8878254211332,801.7318403385474,697.2726719535176,801.5343841603853,14.616487260085847,14.616487260085847,116.93189808068678,116.93189808068678,17125.5,17893
1422,780,799,2.375,13,799.9223301837395,121.24780440784463,775.8116885764614,98.55180307280793,33.11240727151378,246.09922198883118,164.0661479925541,277.63928744418826,19469.384615384617,49464
1424,780,781,0.125,2,911.0972581309952,416.93429162919665,905.2034851507092,415.7422547809017,6.013111656276027,6.013111656276027,48.104893250208214,48.104893250208214,3563.5,3863
1427,781,785,0.5,3,675.9789153092789,171.79093440387862,622.7450192181058,155.3364188473431,55.718926544273,56.22716419585555,224.9086567834222,235.6006202041706,70519.66666666667,106361
1428,781,782,0.125,2,126.17302436223942,287.65042360333393,136.20492878036967,268.73121149450986,21.414380520416103,21.414380520416103,171.31504416332882,171.31504416332882,84833.0,90879
1432,781,790,1.125,5,306.157003281062,84.70701362251805,308.5116515258562,71.94545090264889,12.976973892624853,93.24200630429667,186.48401260859333,288.27162231599294,16118.6,23201
1433,781,787,0.75,4,597.5403584702661,761.9191302327856,584.0384244272908,726.801781712436,37.62353505454478,65.28317103869574,174.08845610318863,334.9057731526832,10465.0,13755
1438,782,788,0.75,3,789.1778618913221,797.1047066881704,813.575656917093,751.0001496113739,52.16207995629698,53.36463332855504,213.45853331422015,328.0258689489911,68404.66666666667,79116
1439,782,792,1.25,5,611.0354753410612,379.4288871568464,551.7041172985782,339.25104572190247,71.65520908864062,153.79422860670994,307.5884572134199,354.20459561148255,27280.6,43678
1440,782,788,0.75,4,204.04366090125643,536.0272883778995,244.37298222190148,479.4046802829099,69.51671673534801,84.37693246766452,225.00515324710537,332.3740967767733,16527.75,35594
1441,783,788,0.625,3,532.0941179229707,184.9496335779899,549.0804360458588,138.58191194304706,49.38117670719792,57.690773266501054,230.76309306600422,296.3470728370343,47699.333333333336,81500
1447,783,796,1.625,6,725.925622125987,114.95666221771475,711.8547538325471,164.1876860996462,51.20237345079464,140.77188375493583,225.23501400789732,353.48139367894964,26279.666666666668,63748
1448,783,786,0.375,2,313.1424797395888,581.5816323680198,301.1109657096289,539.7668748432799,43.51127758071364,43.51127758071364,348.0902206457091,348.0902206457091,24465.5,37223
1449,783,793,1.25,4,816.3734062139637,672.4530992013051,907.3238387302036,664.0216081023756,91.34041393075931,92.87470271451092,247.66587390536245,290.3596733696937,20967.5,37340
1450,783,800,2.125,12,108.5184745828926,514.9198360419272,105.37025765966628,518.56369120397,4.815490653883063,265.59312158694746,193.15863388141634,359.63221642254354,16371.166666666666,70121
1451,783,786,0.375,2,456.4384031971728,541.543057410572,477.0063414051387,569.8625866820768,35.00051171463521,35.00051171463521,280.0040937170817,280.0040937170817,20249.5,29492
1454,783,787,0.5,3,484.5474757632013,983.4392610354786,414.94422485930096,1007.3312444460901,73.58966916411731,73.62324330595993,294.4929732238397,340.4735995310149,5278.666666666667,6603
1455,783,790,0.875,4,756.408399321267,270.5685378959276,765.2985858200188,294.1608768713077,25.211780466913286,73.48662656329263,195.9643375021137,286.4341528379287,11269.5,14577
1458,783,791,1.0,6,59.35907451923077,905.0120102611941,52.423000472462206,893.3256513228943,13.589705972427664,95.81726486536226,153.30762378457962,224.67786836655782,8201.166666666666,13673
1459,784,790,0.75,3,674.2639077295457,218.85177168670427,715.993025971105,216.79915557525402,41.779570870450776,58.15231932473887,232.60927729895548,329.021114280121,41988.333333333336,110378
1460,784,787,0.375,3,470.75087316565737,145.4892629409834,446.2196248600224,145.00735319848826,24.535981342359833,41.74759086961114,166.99036347844455,182.28396385641284,24152.666666666668,46215
1461,784,797,1.625,5,372.797506337222,306.53406324956387,343.3970549508427,352.7995319397071,54.81678698028073,121.5620606624748,243.1241213249496,358.9193202360792,32033.2,44880
1462,784,785,0.125,2,555.0038801920471,946.3267659148946,539.1416270155353,919.2267264348035,31.401006602627515,31.401006602627515,251.20805282102012,251.20805282102012,22680.5,26583
1463,784,792,1.0,5,205.0372734375,262.7047626953125,144.56610263296693,270.62494361397955,60.98763615894151,110.28752839980329,220.57505679960659,321.6646998224091,19392.8,35254
1464,784,788,0.5,2,554.4235277341412,485.7512319531717,572.908185523388,519.4867578114101,38.467756348888315,38.467756348888315,307.7420507911065,307.7420507911065,73420.5,140300
1466,784,793,1.125,4,54.53162159222738,310.1365465487239,57.287629107026675,277.30911475276514,32.94291814244687,69.73841328074029,185.9691020819741,236.45260055832034,8064.5,12033
1469,785,786,0.125,2,209.39482815803746,760.9289829869979,242.80715104286418,776.4026589900822,36.82143356264584,36.82143356264584,294.57146850116675,294.57146850116675,164919.0,187283
1471,785,787,0.25,2,683.0020849185287,624.9117193589469,681.1001001088291,645.304087980662,20.480875084337484,20.480875084337484,163.84700067469987,163.84700067469987,70267.5,105465
1472,785,791,0.75,4,751.0814882520677,355.5618579909285,767.2242724546044,388.56133471141374,36.73628921972813,89.27624419233274,238.06998451288732,277.16375043251486,28374.25,60499
1478,786,793,0.875,3,268.86959277565325,106.94587772405401,229.1606564911643,90.75068242506431,42.884542338912986,57.01155054374122,228.0462021749649,318.4960177662588,42032.333333333336,53484
1480,786,788,0.25,3,807.9281160391886,524.3747444509346,765.1327746801521,522.0804806362379,42.856795126186036,54.36474294863068,217.4589717945227,339.41707829555486,7202.333333333333,9563
1483,786,795,1.125,7,441.57101396504453,47.182089080705964,447.8102717486053,91.03653642201301,44.29605952340678,64.18254620185012,85.57672826913348,215.46330994035648,6877.571428571428,8471
1484,787,790,0.375,2,429.1907292519719,506.59353499714456,455.4202124896093,506.8938321977794,26.23120220886207,26.23120220886207,209.84961767089655,209.84961767089655,78374.5,90821
1486,787,796,1.125,4,117.82324998613575,721.7503607178509,96.21980305008974,722.3810313781887,21.612650577852936,77.73622623789271,207.2966033010472,300.69534401418343,34682.25,61763
1487,787,798,1.375,8,619.001355815983,73.97852560855878,597.8300409630674,79.14455036185105,21.79248458420725,152.5932433107539,174.39227806943305,307.4527640179184,36985.625,49812
1488,787,793,0.75,5,60.195636650049536,157.86207270250188,67.34601767322097,151.47121859394505,9.590149373882964,90.57082717696687,181.14165435393375,327.98054332691396,14382.8,17865
1489,787,794,0.875,4,865.2398296734234,134.8805773407336,845.5456761508951,139.7415623858239,20.285188157310845,94.32366252471178,251.52976673256475,275.48607577374213,9555.75,15207
1490,787,796,1.125,6,862.1656808807014,234.29335208621288,869.5654465017765,250.59991096440285,17.906992871353935,124.26229187488264,198.81966699981223,292.9612257780952,12021.0,16601
1492,787,797,1.25,5,33.30347387341486,486.7905945708786,24.76011000472292,428.3529055809194,59.05889061504686,106.61046000100218,213.22092000200436,274.8493842128153,5634.2,7097
1493,787,793,0.75,5,26.884506777108435,568.2410438629518,63.50362297847136,620.2981690358467,63.64671203318658,100.69454840741506,201.3890968148301,345.22982812701764,5959.8,9500
1495,788,796,1.0,6,860.1167875426621,412.6756548267036,875.431071675841,442.1087921610025,33.17886182272438,82.13703625994076,131.4192580159052,273.81128736413734,30488.333333333332,36659
1496,788,795,0.875,3,415.3434786350607,92.70371427467401,406.55199036940803,130.41805171147763,38.725463382924104,38.77306405756931,155.09225623027723,158.33237579397806,18087.0,28188
1497,788,798,1.25,5,650.7516917913732,270.4153003961267,640.886451084047,311.62823947499237,42.37722645161875,107.07252943269789,214.14505886539578,292.9301544412783,13234.6,23941
1498,788,797,1.125,6,771.487954024869,243.32544000093492,728.4742926673945,292.345423944687,65.21605545585547,125.20615719662598,200.32985151460156,263.42518135502695,17977.166666666668,31316
1500,789,798,1.125,5,332.77192842184064,133.6465662549276,385.8304105140556,80.46777528821856,75.12114436435874,150.5851557438723,301.1703114877446,343.3985515796694,32414.2,53480
1501,789,799,1.25,5,602.8011007886038,618.2257141906656,619.0083993004419,593.3775411582159,29.666618076592254,125.72153563853819,251.44307127707637,314.101076515786,16020.2,24321
1502,789,798,1.125,7,693.3569943669528,534.518029457025,683.4998778103617,579.7066264968231,46.25118430089624,175.93820982120258,234.58427976160343,348.2941783323692,10748.714285714286,18382
1503,789,797,1.0,7,806.8480442823562,550.1866418349005,807.4845707900366,524.6480411445599,25.546531882344482,105.77036323688971,141.0271509825196,217.30074440059715,9125.42857142857,17693
1504,789,793,0.5,2,412.7296963385391,875.8560451764635,420.0106249874063,901.9071416337551,27.049427879661533,27.049427879661533,216.39542303729226,216.39542303729226,28262.5,48567
1506,789,796,0.875,3,638.6576954601844,715.5261179702268,616.9135579207829,736.1602153027242,29.9762154058745,70.44757865607177,281.7903146242871,350.49796857338674,16665.333333333332,26153
1507,789,800,1.375,6,355.438215506662,939.1810911202664,374.27058782183195,958.8652186722338,27.241936871289145,121.89333745415716,195.02933992665146,315.579767326409,13141.833333333334,20449
1508,789,795,0.75,5,418.4046748031996,752.0251634713053,408.8074763959987,730.2260882979001,23.81818413907638,105.45570111224606,210.91140222449212,298.3419285608359,54980.6,179626
1509,789,800,1.375,9,221.76243750773898,948.1565102231922,183.77572668584426,948.0598794571181,37.98683372658487,222.55651072075761,222.55651072075761,354.52218623326576,19563.444444444445,31899
1510,789,799,1.25,4,823.5555439864575,226.09350480975925,798.6714485764825,236.11441537110127,26.826048028942946,67.24509446425262,179.32025190467365,258.2794399476303,35760.75,92007
1511,789,800,1.375,7,899.2575968174847,133.8202046587423,898.3500758968361,115.04002339572192,18.80209569418572,104.41921788806876,139.22562385075835,284.12862995334194,5762.285714285715,11724
1512,789,795,0.75,3,218.0326453790239,221.38003796728972,193.11652919261095,219.26279455275068,25.005910611118292,53.58419560027717,214.33678240110868,282.4283707447681,103207.33333333333,166602
1514,790,791,0.125,2,462.5687757326616,259.3737449333828,493.147279075896,234.82133641514406,39.215629929387575,39.215629929387575,313.7250394351006,313.7250394351006,60187.5,114805
1517,790,793,0.375,2,300.66763841661736,599.1499632706239,331.2880559069677,615.6646802709504,34.79002507737279,34.79002507737279,278.3202006189823,278.3202006189823,41816.5,70395
1519,790,798,1.0,7,700.7370521858948,460.0305465628567,742.8032277169084,508.128422740228,63.89811277792007,161.59019306007824,215.45359074677097,337.2670328676317,17739.714285714286,40644
1520,790,797,0.875,5,103.1763648216689,873.2955636536243,136.02652138157893,909.992651872218,49.25250318241546,102.11763692581442,204.23527385162885,332.14905237697945,25325.6,44848
1521,790,800,1.25,6,799.7758682019393,663.1124677223861,772.2340423016645,726.7876080002973,69.37633359678723,111.337981743534,178.1407707896544,321.429276504834,17846.0,36217
1524,791,799,1.0,3,252.1120152193309,649.8992062490195,226.31345297868407,689.4992673202845,47.26235976474778,61.266670540035214,245.06668216014086,279.72425675745836,69040.33333333333,99812
1527,791,798,0.875,4,336.26761903941565,865.6600729855751,324.2688376928355,840.6234982786768,27.763299999408147,64.98108002899215,173.2828800773124,319.33115992912917,24781.5,60432
1528,791,792,0.125,2,54.34195995145631,109.6254272855987,55.97010725635593,110.53445279396188,1.8647227733115774,1.8647227733115774,14.91778218649262,14.91778218649262,5794.5,6047
1529,792,794,0.25,2,134.1564907345106,783.3557629095491,147.21945638475742,778.1178913892494,14.073960694939235,14.073960694939235,112.59168555951388,112.59168555951388,84653.5,98039
1532,792,798,0.75,4,364.35006541240966,301.37717798015825,346.40112676531595,267.0225703817629,38.76084960107118,88.93904791819733,237.1707944485262,332.8329743875366,27303.5,34440
1533,792,797,0.625,6,186.2189204866545,506.83184242414364,187.41203951800588,510.38683741119553,3.7498696485260523,128.6151052119835,205.7841683391736,331.42671407653245,14780.833333333334,24563
1534,792,798,0.75,3,856.103875492126,500.10755589145106,869.987752837847,486.69109888675564,19.30708079202718,58.63632041495265,234.5452816598106,279.53480970958054,11914.0,17400
1535,792,799,0.875,5,321.8876953125,449.058325143257,350.2762601468656,450.24690461946324,28.413435809951547,116.39405559952394,232.78811119904788,333.27402090934726,25434.6,48524
1536,792,798,0.75,3,430.6315943901745,405.94413884673753,411.964598469123,425.36559418785674,26.93788529717283,30.974924302162073,123.89969720864829,150.62333408663343,5534.666666666667,7543
1537,792,794,0.25,3,812.7089578619909,644.389900311086,840.4132564879812,667.6121146099233,36.14968048681999,39.68805565185677,158.7522226074271,207.67127644325873,12009.333333333334,18402
1538,792,797,0.625,3,273.48094978672106,408.671237481454,246.672229600318,432.5721939144261,35.91605764061093,73.17255711825229,292.69022847300914,345.02443767169336,9433.333333333334,13540
1539,792,794,0.25,2,221.61027088471025,394.5394526433416,197.51196256777308,386.4392335856916,25.423257315302425,25.423257315302425,203.3860585224194,203.3860585224194,8987.0,14800
1542,792,795,0.375,2,546.8588983753316,1029.3543393567638,571.8938804665806,1000.9039862033916,37.89687220419066,37.89687220419066,303.17497763352526,303.17497763352526,6409.5,9868
1544,793,799,0.75,6,582.7205872844828,280.24024245689657,584.5937534386003,261.50030357928824,18.833323142170826,75.98269947901446,121.57231916642313,258.6367428582572,18946.0,31128
1548,793,798,0.625,2,139.14114440834473,663.85191625342,161.84514776649894,663.973975397847,22.70433145727519,22.70433145727519,181.63465165820153,181.63465165820153,15516.5,16726
1549,793,796,0.375,4,904.8085064594972,743.8837115921788,911.8742897727273,738.9683789857531,8.607310175735039,17.650501914783835,47.068005106090226,82.89391279097038,3644.25,5304
1551,794,798,0.5,3,133.8073835106701,185.55925199130255,145.70232422026865,231.0600240066869,47.029882718127716,47.03061839119462,188.1224735647785,341.88989940641056,89662.0,102811
1552,794,797,0.375,3,620.019032882746,326.3796783237141,631.3256209689803,368.83860565110564,43.938587186486686,73.1527362348157,292.6109449392628,307.3592880897762,15154.0,31864
1553,794,798,0.5,3,556.2717529296875,470.59227294921874,619.1005863469602,415.671083922956,83.44938173907512,87.93705457428291,351.74821829713164,358.6628224485354,17157.0,26305
1554,794,798,0.5,2,711.4690764429887,734.7563416622404,725.0767690857799,712.9991917565408,25.662090154150732,25.662090154150732,205.29672123320586,205.29672123320586,18090.5,19600
1557,794,799,0.625,3,359.30208970048903,936.1714523800429,402.5464816162983,942.0385928041594,43.64058625779921,58.19962771343667,232.79851085374668,305.2638411748173,26460.666666666668,42680
1558,794,798,0.5,3,476.6122173210735,319.53361601225976,458.59811875687313,297.4127651896994,28.527877386771937,28.59508581179825,114.380343247193,144.7380478245681,8260.666666666666,10678
1559,794,797,0.375,2,475.0298137509266,390.34636188843587,447.32443329782194,392.54327642811387,27.79234678011059,27.79234678011059,222.33877424088473,222.33877424088473,20208.0,35136
1560,794,798,0.5,3,230.11386655130292,599.822889098127,247.62024564747384,616.1102568843878,23.911329081917973,39.27692422997046,157.10769691988185,230.54639876192863,11796.666666666666,24387
1561,794,795,0.125,2,902.0456156618266,265.14737215909093,909.2255791083916,258.2620574737762,9.947835614334414,9.947835614334414,79.58268491467531,79.58268491467531,3724.0,4650
1562,795,798,0.375,2,538.9375776154634,628.9010162885826,575.3289443780803,633.4737963359478,36.677539342394304,36.677539342394304,293.42031473915443,293.42031473915443,42091.0,51617
1564,795,799,0.5,3,555.8815055809666,175.2696359997952,502.280579229798,159.64341517857142,55.832231576904164,56.70056629287481,226.80226517149924,297.0492346902729,31617.333333333332,71675
1565,795,800,0.625,2,271.9469733863325,939.5393306767927,273.71508154769487,950.916038509297,11.513283092864539,11.513283092864539,92.10626474291631,92.10626474291631,26272.0,37176
1567,795,799,0.5,3,93.66391712713705,847.3598483842212,129.8359249235351,826.5524312821957,41.729638801220695,49.68901239884202,198.75604959536807,350.2192763819754,22024.0,41443
1568,795,799,0.5,4,392.13059086629,560.9118096015773,421.252685546875,514.4479679473459,54.83598252839502,84.7562357887126,226.01662876990028,354.95919138201265,10407.5,12863
1569,795,798,0.375,2,706.9316294582086,463.11473718690445,673.3340147829341,457.32605102295406,34.092647291944495,34.092647291944495,272.74117833555596,272.74117833555596,12091.5,14378
1570,795,800,0.625,5,666.7607684685585,947.6162621985745,705.2644130262398,952.5612947844579,38.8198916987118,100.22172408232348,200.44344816464695,292.9417384504596,9734.2,14691
1571,795,796,0.125,2,659.1253378628554,364.67763718157585,691.2057356360853,363.0904729385724,32.11963591983755,32.11963591983755,256.9570873587004,256.9570873587004,35529.5,67756
1572,795,796,0.125,2,127.64218658945221,613.0838796620046,131.55940913228156,620.6364106113471,8.507958403214362,8.507958403214362,68.0636672257149,68.0636672257149,3291.5,3358
1574,796,798,0.25,2,224.00933818876558,741.3723456361954,193.36932070035462,766.062381268997,39.34982250581497,39.34982250581497,314.79858004651976,314.79858004651976,8889.5,10052
1575,796,799,0.375,4,281.8788861973819,994.1402079055441,281.97136262175326,995.9626659612709,1.8248027986464475,3.742075895444358,9.978869054518288,16.16982335741508,3926.5,4219
1576,796,800,0.5,4,453.7044380090079,1013.0978799049852,468.8168507424287,966.4251369082623,49.05843411140851,65.25900529150061,174.0240141106683,231.7923810212369,12085.75,13685
1578,796,800,0.5,5,833.1266996660306,932.9251152989822,835.2070220153664,937.3931645242317,4.928610854632236,5.158531363706858,10.317062727413717,17.409332343628716,1580.2,1667
1579,797,798,0.125,2,409.5641500630624,669.9109537627262,409.64022257797063,687.3567305911304,17.445942685163462,17.445942685163462,139.5675414813077,139.5675414813077,49269.5,55476
1580,797,800,0.375,2,172.93546360262962,695.6860203379058,146.59773395636057,695.8714048621816,26.338382075249058,26.338382075249058,210.70705660199246,210.70705660199246,63618.5,73910
1581,797,800,0.375,2,95.92747473577654,239.17201708444856,100.70010267857143,237.4249778911565,5.08233444622106,5.08233444622106,40.65867556976848,40.65867556976848,64483.5,71929
1583,797,799,0.25,2,235.59249714710188,170.46069022640168,248.07481705472034,192.47940352672313,25.31071009825447,25.31071009825447,202.48568078603577,202.48568078603577,99538.0,153625
1584,797,799,0.25,2,546.9228989931158,700.016304274176,507.31199747866066,684.28260553742,42.62127162259319,42.62127162259319,340.97017298074553,340.97017298074553,28287.5,38522
1585,797,800,0.375,3,423.64644323110286,811.775727036865,396.8432969321203,766.2528603425834,52.827455395750334,55.79391834645693,223.1756733858277,282.2855061367224,21721.333333333332,35336
1586,797,799,0.25,2,672.4278290507182,98.75323300044883,652.4888696245544,84.6909996100713,24.398944873163178,24.398944873163178,195.19155898530542,195.19155898530542,14250.5,21960
1588,797,799,0.25,2,274.1466951031861,863.6675982078204,277.22384578623667,867.257770944149,4.728445474241541,4.728445474241541,37.82756379393233,37.82756379393233,5646.0,5887
1589,797,799,0.25,3,654.1662385540886,782.2385381175469,631.4141179078014,761.3538065159574,30.88415464236703,41.923779809410306,167.69511923764122,243.2653688305,11674.0,19118
1591,797,800,0.375,2,434.8961108732877,42.05296660958904,443.931513692348,40.19599493361286,9.224253243925007,9.224253243925007,73.79402595140006,73.79402595140006,6372.5,7144
1593,798,800,0.25,3,254.25653759487665,482.2517455823055,226.53484151485512,485.4139607722521,27.901470184572894,28.146363873584125,112.5854554943365,182.94303119113712,25814.333333333332,32016
1594,798,800,0.25,2,256.6518333954297,768.6062876459265,280.7096387805544,745.7033788441476,33.21627961604278,33.21627961604278,265.73023692834226,265.73023692834226,13788.0,19697
1595,798,800,0.25,3,63.28748577389985,886.0263504633643,83.67419562632136,881.865968787753,20.80689102902168,33.871411590397386,135.48564636158954,202.60045408709848,20651.333333333332,25922
1597,798,799,0.125,2,49.38088737679212,687.789306515617,49.482496565417044,712.6622946307589,24.873195657237172,24.873195657237172,198.98556525789738,198.98556525789738,14145.0,15290
1598,798,799,0.125,2,17.392931916873447,491.57786329094296,20.382209653387704,461.23902623117937,30.48574774423131,30.48574774423131,243.8859819538505,243.8859819538505,2348.0,3119
1605,799,800,0.125,2,536.6781486252072,54.35709824202568,533.863786491659,51.3330078125,4.131072154380621,4.131072154380621,33.04857723504497,33.04857723504497,9007.0,9449
1606,799,800,0.125,2,37.36217678782506,577.2100712913712,37.95780245176849,596.136286676045,18.935585512959765,18.935585512959765,151.48468410367812,151.48468410367812,7183.0,8279
