frame,time_seconds,track_id,x,y,area_px,displacement_px,speed_px_s
3,0.375,1,504,419,716,0.0,0.0
10,1.25,2,503,421,755,0.0,0.0
11,1.375,2,505,422,704,1.6277066872344772,13.021653497875818
13,1.625,2,504,421,775,1.287707518599701,10.301660148797607
14,1.75,2,505,422,743,1.4886245895224512,11.90899671617961
15,1.875,2,504,421,763,1.5738390660976487,12.59071252878119
20,2.5,2,503,420,798,0.7678407546818252,6.142726037454602
21,2.625,2,504,421,825,1.011246068854521,8.089968550836169
24,3.0,2,504,421,829,0.14872717206094513,1.189817376487561
26,3.25,2,505,422,857,1.3017533406272999,10.414026725018399
28,3.5,2,513,421,618,8.09521921618307,64.76175372946456
30,3.75,2,513,421,641,0.3871768249254159,3.097414599403327
32,4.0,2,514,422,606,1.9172157020879597,15.337725616703677
34,4.25,2,504,421,931,10.17941051582438,81.43528412659504
38,4.75,2,512,421,661,7.9713456335475925,63.77076506838074
39,4.875,2,513,421,681,1.4103169245745852,11.282535396596682
41,5.125,2,505,421,982,8.772769364160881,70.18215491328705
47,5.875,3,514,421,735,0.0,0.0
48,6.0,3,505,422,1068,9.397604429622088,75.18083543697671
50,6.25,3,518,421,645,13.005701077594399,104.04560862075519
51,6.375,3,505,422,1103,13.530955838714217,108.24764670971373
52,6.5,3,515,423,775,10.639211095608395,85.11368876486716
60,7.5,4,486,421,700,0.0,0.0
62,7.75,4,515,419,833,28.8476658952739,230.7813271621912
65,8.125,4,487,421,720,28.086795386987024,224.6943630958962
67,8.375,4,525,423,598,37.48344229707213,299.86753837657704
68,8.5,4,524,424,595,1.0885129672552918,8.708103738042334
69,8.625,4,525,424,587,0.719481558950777,5.755852471606216
70,8.75,4,525,424,610,0.29073931563135086,2.325914525050807
71,8.875,4,524,425,595,0.4074143909809548,3.259315127847638
72,9.0,4,524,424,598,0.9072448865798747,7.257959092638997
74,9.25,4,492,419,962,33.06759770639166,264.5407816511333
75,9.375,4,485,420,822,6.280891992521099,50.24713594016879
76,9.5,4,485,421,802,0.7431817549371788,5.94545403949743
77,9.625,4,484,420,786,0.6789560625146926,5.431648500117541
79,9.875,4,485,420,790,0.7802409694603819,6.241927755683055
80,10.0,4,485,421,782,0.6055386881501005,4.844309505200804
81,10.125,4,485,421,837,0.44340404629782165,3.547232370382573
82,10.25,4,481,423,685,4.478332110455228,35.826656883641824
82,10.25,5,518,420,959,0.0,0.0
83,10.375,4,485,419,814,5.020087211159079,40.16069768927263
85,10.625,5,524,422,865,5.978422853771838,47.827382830174706
85,10.625,4,485,420,872,0.7596218798673205,6.076975038938564
86,10.75,4,485,421,857,1.8621232784867776,14.896986227894221
87,10.875,4,486,419,869,2.4989378713019343,19.991502970415475
88,11.0,4,482,422,688,4.349405739408488,34.795245915267905
89,11.125,5,520,420,1021,4.031608192723225,32.2528655417858
89,11.125,4,482,422,732,0.3925835723921894,3.140668579137515
90,11.25,4,484,421,853,2.759990002753012,22.079920022024098
91,11.375,4,485,421,896,0.8313264306494696,6.650611445195757
91,11.375,5,524,423,880,4.488924544481022,35.911396355848176
93,11.625,5,524,422,912,0.6704946606752362,5.36395728540189
93,11.625,4,485,421,927,0.1359081973422253,1.0872655787378025
95,11.875,5,524,422,912,0.36412048447955375,2.91296387583643
95,11.875,4,484,420,912,1.2492773258687937,9.99421860695035
96,12.0,5,524,423,959,0.4262026600045276,3.409621280036221
96,12.0,4,484,421,876,0.6078160298908547,4.862528239126838
97,12.125,5,523,423,970,0.5533428504096243,4.426742803276994
97,12.125,4,484,421,880,0.1219835076019662,0.9758680608157296
98,12.25,5,523,422,986,0.7141251605610376,5.713001284488301
98,12.25,4,483,419,970,1.722498943856608,13.779991550852865
99,12.375,5,523,423,982,0.6217128930472305,4.973703144377844
99,12.375,4,483,420,935,1.252629226508015,10.02103381206412
100,12.5,5,523,422,1006,0.3409134481971387,2.7273075855771096
100,12.5,4,483,419,982,1.3020990394907666,10.416792315926132
101,12.625,5,523,423,1002,0.40450033876891134,3.2360027101512907
101,12.625,4,483,420,974,0.6250906561489152,5.000725249191322
102,12.75,5,523,422,1009,0.46839565754906237,3.747165260392499
102,12.75,4,483,419,970,0.8559365694257179,6.8474925554057435
103,12.875,5,525,422,994,1.681530312915278,13.452242503322225
103,12.875,4,484,419,1002,1.1386109759916632,9.108887807933305
104,13.0,4,483,420,982,0.6843543742827017,5.474834994261614
104,13.0,5,523,422,1021,1.6818786940185584,13.455029552148467
105,13.125,5,524,422,1045,0.9660907732201738,7.72872618576139
105,13.125,4,483,420,986,0.3083411737997945,2.466729390398356
106,13.25,5,524,422,1064,0.069074655003571,0.552597240028568
106,13.25,4,483,420,1009,0.439475277883791,3.515802223070328
107,13.375,4,483,418,1033,2.137095768190241,17.09676614552193
107,13.375,5,524,422,1013,0.6678213651203169,5.342570920962535
108,13.5,5,524,422,1076,0.05973006243095111,0.47784049944760887
108,13.5,4,483,420,1033,1.3104451098716916,10.483560878973533
109,13.625,5,523,423,1103,0.7945311211017979,6.356248968814383
109,13.625,4,483,419,1076,0.5785704599709143,4.628563679767314
110,13.75,5,523,422,1084,0.3056374238663978,2.4450993909311824
110,13.75,4,479,430,630,11.538467288044444,92.30773830435555
111,13.875,4,482,420,1064,10.293784413223463,82.3502753057877
111,13.875,5,524,423,1080,0.616311254607159,4.930490036857272
112,14.0,5,523,421,1103,1.2057408480377874,9.645926784302299
112,14.0,4,483,418,1103,2.484081119450326,19.872648955602607
113,14.125,5,525,423,1162,1.5837184807849283,12.669747846279426
113,14.125,4,484,419,1068,1.5026630068591296,12.021304054873037
114,14.25,5,524,422,1174,0.5660021009703191,4.528016807762553
114,14.25,4,484,419,1139,0.08538757779591932,0.6831006223673546
115,14.375,5,523,421,1236,1.62990249408712,13.03921995269696
115,14.375,4,483,418,1041,1.1775360138051258,9.420288110441007
116,14.5,5,523,421,1256,0.17700085559642467,1.4160068447713974
116,14.5,4,483,418,1060,0.36032879239017235,2.882630339121379
117,14.625,5,523,421,1225,0.2312977910155727,1.8503823281245817
117,14.625,4,482,419,1099,0.7288499006280686,5.830799205024549
118,14.75,5,524,421,1236,0.7647993401082923,6.1183947208663385
118,14.75,4,483,418,1099,1.4798007625758636,11.838406100606909
119,14.875,5,524,420,1248,0.6368362900944362,5.09469032075549
119,14.875,4,483,417,1158,0.5618135502719293,4.494508402175434
120,15.0,5,525,422,1146,2.264714722878283,18.117717783026265
120,15.0,4,486,407,732,10.37795544158223,83.02364353265784
121,15.125,5,524,422,1213,1.3890004545469479,11.112003636375583
121,15.125,4,483,419,1182,12.266767490813644,98.13413992650915
122,15.25,5,524,421,1260,0.7790659996279169,6.232527997023335
122,15.25,4,483,418,1186,1.3793738239995252,11.034990591996202
123,15.375,5,524,421,1303,0.23281544689965517,1.8625235751972413
123,15.375,4,482,418,1182,0.44044587204894714,3.523566976391577
124,15.5,5,523,421,1330,0.9122598165152207,7.298078532121766
124,15.5,4,483,418,1193,1.006616772782587,8.052934182260696
125,15.625,5,523,422,1366,0.9345202701074693,7.476162160859754
125,15.625,4,482,410,829,8.601520435551747,68.81216348441397
126,15.75,5,523,422,1287,0.0949278571432611,0.7594228571460888
126,15.75,4,484,419,1303,9.35654150776331,74.85233206210648
127,15.875,5,523,421,1385,0.8268536829914833,6.6148294639318665
127,15.875,4,483,419,1272,0.993008793328896,7.944070346631168
128,16.0,5,524,423,1370,2.145448071152846,17.163584569222767
128,16.0,4,483,421,1295,2.142382564632449,17.13906051705959
129,16.125,5,523,422,1354,0.5153246577253979,4.122597261803183
129,16.125,4,484,420,1315,1.2933092256833327,10.346473805466662
130,16.25,5,523,423,1330,0.2870578114374247,2.2964624914993976
130,16.25,4,484,419,1327,0.40339141858766436,3.227131348701315
131,16.375,5,523,421,1432,1.4994625162607367,11.995700130085893
131,16.375,4,481,409,865,10.541227832483967,84.32982265987174
132,16.5,5,523,422,1409,0.7640903025245891,6.112722420196713
132,16.5,4,483,420,1330,10.589203742896913,84.7136299431753
133,16.625,5,521,420,1374,2.6649868904299208,21.319895123439366
133,16.625,4,482,419,1334,1.0882983920328129,8.706387136262503
134,16.75,5,523,420,1604,1.8154911775352152,14.523929420281721
134,16.75,4,483,419,1350,0.36567586520518647,2.9254069216414917
135,16.875,5,522,420,1620,0.7676510711184821,6.141208568947857
135,16.875,4,482,418,1374,0.6351933219292702,5.081546575434162
136,17.0,5,523,420,1718,0.2088696597105552,1.6709572776844417
136,17.0,4,482,419,1393,0.3279413046025685,2.623530436820548
137,17.125,5,516,420,1221,6.309234979686158,50.473879837489264
137,17.125,4,483,420,1366,1.0308541172244172,8.246832937795338
138,17.25,5,516,420,1193,0.25374896270417185,2.029991701633375
138,17.25,4,481,407,970,12.490193992507155,99.92155194005724
139,17.375,5,515,418,1319,1.7264544069011996,13.811635255209596
139,17.375,4,482,420,1358,12.61734785647773,100.93878285182184
140,17.5,5,522,421,1843,7.169781959908669,57.358255679269355
140,17.5,4,482,422,1393,1.7331837859054604,13.865470287243683
141,17.625,5,516,420,1268,5.846537040797488,46.7722963263799
141,17.625,4,483,420,1436,1.6574732626580175,13.25978610126414
142,17.75,5,523,420,1859,6.466055921555002,51.728447372440016
142,17.75,4,483,421,1440,1.1877025248581536,9.50162019886523
143,17.875,5,514,418,1514,9.391244303327227,75.12995442661781
143,17.875,4,481,422,1283,2.179172571065776,17.433380568526207
144,18.0,5,522,421,1914,8.880306117661718,71.04244894129374
144,18.0,4,483,422,1436,2.18862608601462,17.50900868811696
145,18.125,5,516,418,1440,6.6218107526164,52.9744860209312
145,18.125,4,482,420,1401,1.5848346694758706,12.678677355806965
146,18.25,5,515,419,1377,0.5943353433281755,4.754682746625404
146,18.25,4,482,421,1424,0.7562803460992246,6.0502427687937965
147,18.375,5,515,418,1460,0.08099777477906184,0.6479821982324947
147,18.375,4,482,423,1330,1.6822784401465443,13.458227521172354
148,18.5,5,520,416,2176,5.315867862443257,42.52694289954606
148,18.5,4,481,420,1405,2.325376765301336,18.603014122410688
149,18.625,5,520,416,2137,0.18695360923363175,1.495628873869054
149,18.625,4,482,421,1479,0.6301557195929643,5.041245756743715
150,18.75,5,515,416,1710,5.0054500752545215,40.04360060203617
150,18.75,4,482,421,1428,0.848993885148119,6.791951081184952
151,18.875,5,520,416,2164,4.884761862111626,39.078094896893006
151,18.875,4,482,421,1420,0.8973638717385038,7.178910973908031
152,19.0,5,513,416,1812,6.473624531633896,51.78899625307117
152,19.0,4,482,422,1420,1.2969412554648192,10.375530043718554
153,19.125,5,515,417,1816,1.9154068857544442,15.323255086035553
153,19.125,4,483,423,1593,1.8818901749142447,15.055121399313958
154,19.25,5,512,415,1808,3.263559681355477,26.108477450843814
154,19.25,4,482,423,1581,1.6930371064722256,13.544296851777805
155,19.375,5,513,415,1788,0.6395726477766589,5.116581182213271
155,19.375,4,481,421,1511,1.4365569907248557,11.492455925798845
156,19.5,5,514,415,1761,1.1786618467713037,9.42929477417043
156,19.5,4,483,422,1832,1.6813075176470258,13.450460141176206
157,19.625,5,514,415,1785,0.15263960845831304,1.2211168676665043
157,19.625,4,482,422,1514,0.9042900656815559,7.234320525452447
158,19.75,5,514,416,1757,1.0068317450658046,8.054653960526437
158,19.75,4,483,422,1890,1.3127105086186661,10.501684068949329
159,19.875,5,499,417,3558,15.715297387067125,125.722379096537
160,20.0,4,483,421,1878,0.7420483318825626,5.936386655060501
160,20.0,5,514,415,1730,15.579358037783257,124.63486430226605
161,20.125,4,498,420,3703,15.7399082383736,125.9192659069888
162,20.25,5,520,416,2223,5.650895699052238,45.2071655924179
162,20.25,4,483,421,1961,15.786894441732398,126.29515553385919
163,20.375,5,515,417,1781,4.973537438130476,39.78829950504381
163,20.375,4,484,423,1863,1.8746243623611414,14.996994898889131
164,20.5,4,483,421,1941,1.5486235229231569,12.388988183385255
164,20.5,5,514,416,1765,0.8997673187828399,7.198138550262719
165,20.625,4,499,419,3761,15.612258733247279,124.89806986597823
166,20.75,4,502,419,4247,3.7154652699261623,29.7237221594093
167,20.875,4,503,419,4294,0.8511510174418083,6.809208139534467
168,21.0,4,509,424,2614,7.479200973643209,59.833607789145674
168,21.0,5,478,408,1260,37.12891436988409,297.03131495907274
169,21.125,4,495,421,3331,13.998101287301667,111.98481029841334
169,21.125,6,537,414,790,0.0,0.0
170,21.25,4,504,418,4482,9.437344516337395,75.49875613069916
171,21.375,4,518,425,2771,15.944521459002614,127.55617167202091
171,21.375,5,482,411,1757,5.85554111682038,46.84432893456304
172,21.5,4,519,425,2728,0.09509060829071739,0.7607248663257391
172,21.5,5,482,412,1765,1.100740604657883,8.805924837263063
173,21.625,5,482,411,1835,1.1138717762677437,8.91097421014195
173,21.625,4,518,423,2736,1.4441198995335942,11.552959196268754
174,21.75,4,516,423,3264,2.8216987988609263,22.57359039088741
174,21.75,5,477,413,1366,5.352694963316513,42.821559706532106
175,21.875,4,517,422,3452,1.4981300770516406,11.985040616413125
175,21.875,5,478,412,1393,1.5355106763112378,12.284085410489903
176,22.0,5,482,412,1851,4.029555909071974,32.236447272575795
176,22.0,4,519,423,2802,2.001157491641007,16.009259933128057
177,22.125,4,517,422,3374,2.192444142299176,17.53955313839341
177,22.125,5,478,413,1491,4.404107657756236,35.23286126204989
178,22.25,4,519,423,2971,2.336600681997649,18.69280545598119
178,22.25,5,482,413,1839,3.6626786209489035,29.301428967591228
179,22.375,4,518,423,3049,0.8311296854008131,6.649037483206505
179,22.375,5,482,411,1804,1.6566227192506406,13.252981754005125
180,22.5,4,520,425,2885,2.54330613949352,20.34644911594816
180,22.5,5,484,411,2004,2.301008962048495,18.40807169638796
181,22.625,4,516,421,3436,5.3169600213973975,42.53568017117918
181,22.625,5,477,413,1499,6.863117681707736,54.90494145366189
182,22.75,4,505,419,4975,12.030293159542804,96.24234527634243
183,22.875,4,503,421,4983,2.1948905236910186,17.55912418952815
184,23.0,5,510,439,1495,41.94067942497022,335.52543539976176
184,23.0,4,501,411,3362,9.966758609881893,79.73406887905514
185,23.125,4,490,424,3115,16.871570797580965,134.97256638064772
185,23.125,5,527,414,1965,30.72903344184487,245.83226753475896
186,23.25,4,489,423,3162,0.6325764312645253,5.060611450116203
186,23.25,5,527,414,1972,0.4871464948589003,3.8971719588712026
187,23.375,4,491,421,3515,3.1058069134909947,24.846455307927958
187,23.375,5,530,418,1640,5.215483367465618,41.72386693972494
188,23.5,4,491,420,3515,0.9123701842683789,7.298961474147031
188,23.5,5,531,419,1651,0.944138890255924,7.553111122047392
189,23.625,4,504,420,5292,13.292018961006471,106.33615168805177
190,23.75,4,492,421,3703,11.61819528413011,92.94556227304088
190,23.75,5,532,415,1514,4.132341291540128,33.058730332321026
191,23.875,4,504,420,5312,11.292946973674345,90.34357578939476
192,24.0,4,492,420,3816,11.275925292678819,90.20740234143055
192,24.0,5,532,416,1456,1.4566232700627966,11.652986160502373
193,24.125,4,504,419,5300,11.525500101621034,92.20400081296827
194,24.25,4,503,420,5386,1.0197420869002232,8.157936695201785
195,24.375,4,503,418,5441,1.8469346632962094,14.775477306369675
196,24.5,4,505,420,5433,2.5348700671212794,20.278960536970235
197,24.625,4,493,421,3804,11.75531352489136,94.04250819913088
197,24.625,5,533,417,1538,1.2731256439731176,10.18500515178494
198,24.75,4,504,420,5515,10.82680825391219,86.61446603129752
199,24.875,4,492,421,3644,11.872616451277386,94.98093161021909
199,24.875,5,532,419,1675,1.9102998426655298,15.282398741324238
200,25.0,4,504,419,5507,12.013534048670916,96.10827238936733
201,25.125,4,492,422,3949,11.633067980317296,93.06454384253837
201,25.125,5,533,418,1620,0.9294743013952222,7.435794411161778
202,25.25,4,493,421,4071,1.4302858506932654,11.442286805546123
202,25.25,5,533,416,1514,2.3527576509203256,18.822061207362605
203,25.375,4,493,420,4392,1.186114891677906,9.488919133423249
203,25.375,5,535,420,1240,4.640948744006757,37.12758995205406
204,25.5,4,504,420,5742,10.316279904293316,82.53023923434652
205,25.625,4,502,418,6110,2.5197494447525353,20.157995558020282
206,25.75,4,492,420,4556,10.201018706210975,81.6081496496878
206,25.75,5,535,422,1385,1.6510932773602263,13.20874621888181
207,25.875,4,501,419,6216,9.593733144859263,76.7498651588741
208,26.0,4,509,423,5249,8.675924405352362,69.4073952428189
208,26.0,7,467,395,966,0.0,0.0
209,26.125,4,502,420,6318,7.535316085328029,60.28252868262423
210,26.25,4,509,423,5261,7.356942825535989,58.85554260428791
210,26.25,7,466,395,998,1.2213599241979927,9.770879393583941
211,26.375,4,509,423,5178,0.6511008181924686,5.2088065455397485
211,26.375,7,467,394,994,1.2319556233868973,9.855644987095179
212,26.5,4,502,419,6572,8.070677773361597,64.56542218689277
213,26.625,4,502,419,6024,0.24614054555004186,1.969124364400335
214,26.75,7,475,415,2473,22.299404796639124,178.395238373113
214,26.75,4,525,421,3135,22.786493948712348,182.29195158969878
215,26.875,4,512,428,4912,14.261226358666791,114.08981086933433
215,26.875,7,466,394,935,23.282506153132605,186.26004922506084
216,27.0,4,512,428,4924,0.13091795563456152,1.0473436450764921
216,27.0,7,466,393,959,0.3136958643705738,2.5095669149645903
217,27.125,4,502,425,5699,10.563434245817541,84.50747396654033
217,27.125,7,510,386,618,44.95745955652501,359.6596764522001
218,27.25,4,512,426,5425,10.211549618592795,81.69239694874236
218,27.25,8,466,393,955,0.0,0.0
219,27.375,4,512,427,5511,1.4116647300374028,11.293317840299222
219,27.375,8,466,394,947,0.8968990262936865,7.175192210349492
220,27.5,4,502,422,6560,11.049510889862656,88.39608711890125
221,27.625,4,512,427,5625,10.882270887848073,87.05816710278458
221,27.625,8,466,393,966,0.6999154137756097,5.599323310204878
222,27.75,4,502,422,6666,11.255469773712226,90.04375818969781
223,27.875,4,501,425,6153,3.1468251295369067,25.174601036295254
223,27.875,8,508,383,591,43.24752072164026,345.98016577312205
224,28.0,4,495,445,2751,20.790793328331997,166.32634662665598
224,28.0,9,536,421,1765,0.0,0.0
224,28.0,10,465,392,1053,0.0,0.0
224,28.0,8,509,385,649,2.907289868826954,23.25831895061563
225,28.125,4,501,425,6263,20.545219129477587,164.3617530358207
225,28.125,8,508,383,665,2.387639900134167,19.101119201073335
226,28.25,4,486,427,4309,14.598899938383244,116.79119950706595
226,28.25,9,536,420,1863,0.959947990801363,7.679583926410904
226,28.25,8,508,383,657,0.3627118166901562,2.9016945335212494
227,28.375,4,502,420,7402,17.379293916857925,139.0343513348634
228,28.5,4,494,446,2732,27.41569096287924,219.3255277030339
228,28.5,9,536,422,1953,1.544021907897963,12.352175263183703
228,28.5,10,464,392,1088,0.9152680635748389,7.322144508598711
228,28.5,8,509,384,704,0.939078617488513,7.512628939908104
229,28.625,4,486,427,4568,20.53494546775785,164.2795637420628
229,28.625,9,530,410,2607,13.083253715992527,104.66602972794021
230,28.75,4,494,439,3288,14.529777977869092,116.23822382295273
230,28.75,9,537,419,1965,10.99063261489494,87.92506091915952
230,28.75,10,464,390,1115,1.43291613179646,11.46332905437168
230,28.75,8,507,382,665,3.077431231087628,24.619449848701024
231,28.875,4,495,441,3299,2.0296600602267927,16.23728048181434
231,28.875,9,537,420,1984,1.2301732775553422,9.841386220442738
231,28.875,10,464,391,1103,0.39613910713514083,3.1691128570811267
231,28.875,8,508,382,677,0.8425034121932119,6.740027297545695
232,29.0,4,496,446,2857,5.0257016978339735,40.20561358267179
232,29.0,9,526,409,3209,15.208660472272646,121.66928377818117
232,29.0,10,464,390,1111,0.6612546903659594,5.290037522927675
233,29.125,9,526,409,3288,0.13004067413083228,1.0403253930466583
233,29.125,4,495,446,2814,0.33337924276108805,2.6670339420887044
233,29.125,10,464,390,1131,0.5670031248727136,4.536024998981709
234,29.25,4,497,446,3088,1.3650609146024624,10.920487316819699
234,29.25,9,539,420,2008,16.139795128545853,129.11836102836682
234,29.25,10,465,391,1162,1.3080324203023492,10.464259362418794
234,29.25,8,508,383,700,0.8053041079604643,6.442432863683714
235,29.375,4,511,426,6776,25.110179298461652,200.88143438769322
235,29.375,10,465,390,1193,0.5236898496614553,4.189518797291642
236,29.5,9,526,408,3554,17.441004712718016,139.52803770174413
236,29.5,4,495,446,2947,25.430091160869242,203.44072928695394
236,29.5,10,465,389,1225,1.06956451516633,8.55651612133064
237,29.625,9,511,425,7116,22.744927259143452,181.95941807314762
237,29.625,10,465,390,1197,0.9647320225951194,7.717856180760955
238,29.75,9,510,423,7116,1.8348979467049502,14.679183573639602
238,29.75,10,464,389,1178,1.5049469297128406,12.039575437702725
239,29.875,9,510,423,7194,0.19367154643150192,1.5493723714520153
239,29.875,10,463,389,1166,0.4805782806347075,3.84462624507766
240,30.0,9,503,420,8514,7.746785831090807,61.974286648726455
241,30.125,9,492,420,6521,10.657377246860392,85.25901797488314
241,30.125,11,544,418,1601,0.0,0.0
242,30.25,9,503,420,8639,10.747131943040078,85.97705554432062
243,30.375,9,503,420,8827,0.37326627428029113,2.986130194242329
244,30.5,9,502,418,8823,1.8862128326821688,15.08970266145735
245,30.625,9,502,419,9007,0.9434454266581317,7.5475634132650535
246,30.75,9,502,418,9062,0.9342667768161778,7.474134214529422
247,30.875,9,502,420,9026,1.2222921601585126,9.7783372812681
248,31.0,9,502,419,9304,0.8501795292123162,6.80143623369853
249,31.125,9,502,420,9238,1.5083569428277355,12.066855542621884
250,31.25,9,503,420,9418,1.1496216502087124,9.1969732016697
251,31.375,9,502,419,9461,0.796311025693564,6.370488205548512
252,31.5,9,503,420,9598,0.9387143024514987,7.509714419611989
253,31.625,9,503,420,9704,0.35841198053723494,2.8672958442978795
254,31.75,9,504,420,9719,1.4385239984798803,11.508191987839043
255,31.875,9,503,419,9715,1.938787379823967,15.510299038591736
256,32.0,9,504,420,9833,1.8668925297825134,14.935140238260107
257,32.125,9,504,420,9911,0.819052967205345,6.55242373764276
258,32.25,9,503,419,10040,1.3406156566938021,10.724925253550417
259,32.375,9,504,420,10076,1.636816895463176,13.094535163705409
260,32.5,9,504,420,10115,0.3814982297074313,3.0519858376594504
261,32.625,9,503,419,10193,1.8835200062853523,15.068160050282819
262,32.75,9,504,420,10275,1.0458375300182443,8.366700240145954
263,32.875,9,504,420,10455,0.10495957937766907,0.8396766350213526
264,33.0,9,504,420,10389,0.35074069643815364,2.805925571505229
265,33.125,9,502,418,10717,2.676006691210063,21.408053529680505
266,33.25,9,501,418,10788,0.7858686014472626,6.2869488115781005
267,33.375,9,502,418,10761,0.6257095333394743,5.005676266715795
268,33.5,9,502,420,11109,2.53549344767819,20.28394758142552
269,33.625,9,501,418,11160,2.6105102389909702,20.884081911927762
270,33.75,9,501,420,11121,2.315634778312755,18.52507822650204
271,33.875,9,501,420,11438,0.2299842831232897,1.8398742649863176
272,34.0,9,502,419,11500,0.5494558106102004,4.3956464848816035
273,34.125,9,502,420,11536,0.8153356710320071,6.522685368256057
274,34.25,9,503,420,11665,0.24194225331561076,1.935538026524886
275,34.375,9,502,420,11774,1.142513483910942,9.140107871287537
276,34.5,9,503,420,11778,1.5617471886814118,12.493977509451295
277,34.625,9,502,421,11900,0.7336327122691183,5.869061698152946
278,34.75,9,502,419,11982,2.0774276043300586,16.61942083464047
279,34.875,9,502,421,11994,2.034533295387672,16.276266363101374
280,35.0,9,502,420,12315,1.3338840121916251,10.671072097533001
281,35.125,9,504,420,12448,1.5541657159966338,12.43332572797307
282,35.25,9,503,421,12479,0.9542703282297988,7.634162625838391
283,35.375,9,502,421,12878,1.0727837880839333,8.582270304671466
284,35.5,9,501,419,13008,1.5526382257055078,12.421105805644062
285,35.625,9,501,419,13195,0.2589061932331677,2.0712495458653417
286,35.75,9,502,420,13176,1.012998126046737,8.103985008373895
287,35.875,9,501,420,13458,1.2213150802048882,9.770520641639106
288,36.0,9,502,421,13634,1.0325199192915515,8.260159354332412
289,36.125,9,501,420,13716,0.7458575385750095,5.966860308600076
290,36.25,9,502,420,13728,0.9739417554887466,7.791534043909973
291,36.375,9,502,421,13935,1.172917388038069,9.383339104304552
292,36.5,9,503,420,14033,1.6278205972371043,13.022564777896834
293,36.625,9,504,420,14225,0.6076660595911697,4.861328476729358
294,36.75,9,503,421,14507,1.210625725756577,9.685005806052615
295,36.875,9,504,422,14757,1.1785843162267966,9.428674529814373
296,37.0,9,504,422,14804,0.680352685123182,5.442821480985456
297,37.125,9,503,422,14558,0.38395270771848894,3.0716216617479115
298,37.25,9,503,420,15247,2.3374334415810494,18.699467532648395
299,37.375,9,505,423,14871,3.650177436982894,29.201419495863153
300,37.5,9,514,461,4219,39.566055767575655,316.52844614060524
300,37.5,12,468,407,6134,0.0,0.0
300,37.5,13,541,398,4619,0.0,0.0
301,37.625,9,530,439,7699,28.125475411474337,225.0038032917947
301,37.625,12,466,407,5965,1.5398582896894821,12.318866317515857
301,37.625,13,510,371,978,40.82353255140895,326.5882604112716
302,37.75,9,530,440,7797,1.0701894911379313,8.56151592910345
302,37.75,12,466,407,6149,0.306892802839264,2.455142422714112
302,37.75,13,512,373,841,2.4055872413402337,19.24469793072187
303,37.875,9,530,441,7586,1.9406810441785143,15.525448353428114
303,37.875,12,467,407,6161,0.1140784108686437,0.9126272869491496
303,37.875,13,517,374,1080,4.523788663865415,36.19030931092332
304,38.0,12,477,400,8337,12.362399457038899,98.89919565631119
304,38.0,9,522,457,5582,17.297737994846702,138.38190395877362
304,38.0,13,552,395,2066,40.57573867988877,324.6059094391102
305,38.125,9,518,453,6635,5.870757647421489,46.96606117937191
305,38.125,12,463,405,5570,15.095258451157328,120.76206760925862
305,38.125,13,538,389,3550,14.772858406755903,118.18286725404722
306,38.25,12,478,401,8521,15.287253967687255,122.29803174149804
306,38.25,9,523,459,5613,7.508592674773782,60.068741398190255
306,38.25,13,552,397,2074,16.121269989414877,128.97015991531902
307,38.375,12,477,400,8561,1.7067767839598447,13.654214271678757
307,38.375,9,523,458,5593,0.9203708296058533,7.362966636846826
307,38.375,13,552,395,2203,1.5375196471596013,12.30015717727681
308,38.5,9,518,454,6748,5.713201627569087,45.7056130205527
308,38.5,12,462,405,5566,15.89411109457675,127.152888756614
308,38.5,13,538,389,3632,14.77663177643786,118.21305421150288
309,38.625,12,478,401,8643,16.185721359943997,129.48577087955198
309,38.625,9,524,458,5852,6.72406917087978,53.79255336703824
309,38.625,13,553,395,2000,15.740930791720915,125.92744633376732
310,38.75,12,479,401,8698,1.192512006434416,9.540096051475327
310,38.75,9,524,459,5903,1.0804754106285606,8.643803285028484
310,38.75,13,555,395,2015,1.9290372559738374,15.432298047790699
311,38.875,12,478,400,8795,1.266841849565569,10.134734796524551
311,38.875,9,525,458,6024,1.0713815997631224,8.57105279810498
311,38.875,13,554,393,2066,2.1015998882707065,16.812799106165652
312,39.0,12,477,400,8795,0.8886998446143951,7.109598756915161
312,39.0,9,524,459,5910,1.6126665184337867,12.901332147470294
312,39.0,13,553,394,2239,1.5054912133137812,12.04392970651025
313,39.125,12,478,399,8874,1.0703022198302732,8.562417758642185
313,39.125,9,524,458,6130,1.1002546220599676,8.80203697647974
313,39.125,13,555,394,2012,2.324681561205736,18.59745248964589
314,39.25,12,478,400,8964,0.6583266489920496,5.266613191936397
314,39.25,9,525,460,6137,1.9293292571858789,15.434634057487031
314,39.25,13,555,394,2168,0.5970896096281817,4.776716877025454
315,39.375,9,502,447,10220,26.342645590676412,210.7411647254113
315,39.375,13,556,393,2051,1.741900411014247,13.935203288113977
315,39.375,12,490,374,4568,28.76199995456058,230.09599963648463
316,39.5,12,478,398,9148,26.692583614698794,213.54066891759035
316,39.5,9,524,459,6325,25.363864788789904,202.91091831031923
316,39.5,13,556,394,2074,0.8726298682695971,6.981038946156777
317,39.625,9,518,453,7821,8.11524110929326,64.92192887434608
317,39.625,12,463,401,5777,15.99337671493404,127.94701371947232
317,39.625,13,543,387,3585,14.69371383369794,117.54971066958352
318,39.75,12,479,398,9508,16.809941863955313,134.4795349116425
318,39.75,9,524,461,6177,9.499802286143757,75.99841828915005
318,39.75,13,556,395,2168,15.366201105022746,122.92960884018197
319,39.875,12,478,400,9430,2.072032919056265,16.57626335245012
319,39.875,9,525,462,6290,1.7083168926498151,13.666535141198521
319,39.875,13,556,394,2293,0.8217184055228457,6.573747244182766
320,40.0,12,478,399,9649,0.6432121815512992,5.145697452410394
320,40.0,9,525,462,6396,0.6338707367457533,5.070965893966027
320,40.0,13,557,395,2184,1.145139696734037,9.161117573872296
321,40.125,12,495,424,16405,30.260330104790366,242.08264083832293
321,40.125,13,557,394,2188,0.7800333637902814,6.2402669103222514
322,40.25,12,502,421,18390,7.502829979338219,60.02263983470575
323,40.375,12,503,421,19012,1.31000290853976,10.48002326831808
324,40.5,12,503,420,19110,1.6020165738857826,12.81613259108626
325,40.625,12,504,421,19451,1.819302063792429,14.554416510339433
326,40.75,12,504,420,19420,0.5018861418467406,4.015089134773925
327,40.875,12,504,421,19717,1.079215440684173,8.633723525473384
328,41.0,12,504,420,19834,1.2580211130632373,10.064168904505898
329,41.125,12,477,400,10588,33.652604394919294,269.22083515935435
329,41.125,14,512,473,4756,0.0,0.0
329,41.125,15,558,417,4850,0.0,0.0
330,41.25,12,500,423,18934,32.798684603269166,262.3894768261533
330,41.25,15,571,400,1350,22.038185000210845,176.30548000168676
331,41.375,12,506,421,20187,5.961138617530755,47.68910894024604
332,41.5,12,504,420,20797,2.38901119331033,19.11208954648264
333,41.625,12,496,421,18821,7.773764739266351,62.19011791413081
333,41.625,15,575,416,2282,16.69249685119352,133.53997480954817
334,41.75,12,504,419,21150,8.083119180786206,64.66495344628964
335,41.875,12,496,420,19028,8.247296206976696,65.97836965581357
335,41.875,15,575,416,2254,0.4348366192083844,3.478692953667075
336,42.0,12,496,422,18962,1.8272983829255016,14.618387063404013
336,42.0,15,574,417,2317,0.5392833991375792,4.314267193100633
337,42.125,12,504,419,21631,9.365256821049508,74.92205456839606
338,42.25,12,496,420,19658,8.334771997206104,66.67817597764883
338,42.25,15,576,417,2246,1.4280076340219308,11.424061072175446
339,42.375,12,505,421,22152,8.60745406836044,68.85963254688352
340,42.5,12,494,421,19670,11.054584233605356,88.43667386884285
340,42.5,15,574,417,2430,2.0461398999208895,16.369119199367116
341,42.625,12,496,421,19815,2.201844904794319,17.61475923835455
341,42.625,15,575,419,2305,2.113471954712114,16.90777563769691
342,42.75,12,503,421,22551,7.096858167946583,56.774865343572664
343,42.875,12,494,421,20390,9.188930189213682,73.51144151370946
343,42.875,15,575,420,2274,0.9502408599859714,7.601926879887771
344,43.0,12,494,420,20469,0.15310958807814054,1.2248767046251243
344,43.0,15,575,420,2321,0.3619800124464428,2.8958400995715423
345,43.125,12,484,431,16488,14.188906455622197,113.51125164497758
345,43.125,16,535,373,3429,0.0,0.0
345,43.125,15,568,421,3123,6.747120050841141,53.97696040672913
346,43.25,12,494,420,21267,14.171697265979093,113.37357812783274
346,43.25,15,576,419,2321,7.848370060168966,62.78696048135173
347,43.375,12,495,423,21447,2.980152648042543,23.841221184340345
347,43.375,15,577,421,2243,2.0945160319076717,16.756128255261373
348,43.5,12,494,421,21553,2.6038588746913183,20.830870997530546
348,43.5,15,576,420,2282,1.228001091965892,9.824008735727135
349,43.625,12,477,397,13661,29.468871147574017,235.75096918059214
349,43.625,17,516,475,6776,0.0,0.0
349,43.625,15,567,412,3902,12.376064896766133,99.00851917412906
350,43.75,12,465,402,11524,12.654616652329457,101.23693321863566
350,43.75,17,517,472,7421,3.5589964450322253,28.471971560257803
350,43.75,16,545,376,3761,10.132984469199865,81.06387575359892
350,43.75,15,577,426,1855,17.384510512575044,139.07608410060035
351,43.875,12,487,415,18711,25.434701385135014,203.4776110810801
351,43.875,15,569,411,3981,17.726488076519097,141.81190461215277
351,43.875,17,524,504,1832,32.82370178868197,262.5896143094558
352,44.0,12,485,429,19020,14.55736878674652,116.45895029397217
352,44.0,15,569,412,3988,1.4624508836826893,11.699607069461514
352,44.0,16,536,367,2168,12.107085585143567,96.85668468114854
353,44.125,12,484,396,15435,33.154874772618456,265.23899818094765
353,44.125,17,519,474,7484,30.681972273333482,245.45577818666786
353,44.125,15,579,423,2203,14.51550634639906,116.12405077119249
354,44.25,12,484,395,15838,1.5260389039650553,12.208311231720442
354,44.25,17,518,473,7695,1.6303437077301957,13.042749661841565
354,44.25,15,579,425,1996,2.55229434668749,20.41835477349992
355,44.375,12,476,397,14937,8.420735136624272,67.36588109299417
355,44.375,17,518,476,6854,3.5232748337030415,28.186198669624332
355,44.375,15,570,411,4122,17.367389325736568,138.93911460589254
356,44.5,12,502,422,26070,36.4474413602753,291.5795308822024
357,44.625,12,487,420,21565,15.35779527089109,122.86236216712872
357,44.625,15,579,413,2763,9.30739828129161,74.45918625033288
357,44.625,17,554,449,1867,44.47276595336186,355.78212762689486
358,44.75,12,502,420,26317,14.701766128318686,117.61412902654949
359,44.875,12,491,424,20042,11.060791624900391,88.48633299920313
359,44.875,15,567,403,4505,14.938974283220624,119.51179426576499
359,44.875,18,426,434,1487,0.0,0.0
360,45.0,12,503,422,25612,11.809851836682181,94.47881469345745
360,45.0,18,412,398,751,38.58562161883668,308.68497295069346
361,45.125,12,499,420,26180,4.595191560970132,36.76153248776106
361,45.125,17,595,442,708,42.19289730226349,337.5431784181079
362,45.25,12,498,419,26125,1.4490815089796365,11.592652071837092
362,45.25,17,596,441,767,0.7494360379177012,5.9954883033416095
362,45.25,19,563,490,720,0.0,0.0
363,45.375,12,498,419,26239,0.30388337974078805,2.4310670379263044
363,45.375,17,598,442,669,1.8242282221066008,14.593825776852807
363,45.375,19,562,493,653,2.912608490012133,23.300867920097065
364,45.5,12,498,420,26708,1.1600524114040072,9.280419291232057
364,45.5,17,598,441,653,1.0958331419058251,8.766665135246601
364,45.5,19,565,491,704,3.7058658635779,29.6469269086232
365,45.625,12,520,421,19486,21.56661261546461,172.53290092371688
365,45.625,18,438,410,7100,28.760600754881178,230.08480603904943
365,45.625,17,599,441,645,0.4758605224586761,3.806884179669409
365,45.625,19,561,490,853,3.8976600448859613,31.18128035908769
366,45.75,12,494,419,25788,25.911874490185358,207.29499592148287
366,45.75,20,586,405,1362,0.0,0.0
366,45.75,17,600,441,598,1.1532825312759774,9.226260250207819
366,45.75,19,565,490,775,3.2550482258523616,26.040385806818893
367,45.875,12,499,420,27409,4.725541845954987,37.804334767639894
367,45.875,17,597,444,728,3.704813817920587,29.638510543364696
367,45.875,19,566,492,728,2.812436966405514,22.499495731244114
368,46.0,12,499,418,27029,2.3339681649991606,18.671745319993285
368,46.0,17,600,443,587,3.0399974970923793,24.319979976739035
368,46.0,19,564,493,810,1.4978845836232286,11.983076668985829
369,46.125,12,497,417,27382,1.5269729962388043,12.215783969910435
369,46.125,17,600,443,638,0.5935743004897747,4.748594403918197
369,46.125,19,563,492,865,1.3681256663370658,10.945005330696526
370,46.25,12,496,419,26939,2.217050589847648,17.736404718781184
370,46.25,21,537,338,720,0.0,0.0
370,46.25,17,600,441,626,1.6652045419377486,13.321636335501989
370,46.25,19,565,493,751,1.9944642873856573,15.955714299085258
371,46.375,12,501,422,29253,5.385831155895838,43.086649247166704
371,46.375,17,601,443,622,1.9363983213525213,15.49118657082017
372,46.5,12,500,419,28928,2.5403774979579,20.3230199836632
372,46.5,17,601,443,610,0.2410386842837372,1.9283094742698976
373,46.625,12,499,419,28975,0.66000184145033,5.28001473160264
373,46.625,17,602,442,634,1.3759545028270828,11.007636022616662
373,46.625,19,567,494,724,2.5478268550102814,20.38261484008225
374,46.75,12,462,400,14374,42.15096369820447,337.20770958563577
374,46.75,22,525,473,10494,0.0,0.0
374,46.75,23,567,386,4756,0.0,0.0
374,46.75,17,603,444,630,2.865810934418474,22.92648747534779
375,46.875,12,462,398,14342,1.4844580573922652,11.875664459138122
375,46.875,22,525,472,10823,1.1064710085938452,8.851768068750761
375,46.875,23,568,388,4611,1.7683292686276286,14.146634149021029
375,46.875,17,602,443,692,1.241207107834721,9.929656862677769
376,47.0,22,523,464,13184,7.98858437230048,63.90867497840384
376,47.0,12,439,412,9003,26.54725549815029,212.3780439852023
376,47.0,23,572,394,4055,8.079414353833567,64.63531483066853
376,47.0,24,536,347,2152,0.0,0.0
376,47.0,25,491,348,1976,0.0,0.0
377,47.125,22,520,465,12620,2.593820804792607,20.750566438340854
377,47.125,12,436,429,7335,17.009331495053033,136.07465196042426
377,47.125,23,572,394,3875,0.6883735626870562,5.5069885014964495
377,47.125,24,538,348,2156,1.820305337736386,14.562442701891088
377,47.125,25,476,352,3804,15.433998741200675,123.4719899296054
377,47.125,17,603,445,653,1.9602525141815654,15.682020113452523
378,47.25,12,444,414,10706,17.12882153303167,137.03057226425335
378,47.25,22,523,466,11825,3.1691554736730065,25.353243789384052
378,47.25,23,571,392,3965,1.6775562653350098,13.420450122680078
378,47.25,24,519,344,3620,19.268553178328823,154.14842542663058
378,47.25,17,603,444,692,1.3326238282098841,10.660990625679073
379,47.375,12,449,405,12577,10.219332311824518,81.75465849459614
379,47.375,22,523,468,11716,1.6608868500496374,13.2870948003971
379,47.375,23,555,377,7132,22.946649955411342,183.57319964329074
379,47.375,17,604,445,602,2.1652860578151136,17.32228846252091
380,47.5,22,523,467,12456,1.0120983860973063,8.09678708877845
380,47.5,12,443,413,10479,10.940166879279863,87.5213350342389
380,47.5,23,573,394,3988,25.407075387164536,203.2566030973163
380,47.5,24,538,347,2258,19.284601684412014,154.2768134752961
380,47.5,25,493,344,1683,18.954063629336833,151.63250903469466
380,47.5,17,605,447,645,1.7520912399465947,14.016729919572757
381,47.625,12,455,406,14554,14.261409851877517,114.09127881502013
381,47.625,22,533,471,11802,10.247537896932496,81.98030317545997
381,47.625,23,573,394,3961,0.2825650975070543,2.260520780056434
381,47.625,24,538,346,2270,0.40928253112463114,3.274260248997049
382,47.75,22,524,468,12272,8.98598275657451,71.88786205259608
382,47.75,12,447,408,12448,7.733431568647191,61.86745254917753
382,47.75,23,559,376,6400,22.66317840396255,181.3054272317004
382,47.75,17,605,447,677,0.7573756724711825,6.05900537976946
383,47.875,22,531,431,21287,37.245130122125865,297.9610409770069
383,47.875,12,433,431,7793,27.270057775696927,218.1604622055754
383,47.875,25,464,346,3072,28.946737360195694,231.57389888156555
383,47.875,17,605,446,661,1.3488477394273788,10.79078191541903
384,48.0,22,502,423,34377,30.452232506622053,243.61786005297643
385,48.125,12,452,406,14636,30.99996191597663,247.99969532781304
385,48.125,26,531,469,12080,0.0,0.0
385,48.125,23,564,379,6106,6.31325166535179,50.50601332281432
386,48.25,26,536,446,19020,24.021028021750407,192.16822417400326
386,48.25,12,434,433,8220,32.13155341104106,257.0524272883285
386,48.25,25,473,349,4259,9.391361547073656,75.13089237658924
386,48.25,24,543,340,1573,8.093241149767438,64.7459291981395
387,48.375,26,535,436,21079,9.1937409729464,73.5499277835712
387,48.375,12,431,433,8056,2.228241515781638,17.825932126253104
387,48.375,25,472,347,4345,1.6404025443395522,13.123220354716418
388,48.5,26,534,431,22763,5.407032936958999,43.256263495671995
388,48.5,12,432,433,8412,1.011882555377649,8.095060443021191
388,48.5,25,465,347,3585,7.06291119153835,56.5032895323068
389,48.625,26,535,432,22175,1.8369676216189856,14.695740972951885
389,48.625,12,443,409,12663,25.775133275634904,206.20106620507923
390,48.75,26,535,435,22336,2.7453863693481093,21.963090954784874
390,48.75,12,433,433,8561,25.762284432156047,206.09827545724838
390,48.75,25,466,345,3472,2.507257092114875,20.058056736919
391,48.875,26,529,469,13783,34.681789313204376,277.454314505635
391,48.875,24,547,376,9461,36.12093247485741,288.9674597988593
391,48.875,12,434,433,8752,1.0647330790857836,8.517864632686269
391,48.875,25,468,346,3683,2.1091109806502137,16.87288784520171
392,49.0,26,537,435,22359,34.93433401629347,279.47467213034776
392,49.0,12,432,433,8639,1.6142207907405586,12.913766325924469
392,49.0,25,472,346,4533,4.115114061004047,32.92091248803238
393,49.125,26,527,468,14198,35.124641291310866,280.9971303304869
393,49.125,24,547,376,9692,0.7944893927336539,6.3559151418692315
393,49.125,12,431,433,8627,0.7828761603634515,6.263009282907612
393,49.125,25,467,346,3871,5.109744699586644,40.87795759669315
394,49.25,26,528,468,14151,0.425832809974228,3.406662479793824
394,49.25,24,547,376,9618,0.8488151761973077,6.790521409578462
394,49.25,12,437,453,6404,21.03417316335356,168.2733853068285
394,49.25,25,466,347,3898,0.30819219729510205,2.4655375783608164
394,49.25,27,416,386,2473,0.0,0.0
395,49.375,26,528,469,14280,0.7248865803860707,5.799092643088565
395,49.375,24,547,375,9813,0.4661394011602114,3.7291152092816913
395,49.375,12,431,433,8901,20.92248361155854,167.37986889246832
395,49.375,25,466,345,3883,1.4869310413351327,11.895448330681061
396,49.5,28,497,420,35305,0.0,0.0
396,49.5,29,588,464,2352,0.0,0.0
397,49.625,28,503,424,38006,7.439502418231421,59.51601934585137
398,49.75,28,503,422,38460,1.8801500713078094,15.041200570462475
399,49.875,26,519,469,11164,9.302704465748661,74.42163572598929
399,49.875,24,549,377,10306,2.8211520266408936,22.56921621312715
399,49.875,12,433,442,10025,8.980376863394794,71.84301490715835
399,49.875,25,467,346,4125,0.9481460063925243,7.585168051140195
399,49.875,29,589,466,2470,2.323049838365827,18.584398706926617
400,50.0,28,502,423,39027,1.66368460612535,13.3094768490028
401,50.125,28,538,430,24454,36.60104659403319,292.80837275226554
401,50.125,12,432,443,10122,1.9010314322675204,15.208251458140163
401,50.125,25,466,346,4259,1.3097378461662403,10.477902769329923
402,50.25,28,503,422,39685,36.29539323670845,290.3631458936676
403,50.375,28,502,424,40378,2.5832095093184146,20.665676074547317
404,50.5,28,502,423,40664,1.2993440343054088,10.39475227444327
405,50.625,28,501,423,40895,0.6070270409893653,4.856216327914923
406,50.75,28,504,415,38894,7.741654307516672,61.93323446013338
406,50.75,30,458,511,2638,0.0,0.0
407,50.875,28,501,424,41838,9.185802277649444,73.48641822119555
408,51.0,28,501,422,42398,1.9868757279859501,15.895005823887601
409,51.125,28,501,423,42742,0.6234546089566729,4.987636871653383
410,51.25,28,499,416,39990,7.332501580889218,58.660012647113746
410,51.25,31,534,520,3335,0.0,0.0
411,51.375,28,501,423,44120,7.065718246087539,56.52574596870031
412,51.5,28,501,424,44833,1.7082948524445043,13.666358819556034
413,51.625,28,502,424,45138,0.5919458186320095,4.735566549056076
414,51.75,28,502,424,45596,0.19187460783248617,1.5349968626598893
415,51.875,28,503,426,45890,2.4344350767270195,19.475480613816156
416,52.0,28,502,424,46254,2.6521826763850194,21.217461411080155
417,52.125,28,503,426,46778,2.379362632438393,19.034901059507146
418,52.25,28,531,415,33833,30.497885214194564,243.98308171355652
418,52.25,32,429,447,13266,0.0,0.0
419,52.375,28,502,427,47769,31.120172574592324,248.9613805967386
420,52.5,28,502,426,48090,0.17828690329097702,1.4262952263278161
421,52.625,28,498,427,46770,4.675351719556645,37.40281375645316
421,52.625,33,614,385,1522,0.0,0.0
422,52.75,28,526,421,37399,29.60891916267537,236.87135330140296
422,52.75,32,417,433,11132,18.321598017345956,146.57278413876764
423,52.875,28,523,422,36890,3.132491698204995,25.05993358563996
423,52.875,32,416,435,11078,2.0041291464722764,16.03303317177821
423,52.875,33,623,385,927,9.829757583262307,78.63806066609845
424,53.0,28,499,427,48305,25.015368189340403,200.12294551472323
424,53.0,33,625,387,814,2.658865267464597,21.270922139716777
425,53.125,28,524,421,37391,25.181899621856008,201.45519697484806
425,53.125,32,415,436,11258,1.306693904980733,10.453551239845863
425,53.125,33,626,386,814,1.3481917838806823,10.785534271045458
426,53.25,34,557,452,17928,0.0,0.0
426,53.25,32,442,446,20253,28.473375397934756,227.78700318347805
426,53.25,35,541,342,5993,0.0,0.0
426,53.25,36,467,334,5319,0.0,0.0
426,53.25,33,627,387,747,1.4999336658115603,11.999469326492482
427,53.375,28,500,424,49068,24.022243359187126,192.177946873497
427,53.375,33,626,386,775,0.955531854247287,7.644254833978296
428,53.5,28,499,426,50019,1.8359406453239844,14.687525162591875
428,53.5,33,628,389,759,3.29877725973033,26.39021807784264
429,53.625,34,534,462,26442,25.312320691595456,202.49856553276365
429,53.625,32,416,418,11669,38.29672476823378,306.37379814587024
429,53.625,35,530,340,7805,11.77779420332977,94.22235362663815
429,53.625,36,456,337,3538,11.366579919912118,90.93263935929694
429,53.625,33,629,385,645,4.2572293343977226,34.05783467518178
429,53.625,37,433,517,720,0.0,0.0
430,53.75,28,499,424,50744,2.3162854982951457,18.530283986361166
430,53.75,33,628,386,786,1.9260543106735555,15.408434485388444
431,53.875,34,530,464,28231,4.354257024123779,34.83405619299023
431,53.875,32,414,418,11626,1.8152078940091332,14.521663152073065
431,53.875,35,505,339,11359,24.56316801619535,196.5053441295628
431,53.875,33,630,379,775,7.341113322279328,58.72890657823462
432,54.0,28,500,424,51969,0.7571133717428662,6.0569069739429295
432,54.0,33,632,378,763,1.6727730978137583,13.382184782510066
433,54.125,28,502,427,52611,3.187744769669475,25.5019581573558
434,54.25,28,499,424,53131,3.2404346202000274,25.92347696160022
434,54.25,33,635,382,649,4.911568199744621,39.292545597956966
435,54.375,28,500,425,53656,1.0092627396944738,8.07410191755579
435,54.375,33,635,381,681,1.015547626482543,8.124381011860343
436,54.5,28,500,426,54161,0.32692134957154106,2.6153707965723285
437,54.625,28,500,424,54713,1.5467929643308262,12.37434371464661
438,54.75,38,563,434,23992,0.0,0.0
438,54.75,39,477,490,9003,0.0,0.0
438,54.75,40,421,418,14832,0.0,0.0
438,54.75,41,479,330,6928,0.0,0.0
438,54.75,33,634,380,825,1.3047553537559742,10.438042830047793
439,54.875,42,531,468,29327,0.0,0.0
439,54.875,40,422,396,10753,22.215050070122793,177.72040056098234
439,54.875,41,478,328,6858,1.999738688924005,15.99790951139204
439,54.875,43,557,345,5315,0.0,0.0
439,54.875,44,400,478,2896,0.0,0.0
439,54.875,33,636,385,630,5.0871852854645505,40.697482283716404
440,55.0,28,499,424,55813,0.565423186918742,4.523385495349936
440,55.0,33,634,381,806,4.403970659553598,35.23176527642878
441,55.125,42,529,470,28689,3.4059506731572284,27.247605385257827
441,55.125,40,421,394,10945,1.6144338301568752,12.915470641255002
441,55.125,41,478,326,6846,1.7506075180018805,14.004860144015044
441,55.125,43,568,346,6842,10.984722938050108,87.87778350440087
441,55.125,44,399,478,3006,0.4740960498496441,3.7927683987971528
442,55.25,42,529,480,26012,9.45014069070824,75.60112552566592
442,55.25,41,482,367,28114,41.356971878846615,330.8557750307729
442,55.25,44,398,480,2912,1.6357374723429696,13.085899778743757
443,55.375,28,501,427,51104,3.254085664309793,26.032685314478343
443,55.375,43,596,356,3147,30.04585959709879,240.36687677679032
443,55.375,44,399,481,3049,1.7271000803485375,13.8168006427883
444,55.5,28,505,423,55265,4.920183699363826,39.36146959491061
444,55.5,44,396,481,2661,3.389014238128434,27.11211390502747
445,55.625,28,505,423,55402,0.5140099732385228,4.112079785908183
445,55.625,44,395,480,2748,0.8248040669594163,6.598432535675331
446,55.75,28,506,422,56572,2.0136386727004885,16.109109381603908
446,55.75,44,396,479,2650,1.1665106553985487,9.33208524318839
447,55.875,28,506,423,56752,1.5307473929016207,12.245979143212965
447,55.875,44,394,480,2677,1.971033496498998,15.768267971991984
448,56.0,28,506,426,56330,2.51543602967322,20.12348823738576
448,56.0,44,393,481,2704,1.472873931570439,11.782991452563513
448,56.0,45,492,294,908,0.0,0.0
449,56.125,28,523,428,48994,17.434527698864713,139.4762215909177
449,56.125,46,401,393,8486,0.0,0.0
449,56.125,44,393,480,2771,1.4445961224449195,11.556768979559356
450,56.25,28,501,427,59966,21.938765860816595,175.51012688653276
450,56.25,47,449,309,1330,0.0,0.0
451,56.375,48,548,425,39196,0.0,0.0
451,56.375,46,426,424,23424,40.17765242274588,321.42121938196703
452,56.5,48,548,425,39211,0.6059629638757614,4.847703711006091
452,56.5,46,426,425,23945,0.9117876261278642,7.294301009022914
453,56.625,48,548,426,39313,1.0859615917322896,8.687692733858317
453,56.625,46,427,425,23909,0.2534420198623571,2.0275361588988567
454,56.75,48,552,432,37724,7.280622032787401,58.24497626229921
454,56.75,46,427,421,24884,4.066361783422316,32.53089426737853
454,56.75,49,495,293,998,0.0,0.0
455,56.875,48,554,416,36299,16.32315956030412,130.58527648243296
455,56.875,50,472,514,8702,0.0,0.0
455,56.875,51,396,388,7382,0.0,0.0
455,56.875,52,404,478,5601,0.0,0.0
455,56.875,53,451,360,6016,0.0,0.0
456,57.0,54,502,428,64014,0.0,0.0
456,57.0,49,495,292,970,0.5498429250741921,4.398743400593537
457,57.125,54,504,433,59121,4.888056334467767,39.104450675742136
457,57.125,55,539,308,3530,0.0,0.0
457,57.125,52,386,476,2227,18.9130578163781,151.3044625310248
458,57.25,54,505,436,57731,3.5610902583740334,28.488722066992267
458,57.25,55,520,310,6098,18.272804535173822,146.18243628139058
458,57.25,52,385,477,2137,0.7657808152554899,6.126246522043919
459,57.375,54,504,432,60980,3.958161511676168,31.665292093409345
459,57.375,55,544,313,3597,23.615577105039787,188.9246168403183
459,57.375,52,385,480,2203,2.4449487319558574,19.55958985564686
460,57.5,48,558,436,37000,19.864964177916026,158.9197134233282
460,57.5,56,434,416,30897,0.0,0.0
461,57.625,54,519,458,49291,29.943691252868252,239.54953002294602
461,57.625,57,397,379,6975,0.0,0.0
461,57.625,49,467,327,7281,44.35622378853899,354.8497903083119
461,57.625,55,547,314,4031,3.0363179951149655,24.290543960919724
462,57.75,48,557,431,38816,4.462648480620624,35.70118784496499
462,57.75,56,431,418,30709,3.203908811702329,25.631270493618633
463,57.875,58,445,474,19145,0.0,0.0
463,57.875,59,562,367,19314,0.0,0.0
463,57.875,60,537,529,9539,0.0,0.0
463,57.875,61,601,476,5930,0.0,0.0
463,57.875,57,394,377,7230,3.7356594312626648,29.885275450101318
463,57.875,49,465,324,7508,2.5025941453681586,20.02075316294527
464,58.0,54,521,444,55081,14.866477305795074,118.9318184463606
464,58.0,57,393,375,7284,1.6770990665462064,13.416792532369652
464,58.0,49,465,323,7566,1.739342577269195,13.91474061815356
465,58.125,54,501,426,70802,26.24382982071974,209.9506385657579
466,58.25,48,556,441,39106,10.176657552191216,81.41326041752973
466,58.25,56,422,425,27339,11.37941905794699,91.03535246357592
466,58.25,55,506,301,4607,42.37909264302901,339.0327411442321
467,58.375,60,535,488,30157,41.65479885101693,333.2383908081354
467,58.375,56,417,409,24622,16.764974083648468,134.11979266918775
467,58.375,59,562,344,17196,22.867404115682955,182.93923292546364
468,58.5,60,501,478,42504,35.21033892171271,281.6827113737017
468,58.5,59,578,350,13861,17.391450342762177,139.1316027420974
468,58.5,49,469,327,9543,5.395464111123963,43.163712888991704
468,58.5,57,384,370,6290,10.430758452925526,83.4460676234042
469,58.625,54,501,426,72579,0.20315135649244942,1.6252108519395954
469,58.625,55,490,284,790,23.87308404132782,190.98467233062257
470,58.75,54,502,425,75029,1.0088809789902973,8.071047831922378
471,58.875,54,501,425,75996,0.7634456114824366,6.107564891859493
472,59.0,54,520,450,58788,31.720083958686942,253.76067166949554
472,59.0,49,466,318,10338,8.649909747251948,69.19927797801559
472,59.0,57,381,376,6055,6.036583703739973,48.292669629919786
473,59.125,54,515,450,60698,4.877116718653482,39.01693374922785
473,59.125,49,452,329,15438,18.259851790678013,146.0788143254241
474,59.25,62,570,404,34612,0.0,0.0
474,59.25,63,448,483,29214,0.0,0.0
474,59.25,49,450,328,8001,2.5231286796841252,20.185029437473002
474,59.25,57,383,356,3671,19.857782941460453,158.86226353168362
475,59.375,64,556,490,24771,0.0,0.0
475,59.375,65,511,345,32095,0.0,0.0
475,59.375,63,421,473,21263,28.993282642829715,231.94626114263772
476,59.5,54,500,426,79480,28.215758837449464,225.7260706995957
477,59.625,54,500,424,80189,2.108446348750433,16.867570790003462
478,59.75,54,501,426,80796,2.083118591753919,16.664948734031352
479,59.875,54,500,425,81481,1.0970997609263515,8.776798087410812
480,60.0,66,465,486,38581,0.0,0.0
480,60.0,67,601,472,10056,0.0,0.0
480,60.0,68,588,354,13794,0.0,0.0
480,60.0,65,500,326,8451,22.401542632956122,179.21234106364898
480,60.0,69,395,351,6756,0.0,0.0
480,60.0,70,447,327,3601,0.0,0.0
481,60.125,66,495,490,44367,30.097977682785807,240.78382146228645
481,60.125,65,506,350,38080,25.08218128470988,200.65745027767903
482,60.25,54,499,422,82209,2.797120276341794,22.37696221073435
482,60.25,71,475,593,759,0.0,0.0
483,60.375,66,529,496,36671,34.68598705365275,277.487896429222
483,60.375,65,530,341,29617,25.313022788926855,202.50418231141484
483,60.375,72,391,475,9167,0.0,0.0
483,60.375,69,381,381,7699,33.68187433486283,269.45499467890266
484,60.5,66,501,489,45999,29.320591268185982,234.56473014548786
484,60.5,65,552,342,24430,22.223958625930827,177.79166900744661
484,60.5,69,381,373,8447,8.132740980496552,65.06192784397241
484,60.5,70,436,322,5147,11.860985655595742,94.88788524476594
485,60.625,65,553,342,23855,1.203646772239691,9.629174177917529
485,60.625,73,555,496,28298,0.0,0.0
485,60.625,72,421,481,18550,31.47490290920749,251.79922327365992
485,60.625,69,381,374,8478,1.3229249945586614,10.583399956469291
485,60.625,70,438,324,5617,2.9150067157722486,23.32005372617799
486,60.75,66,502,496,44504,7.867499623408237,62.93999698726589
486,60.75,74,499,352,41541,0.0,0.0
487,60.875,73,534,486,40934,24.122992267784593,192.98393814227674
487,60.875,65,551,332,21091,10.573210247851652,84.58568198281321
487,60.875,72,389,474,9939,33.55497927553288,268.43983420426304
487,60.875,69,380,374,8545,0.6737320787998965,5.389856630399172
487,60.875,70,436,323,5315,2.3062157875327864,18.44972630026229
488,61.0,75,499,425,88155,0.0,0.0
489,61.125,75,499,424,88233,1.0844407442626356,8.675525954101085
490,61.25,74,529,353,38135,30.3109254513781,242.4874036110248
490,61.25,73,526,514,33985,28.81249875406495,230.4999900325196
490,61.25,69,380,383,10115,9.404396073043753,75.23516858435002
490,61.25,72,383,477,7081,6.573639384806521,52.58911507845217
491,61.375,73,566,501,24649,41.62282435533312,332.982594842665
491,61.375,72,424,491,20504,43.12580719933105,345.0064575946484
491,61.375,70,417,359,18981,40.86689462605603,326.93515700844824
491,61.375,65,565,345,24438,19.048817687128487,152.3905414970279
491,61.375,76,475,600,888,0.0,0.0
492,61.5,74,530,352,39286,1.1261941383641083,9.009553106912866
492,61.5,73,553,507,25886,14.043905897782164,112.35124718225731
492,61.5,69,379,383,10318,1.2197379886610056,9.757903909288045
492,61.5,72,439,531,7962,43.19817683303605,345.5854146642884
492,61.5,77,383,477,6913,0.0,0.0
493,61.625,73,570,500,23722,17.982804200130836,143.8624336010467
493,61.625,70,415,364,21467,5.508985579026659,44.07188463221327
493,61.625,72,431,504,22046,28.3806796760106,227.0454374080848
493,61.625,65,564,343,24669,2.225163432455436,17.80130745964349
494,61.75,65,558,360,32627,17.56511259441954,140.5209007553563
494,61.75,78,415,433,38342,0.0,0.0
494,61.75,73,570,518,19686,18.109057033399676,144.8724562671974
494,61.75,76,477,606,822,5.988758831466112,47.910070651728894
495,61.875,74,527,341,29844,11.784560911431527,94.27648729145221
495,61.875,77,417,469,32377,34.92438903261001,279.39511226088007
495,61.875,73,575,514,18660,6.38387280917563,51.07098247340504
495,61.875,79,612,406,7562,0.0,0.0
495,61.875,70,394,325,3687,44.113760107660546,352.91008086128437
496,62.0,65,560,358,31312,3.224168173387405,25.79334538709924
496,62.0,70,433,344,14687,43.155457825292245,345.24366260233796
496,62.0,77,413,478,27632,10.004634039217946,80.03707231374356
496,62.0,73,559,544,9657,34.013122251540686,272.1049780123255
496,62.0,80,559,476,4157,0.0,0.0
496,62.0,81,631,481,4360,0.0,0.0
496,62.0,76,475,606,825,2.019938507638686,16.159508061109488
497,62.125,74,521,355,46442,15.345370178609295,122.76296142887436
497,62.125,77,413,479,27851,0.7527750162926796,6.022200130341437
497,62.125,73,578,516,18856,34.126760893359595,273.01408714687676
497,62.125,76,476,606,876,0.9097360538246586,7.277888430597269
498,62.25,82,483,480,61372,0.0,0.0
498,62.25,65,550,334,30028,25.76407910928159,206.1126328742527
498,62.25,70,394,323,4180,44.455847195469076,355.6467775637526
499,62.375,74,524,365,47154,10.399568042402228,83.19654433921782
499,62.375,73,578,517,19275,0.7577089843159415,6.061671874527532
499,62.375,83,451,536,13955,0.0,0.0
499,62.375,84,360,410,7582,0.0,0.0
499,62.375,85,361,498,3162,0.0,0.0
499,62.375,70,394,321,3984,1.8037887825281786,14.43031026022543
500,62.5,82,478,471,66460,10.461386452420891,83.69109161936713
500,62.5,65,551,335,30545,1.4488778497429404,11.591022797943523
501,62.625,65,559,357,31938,23.363175524675874,186.905404197407
501,62.625,70,434,342,14593,44.67813280445615,357.4250624356492
501,62.625,77,410,479,29155,3.3681873253680767,26.945498602944614
501,62.625,73,596,487,11054,35.16371496361064,281.3097197088851
501,62.625,86,548,555,9888,0.0,0.0
502,62.75,82,475,465,69228,6.484278148118375,51.874225184947
502,62.75,65,557,335,29374,21.98417765690639,175.87342125525112
503,62.875,87,499,426,100787,0.0,0.0
504,63.0,87,488,414,80369,16.84643081257983,134.77144650063863
504,63.0,86,567,570,5981,23.64835164183704,189.1868131346963
504,63.0,73,622,490,7461,26.14898860391896,209.19190883135167
504,63.0,88,412,301,4959,0.0,0.0
504,63.0,89,470,597,2145,0.0,0.0
505,63.125,87,502,425,99953,18.31344730940982,146.50757847527856
505,63.125,90,390,536,2243,0.0,0.0
506,63.25,87,495,428,101668,7.806763514726169,62.454108117809355
506,63.25,91,661,373,1792,0.0,0.0
507,63.375,82,481,474,69212,10.778023354519242,86.22418683615393
507,63.375,65,570,332,27750,13.042679232271164,104.34143385816931
507,63.375,88,413,304,5609,3.0478578784636987,24.38286302770959
507,63.375,90,388,539,2364,3.395114534521074,27.160916276168592
508,63.5,87,515,433,92112,20.81306115270427,166.50448922163417
508,63.5,88,412,306,6157,2.9228216521543993,23.382573217235194
508,63.5,92,358,346,3112,0.0,0.0
508,63.5,90,386,537,2172,2.6986986397366994,21.589589117893595
508,63.5,93,345,507,2571,0.0,0.0
509,63.625,65,557,346,36479,19.039282662515348,152.31426130012278
509,63.625,94,401,407,33179,0.0,0.0
509,63.625,95,575,519,24317,0.0,0.0
509,63.625,89,458,557,9688,41.69965512537553,333.5972410030042
509,63.625,90,379,536,2838,7.33356567529497,58.66852540235976
510,63.75,87,499,426,109090,17.176175817330776,137.4094065386462
511,63.875,87,499,426,107724,0.6386344452114506,5.109075561691605
511,63.875,90,402,554,1577,29.926686324273522,239.41349059418818
512,64.0,96,567,407,59269,0.0,0.0
512,64.0,82,470,504,21216,32.308130400348595,258.46504320278876
512,64.0,94,380,421,28936,25.48776052601955,203.9020842081564
513,64.125,96,568,388,55942,18.950355959081698,151.60284767265358
513,64.125,94,396,427,37411,16.892905461029315,135.14324368823452
513,64.125,89,480,551,12221,22.22452212706813,177.79617701654504
513,64.125,97,555,580,5194,0.0,0.0
514,64.25,87,496,420,107031,6.944887588315523,55.559100706524184
514,64.25,97,555,581,5171,1.4193668288574424,11.354934630859539
515,64.375,96,571,389,55249,3.623651208216284,28.98920966573027
515,64.375,87,472,458,11602,44.60454533277012,356.836362662161
515,64.375,98,377,371,18613,0.0,0.0
515,64.375,94,411,464,5969,40.35350597453818,322.82804779630544
515,64.375,89,509,577,13520,39.59078257955216,316.7262606364173
515,64.375,90,372,531,6834,38.059907374079266,304.47925899263413
516,64.5,99,505,407,80506,0.0,0.0
516,64.5,89,483,575,8682,26.052359702220667,208.41887761776533
516,64.5,100,405,318,6278,0.0,0.0
516,64.5,97,560,580,4529,4.92710659540662,39.41685276325296
516,64.5,101,658,368,3276,0.0,0.0
516,64.5,102,417,563,2168,0.0,0.0
516,64.5,103,631,301,2196,0.0,0.0
516,64.5,90,357,523,4552,17.81578919278038,142.52631354224303
517,64.625,96,539,390,74125,32.41122252571564,259.2897802057251
517,64.625,104,370,446,22676,0.0,0.0
517,64.625,89,494,573,17204,10.769992440242806,86.15993952194245
518,64.75,99,494,406,97276,10.98097552304395,87.8478041843516
518,64.75,89,494,580,15857,6.498002780557712,51.9840222444617
518,64.75,101,660,369,3339,2.6980774106920573,21.58461928553646
519,64.875,96,541,373,54388,16.666147234894613,133.3291778791569
519,64.875,104,383,416,33050,33.13488861371473,265.07910890971783
519,64.875,105,629,502,12111,0.0,0.0
519,64.875,89,491,578,17059,3.6979561271865187,29.58364901749215
520,65.0,99,481,391,90167,20.35563071576075,162.845045726086
520,65.0,105,631,497,12256,5.476444946296348,43.81155957037078
520,65.0,89,492,579,16280,2.170350428536905,17.36280342829524
521,65.125,99,482,419,107704,28.80564924425146,230.44519395401167
521,65.125,105,629,502,12420,5.76760798340329,46.14086386722632
522,65.25,96,569,386,60205,30.41442504832179,243.3154003865743
522,65.25,106,479,524,31539,0.0,0.0
522,65.25,104,370,413,28744,13.065814534306437,104.5265162744515
523,65.375,99,498,428,122000,17.545275757080187,140.3622060566415
524,65.5,99,497,427,123433,1.0843834645597028,8.675067716477622
525,65.625,99,497,429,123382,2.1320909911812884,17.056727929450307
526,65.75,96,578,387,55531,8.452891579949435,67.62313263959548
526,65.75,107,440,498,55535,0.0,0.0
526,65.75,108,405,301,8717,0.0,0.0
526,65.75,109,324,359,3303,0.0,0.0
527,65.875,99,497,428,127148,1.5863886771898323,12.691109417518659
528,66.0,99,498,428,128549,0.4687035864894914,3.749628691915931
529,66.125,107,431,465,71585,34.26268749419614,274.10149995356915
529,66.125,96,596,401,49620,22.673235974301303,181.38588779441042
529,66.125,110,486,276,5989,0.0,0.0
529,66.125,111,534,247,1209,0.0,0.0
530,66.25,96,556,413,75331,41.769025406708785,334.1522032536703
530,66.25,112,378,357,26055,0.0,0.0
530,66.25,113,414,536,11007,0.0,0.0
530,66.25,114,463,591,4509,0.0,0.0
530,66.25,115,351,501,6415,0.0,0.0
530,66.25,116,663,495,3922,0.0,0.0
530,66.25,117,581,600,2297,0.0,0.0
531,66.375,118,522,323,29523,0.0,0.0
531,66.375,119,575,486,57500,0.0,0.0
531,66.375,112,380,395,38323,37.68370323724656,301.4696258979725
531,66.375,113,401,559,6384,25.591263454784354,204.73010763827483
532,66.5,120,455,369,76552,0.0,0.0
532,66.5,119,570,520,20821,34.524528528176766,276.19622822541413
532,66.5,114,475,584,9214,13.3760303411613,107.0082427292904
532,66.5,121,650,359,9543,0.0,0.0
532,66.5,113,401,559,6357,0.5548007397186772,4.438405917749417
532,66.5,116,651,460,5899,36.97650022598812,295.81200180790495
532,66.5,117,568,605,3879,13.629733183597583,109.03786546878067
533,66.625,99,504,423,127680,8.27150432415767,66.17203459326136
533,66.625,113,401,561,6458,2.0662642628424073,16.530114102739258
534,66.75,122,493,532,57214,0.0,0.0
534,66.75,110,476,312,46281,38.14630376783708,305.17043014269666
534,66.75,96,533,399,9809,27.099549966585467,216.79639973268374
534,66.75,123,338,421,7625,0.0,0.0
534,66.75,121,651,375,8220,15.731548282162693,125.85238625730155
534,66.75,116,652,461,6032,1.279781758074279,10.238254064594232
535,66.875,112,411,383,58295,33.46242940746049,267.6994352596839
535,66.875,119,569,480,61254,40.09896619054761,320.79172952438086
535,66.875,124,602,282,9755,0.0,0.0
535,66.875,113,397,570,5084,9.530140297475798,76.24112237980638
535,66.875,125,657,530,1992,0.0,0.0
536,67.0,126,452,435,99636,0.0,0.0
536,67.0,116,648,489,9214,28.66243436912218,229.29947495297745
536,67.0,124,590,283,13254,12.18851860322939,97.50814882583512
536,67.0,117,598,586,7547,36.04185571937864,288.3348457550291
536,67.0,121,661,363,5382,15.973542674016466,127.78834139213173
536,67.0,127,649,410,1996,0.0,0.0
537,67.125,96,574,384,64816,44.021657438984164,352.1732595118733
537,67.125,128,387,421,52901,0.0,0.0
537,67.125,129,529,577,10060,0.0,0.0
537,67.125,114,464,596,5249,16.5851354799468,132.6810838395744
537,67.125,117,607,580,5758,10.68965946010562,85.51727568084496
538,67.25,119,577,437,35035,43.636036111183,349.088288889464
538,67.25,126,429,444,9672,25.104941999837596,200.83953599870077
538,67.25,124,556,281,21819,34.649954282734065,277.1996342618725
538,67.25,123,360,394,10992,34.64945210998212,277.19561687985697
538,67.25,130,393,306,15740,0.0,0.0
538,67.25,113,383,530,17298,42.32857779487832,338.62862235902656
538,67.25,129,529,575,10005,2.0783827609982923,16.62706208798634
538,67.25,114,464,597,5112,0.8492106051669548,6.793684841335638
538,67.25,117,611,569,8846,11.329545298732553,90.63636238986042
538,67.25,121,661,357,4630,5.494592533861248,43.95674027088998
539,67.375,119,572,436,33813,5.304449961393819,42.43559969115055
539,67.375,128,381,462,40409,40.92320175387508,327.3856140310006
539,67.375,124,556,280,21991,0.42076739068966357,3.3661391255173085
539,67.375,129,531,578,10475,3.002649598939659,24.021196791517273
539,67.375,114,463,597,5370,1.1239360423830844,8.991488339064675
539,67.375,130,369,306,5143,23.420237453334064,187.3618996266725
539,67.375,131,422,331,4341,0.0,0.0
539,67.375,132,437,275,4321,0.0,0.0
539,67.375,117,610,583,5280,14.048005575219442,112.38404460175553
539,67.375,121,661,361,5402,3.70066625557524,29.60533004460192
539,67.375,125,643,529,3988,14.02163691551695,112.1730953241356
540,67.5,133,509,482,84115,0.0,0.0
540,67.5,131,412,325,38546,11.752330930030771,94.01864744024617
540,67.5,124,600,280,10984,44.947160813504055,359.57728650803244
540,67.5,117,626,577,3143,16.854235224392465,134.83388179513972
540,67.5,125,644,529,3746,0.8006948927466895,6.405559141973516
540,67.5,116,683,490,2239,34.96917673854347,279.75341390834774
541,67.625,134,410,388,42523,0.0,0.0
541,67.625,135,446,554,36452,0.0,0.0
541,67.625,127,619,432,26798,37.31066278284942,298.48530226279536
541,67.625,132,457,266,8694,22.047421643900236,176.3793731512019
541,67.625,136,534,259,4881,0.0,0.0
541,67.625,117,604,595,5793,28.440031858246403,227.52025486597122
541,67.625,125,626,533,2693,18.57177294564077,148.57418356512616
541,67.625,124,626,303,5730,34.29941570036209,274.3953256028967
541,67.625,137,569,299,2822,0.0,0.0
541,67.625,96,549,348,2207,43.512862965247194,348.10290372197755
541,67.625,138,670,534,1593,0.0,0.0
541,67.625,139,601,238,1847,0.0,0.0
542,67.75,134,413,364,49522,24.32622471730494,194.6097977384395
542,67.75,135,431,554,32341,14.375570545095322,115.00456436076257
542,67.75,127,604,409,36968,27.371504568381177,218.9720365470494
542,67.75,129,554,552,4380,34.70222943034368,277.6178354427494
542,67.75,117,606,591,5856,4.929857435410646,39.43885948328517
542,67.75,125,629,531,2524,3.6840963056024294,29.472770444819435
542,67.75,124,637,295,3738,13.330931099859852,106.64744879887881
542,67.75,139,582,245,4247,20.888577054027873,167.108616432223
542,67.75,136,524,241,2669,20.202960156581685,161.62368125265348
542,67.75,138,674,532,1561,3.801836811285531,30.414694490284248
543,67.875,134,421,398,51425,35.214112654625765,281.7129012370061
543,67.875,127,617,372,27534,39.7021719076054,317.6173752608432
543,67.875,114,482,569,28959,33.98424734539962,271.873978763197
543,67.875,138,654,507,9132,31.712694392415084,253.70155513932067
543,67.875,132,447,259,7210,12.430112208514204,99.44089766811364
543,67.875,136,520,259,4756,18.60183322292471,148.8146657833977
543,67.875,139,580,250,4717,4.546905730307447,36.37524584245958
543,67.875,117,609,591,5535,2.9170772632945474,23.33661810635638
543,67.875,140,332,510,4814,0.0,0.0
544,68.0,134,439,379,71839,26.332705644772748,210.66164515818198
544,68.0,127,623,363,23412,10.842721854571492,86.74177483657193
544,68.0,135,443,578,18676,26.50675206615995,212.0540165292796
544,68.0,117,575,585,13195,34.60999409759425,276.879952780754
544,68.0,138,652,498,11430,9.397177080074167,75.17741664059334
544,68.0,139,581,249,4885,1.1982601226860896,9.586080981488717
544,68.0,140,329,507,5077,4.184356649732969,33.47485319786375
545,68.125,141,509,423,38064,0.0,0.0
545,68.125,131,381,334,30752,32.715152219320515,261.7212177545641
545,68.125,135,446,558,37712,19.950503363257965,159.60402690606372
545,68.125,124,603,291,15094,34.03183302736876,272.2546642189501
545,68.125,138,653,504,10577,6.024991926292986,48.19993541034389
545,68.125,136,514,258,5813,5.9670606511507565,47.73648520920605
545,68.125,142,674,387,6740,0.0,0.0
545,68.125,117,610,593,5398,36.14764441857745,289.1811553486196
546,68.25,143,464,473,86526,0.0,0.0
546,68.25,144,660,452,19408,0.0,0.0
546,68.25,124,602,289,15211,1.757145794758574,14.057166358068592
546,68.25,132,446,254,7500,4.744619049277074,37.95695239421659
546,68.25,131,338,325,8482,43.949894169055696,351.59915335244557
546,68.25,136,519,257,4662,4.733925835212142,37.87140668169714
546,68.25,117,611,591,5593,1.3971830651531687,11.17746452122535
546,68.25,145,298,438,2329,0.0,0.0
547,68.375,143,450,453,19819,24.221735572373298,193.77388457898638
547,68.375,135,452,583,22629,25.44928513924843,203.59428111398745
547,68.375,146,569,452,12064,0.0,0.0
547,68.375,144,659,453,19650,0.9907485905318749,7.925988724254999
547,68.375,131,359,345,20590,28.858426469607682,230.86741175686146
547,68.375,124,596,301,18672,13.56664081066168,108.53312648529344
547,68.375,132,452,253,6470,6.662984520982056,53.30387616785645
547,68.375,147,454,326,4583,0.0,0.0
547,68.375,136,520,257,4830,0.6735833503050117,5.388666802440094
547,68.375,129,552,550,3119,2.7420642499727697,21.936513999782157
547,68.375,117,597,595,7492,13.91210998294825,111.296879863586
547,68.375,148,505,348,3472,0.0,0.0
547,68.375,140,328,505,5867,1.8398122603375555,14.718498082700444
547,68.375,145,301,432,3025,7.1770966243411065,57.41677299472885
548,68.5,134,455,378,77331,16.1120967290644,128.8967738325152
548,68.5,124,604,288,15611,15.2103842260627,121.6830738085016
548,68.5,135,409,573,12279,44.849870716855996,358.79896573484797
548,68.5,114,519,587,15051,41.07592869901199,328.6074295920959
548,68.5,138,657,496,11978,9.0953964350812,72.7631714806496
548,68.5,144,637,420,3100,39.66502756555365,317.3202205244292
548,68.5,117,612,592,5676,15.395191525959337,123.1615322076747
548,68.5,140,324,500,4517,7.174097597757354,57.39278078205883
548,68.5,142,679,373,5022,14.709129312453031,117.67303449962425
548,68.5,145,300,437,2505,5.88602008983582,47.08816071868656
549,68.625,149,412,400,55617,0.0,0.0
549,68.625,150,611,511,43259,0.0,0.0
549,68.625,151,561,398,10166,0.0,0.0
549,68.625,124,605,289,15325,1.6455909683957775,13.16472774716622
549,68.625,135,411,585,9931,11.943288163676586,95.54630530941269
549,68.625,132,455,254,6576,2.943640904215112,23.549127233720895
549,68.625,136,522,257,4740,2.1368529399487364,17.09482351958989
549,68.625,152,477,622,3151,0.0,0.0
549,68.625,140,328,510,6157,10.823414600162494,86.58731680129995
550,68.75,153,409,475,28051,0.0,0.0
550,68.75,151,566,421,22692,23.683051455068803,189.46441164055042
550,68.75,131,376,338,22512,18.747056763194724,149.9764541055578
550,68.75,129,575,574,22336,33.040861350808974,264.3268908064718
550,68.75,124,606,290,15986,1.5015639408603372,12.012511526882697
550,68.75,135,412,584,10761,1.7660405373189094,14.128324298551275
550,68.75,132,468,269,10651,20.125272737666332,161.00218190133066
550,68.75,144,674,433,5390,38.89817852782326,311.1854282225861
550,68.75,136,528,251,3256,8.919451786539458,71.35561429231566
550,68.75,152,478,622,3213,1.2624429672133495,10.099543737706796
550,68.75,142,682,364,3797,9.773412645392536,78.18730116314029
550,68.75,138,685,515,3761,33.67022234873789,269.3617787899031
550,68.75,145,298,426,3714,11.70600266169232,93.64802129353856
551,68.875,151,548,412,20214,19.90255144843514,159.22041158748112
551,68.875,143,436,472,18504,23.160171052449588,185.2813684195967
551,68.875,124,607,289,15650,1.6704298386746776,13.363438709397421
551,68.875,129,604,550,23968,37.322171568053705,298.57737254442964
551,68.875,131,354,359,27519,30.21337591141148,241.70700729129183
551,68.875,132,480,275,16523,13.377738371774694,107.02190697419755
551,68.875,135,411,583,10471,1.5642842171348263,12.51427373707861
551,68.875,144,655,434,7915,18.507200852087124,148.057606816697
551,68.875,142,681,363,4059,1.3427137367154658,10.741709893723726
551,68.875,152,502,623,7163,23.99658764423057,191.97270115384455
551,68.875,140,324,518,5045,8.970090554141168,71.76072443312934
552,69.0,154,490,407,11755,0.0,0.0
552,69.0,146,583,427,17674,29.430362997429285,235.44290397943428
552,69.0,143,430,486,14855,15.239828945537143,121.91863156429714
552,69.0,129,589,568,24336,22.82786383576358,182.62291068610864
552,69.0,132,455,276,23479,24.883995642933492,199.07196514346793
552,69.0,124,608,289,15634,1.686219822159929,13.489758577279432
552,69.0,135,411,584,10882,1.040019321461663,8.320154571693305
552,69.0,131,339,383,19376,28.185485288275224,225.4838823062018
552,69.0,144,677,442,6462,22.959169926917063,183.6733594153365
552,69.0,142,682,363,4031,0.9831027279701298,7.864821823761038
552,69.0,140,324,514,6036,3.5022713436359005,28.018170749087204
552,69.0,152,483,628,3808,19.357927082437275,154.8634166594982
553,69.125,155,626,355,36076,0.0,0.0
553,69.125,154,499,373,8889,35.87512601434758,287.00100811478063
553,69.125,156,508,446,7519,0.0,0.0
553,69.125,129,605,546,23514,26.8185938436312,214.5487507490496
553,69.125,132,488,271,14573,33.10215487443063,264.81723899544505
553,69.125,143,440,465,5871,22.751404339644374,182.011234717155
553,69.125,157,466,530,6051,0.0,0.0
553,69.125,158,349,325,11731,0.0,0.0
553,69.125,159,410,280,6333,0.0,0.0
553,69.125,135,413,585,15399,2.5922112490125984,20.737689992100787
553,69.125,131,345,422,12315,40.07854074657329,320.6283259725863
553,69.125,114,514,564,2180,23.29175800639041,186.33406405112328
553,69.125,140,325,506,5593,8.246190759207323,65.96952607365859
553,69.125,152,522,630,3757,38.120738892995064,304.9659111439605
554,69.25,146,575,436,18750,12.144072420557627,97.15257936446102
554,69.25,124,574,289,27464,34.372725145366594,274.98180116293275
554,69.25,129,586,569,26066,29.650544103846222,237.20435283076978
554,69.25,160,341,370,23765,0.0,0.0
554,69.25,156,478,438,9034,31.14313513141518,249.14508105132143
554,69.25,153,414,470,10330,6.85993855944586,54.87950847556688
554,69.25,132,458,290,7930,35.252287058874664,282.0182964709973
554,69.25,159,408,273,5550,7.205677703311433,57.64542162649146
554,69.25,135,423,588,17083,9.848075016272743,78.78460013018194
554,69.25,144,678,441,6408,1.3892323978868757,11.113859183095006
554,69.25,142,685,361,3883,3.0789226212649057,24.631380970119245
554,69.25,140,321,508,5425,4.500838525939707,36.006708207517654
555,69.375,157,441,514,39736,30.053358291293456,240.42686633034765
555,69.375,124,602,303,20359,32.02932765697903,256.2346212558322
555,69.375,132,493,288,17478,35.38401511163273,283.0721208930618
555,69.375,146,590,448,13794,18.57466626066879,148.5973300853503
555,69.375,129,588,573,26004,5.403255290121604,43.22604232097283
555,69.375,159,405,277,8146,5.210033404783987,41.680267238271895
555,69.375,158,358,329,8780,9.929269069911474,79.43415255929179
555,69.375,144,680,442,6392,2.0483106169617633,16.386484935694106
555,69.375,131,373,413,3687,29.247756550935254,233.98205240748203
555,69.375,142,687,362,3961,2.0832265639221466,16.665812511377172
555,69.375,145,313,423,5871,15.1404290606803,121.1234324854424
555,69.375,140,322,509,5390,0.47929398497452264,3.834351879796181
555,69.375,160,302,359,2595,40.78463380494069,326.2770704395255
555,69.375,161,272,448,833,0.0,0.0
556,69.5,132,520,292,47992,26.840963382100377,214.727707056803
556,69.5,156,452,442,36632,25.86326684318469,206.90613474547752
556,69.5,129,591,551,32071,22.439217095885795,179.51373676708636
556,69.5,135,421,596,15446,8.613411134278884,68.90728907423107
556,69.5,144,664,437,9081,16.557087847519423,132.45670278015538
556,69.5,145,311,412,5797,11.40705484506862,91.25643876054896
556,69.5,142,687,362,4020,0.5676747151428593,4.541397721142874
556,69.5,160,318,330,6396,33.58433643195262,268.674691455621
556,69.5,140,320,502,6294,6.828201936803355,54.62561549442684
556,69.5,161,271,452,814,3.9755229446037132,31.804183556829706
557,69.625,162,547,424,35074,0.0,0.0
557,69.625,129,598,573,23937,22.760321860802666,182.08257488642133
557,69.625,132,488,271,14769,38.173162087619296,305.38529670095437
557,69.625,158,370,308,19741,24.287022139005924,194.2961771120474
557,69.625,153,411,472,9606,3.6048260722588896,28.838608578071117
557,69.625,124,609,279,14569,24.52686302297344,196.21490418378752
557,69.625,135,390,572,9711,39.48620064913469,315.8896051930775
557,69.625,163,474,599,11058,0.0,0.0
557,69.625,131,379,409,4392,7.036456829102784,56.29165463282227
557,69.625,144,684,413,10463,30.528197618591157,244.22558094872926
557,69.625,145,312,410,5648,1.833246058948068,14.665968471584543
557,69.625,140,319,501,6321,1.1624838276432012,9.29987062114561
557,69.625,161,271,449,927,2.831474598161954,22.65179678529563
558,69.75,156,460,421,35301,22.02650886477004,176.21207091816032
558,69.75,159,431,278,29131,25.87156389828401,206.97251118627207
558,69.75,129,615,567,19345,18.13481130313909,145.07849042511273
558,69.75,146,603,452,11156,14.151403004628198,113.21122403702559
558,69.75,163,498,604,14213,23.60601879566237,188.84815036529895
558,69.75,124,608,299,19255,20.126164600387078,161.00931680309662
558,69.75,135,398,568,13368,9.33140027716255,74.6512022173004
558,69.75,144,682,441,7073,27.40778389429931,219.26227115439448
558,69.75,145,308,405,8799,5.793537998884622,46.348303991076975
558,69.75,142,693,356,3703,8.134602900533526,65.07682320426821
558,69.75,140,322,509,5809,7.757558157752443,62.06046526201954
558,69.75,161,270,449,916,1.1991585180728845,9.593268144583076
559,69.875,164,526,312,59947,0.0,0.0
559,69.875,165,500,543,68058,0.0,0.0
559,69.875,144,684,443,6729,3.048320926221183,24.386567409769462
559,69.875,146,634,455,4591,31.30179081321023,250.41432650568183
559,69.875,131,374,384,6756,25.956099193158856,207.64879354527085
559,69.875,145,306,424,7343,19.257400845238067,154.05920676190453
559,69.875,160,326,315,4392,16.324713339984743,130.59770671987795
559,69.875,142,692,357,3675,1.068663209813912,8.549305678511296
559,69.875,140,316,510,5268,5.851686168439396,46.813489347515166
559,69.875,166,292,361,2293,0.0,0.0
560,70.0,165,491,547,63701,9.958079372721079,79.66463498176863
560,70.0,164,547,289,38154,31.2494436286945,249.995549029556
560,70.0,162,545,405,13227,18.75630142581769,150.0504114065415
560,70.0,159,405,270,6000,27.713723676142912,221.7097894091433
560,70.0,158,354,319,10890,19.104734355638907,152.83787484511126
560,70.0,144,683,441,6944,1.7301094767365701,13.840875813892561
560,70.0,146,634,459,4196,3.7877476238344494,30.301980990675595
560,70.0,131,370,408,3667,24.688776328368675,197.5102106269494
560,70.0,145,302,411,9946,13.93227075778799,111.45816606230392
560,70.0,142,692,357,3883,0.8954266126865134,7.163412901492107
560,70.0,140,320,509,5930,3.609192947160573,28.873543577284583
560,70.0,167,680,532,4936,0.0,0.0
561,70.125,156,431,392,99268,41.034927052601525,328.2794164208122
561,70.125,168,564,591,24857,0.0,0.0
561,70.125,124,614,291,16918,9.983062522293103,79.86450017834483
561,70.125,144,668,470,17094,32.76296410929492,262.10371287435936
561,70.125,135,425,602,10890,43.17727582668934,345.4182066135147
561,70.125,142,693,356,3781,1.4417219005720348,11.533775204576278
562,70.25,169,452,441,62550,0.0,0.0
562,70.25,132,475,263,28924,14.594443534390761,116.75554827512609
562,70.25,168,565,589,24775,2.105346158675771,16.84276926940617
562,70.25,144,671,472,16695,3.5133728351363573,28.10698268109086
562,70.25,166,304,370,12499,15.103429846251878,120.82743877001502
562,70.25,124,628,297,12197,15.533143469230447,124.26514775384358
562,70.25,135,420,601,12338,4.845746340490612,38.765970723924895
562,70.25,142,694,355,3824,1.4066659524579663,11.25332761966373
563,70.375,168,566,594,24203,4.767367130177569,38.138937041420554
563,70.375,169,492,437,23264,40.08306001583447,320.66448012667576
563,70.375,165,511,522,5100,31.81801630512871,254.5441304410297
563,70.375,132,485,271,16906,12.55852378860325,100.468190308826
563,70.375,159,404,267,6275,2.48206378934755,19.8565103147804
563,70.375,158,352,318,11434,1.744070302129101,13.952562417032809
563,70.375,144,663,468,19337,9.652900760719412,77.2232060857553
563,70.375,135,416,589,14382,13.220844135347994,105.76675308278395
563,70.375,170,580,343,11195,0.0,0.0
563,70.375,145,307,413,11696,5.155087305431215,41.24069844344972
563,70.375,171,401,498,3472,0.0,0.0
563,70.375,140,324,517,8322,9.119150863813049,72.95320691050439
563,70.375,172,595,246,7594,0.0,0.0
563,70.375,131,380,404,2716,10.799029391480781,86.39223513184625
563,70.375,124,658,313,4435,34.294807598082684,274.3584607846615
563,70.375,142,694,355,3941,1.0013375736387455,8.010700589109964
564,70.5,173,488,360,100634,0.0,0.0
564,70.5,168,576,586,26693,12.049372956837859,96.39498365470287
564,70.5,135,405,598,13904,13.98642191513029,111.89137532104232
564,70.5,145,304,412,11720,3.028843092864422,24.230744742915377
564,70.5,144,669,438,12193,30.6097495774611,244.8779966196888
564,70.5,140,318,504,7245,14.126870860369788,113.0149668829583
564,70.5,142,698,348,3280,8.112138010806452,64.89710408645162
564,70.5,167,697,532,3249,17.268603742907146,138.14882994325717
565,70.625,173,502,359,97029,13.79484258651415,110.3587406921132
565,70.625,168,561,594,25550,16.571321470961966,132.57057176769572
565,70.625,146,663,469,20292,30.451213078085566,243.60970462468453
565,70.625,174,311,460,21279,0.0,0.0
565,70.625,135,419,609,10267,17.264351018096942,138.11480814477554
565,70.625,158,322,314,4810,30.929213107835082,247.43370486268066
566,70.75,173,480,384,101496,32.68187338478889,261.4549870783111
566,70.75,168,563,599,24109,5.461278171897596,43.690225375180766
566,70.75,144,670,438,11281,1.1275112195946968,9.020089756757574
566,70.75,167,676,526,7543,22.685792993723414,181.4863439497873
566,70.75,140,315,498,8611,7.435366076527081,59.48292861221665
566,70.75,145,304,406,10577,6.478508249765883,51.828065998127066
566,70.75,135,439,628,5026,27.661501086849185,221.29200869479348
566,70.75,124,660,313,4478,1.269339467745631,10.154715741965047
566,70.75,142,697,353,4114,4.576855836418266,36.61484669134613
566,70.75,158,322,313,4689,0.874365169822955,6.99492135858364
567,70.875,175,485,338,85689,0.0,0.0
567,70.875,146,673,477,19881,12.5559662444313,100.4477299554504
567,70.875,165,517,535,8565,14.590601614384607,116.72481291507685
567,70.875,168,597,590,14440,34.90287292550898,279.22298340407184
567,70.875,135,410,593,16022,44.945302811087465,359.5624224886997
567,70.875,145,303,405,10698,0.5450234926990578,4.3601879415924625
567,70.875,140,315,507,10220,9.477482525696946,75.81986020557557
567,70.875,171,399,501,3867,3.085349095647121,24.682792765176966
567,70.875,124,660,310,4607,3.1627819232092707,25.302255385674165
567,70.875,142,698,351,4039,1.4599807821830706,11.679846257464565
567,70.875,176,506,638,6686,0.0,0.0
568,71.0,175,486,340,86934,1.4555208537363946,11.644166829891157
568,71.0,177,552,581,29950,0.0,0.0
568,71.0,146,674,476,18425,1.7502668254859755,14.002134603887804
568,71.0,135,392,584,11183,20.482142181923468,163.85713745538774
568,71.0,145,302,412,12632,6.526912477263025,52.2152998181042
568,71.0,171,388,499,4881,10.95196883663199,87.61575069305592
568,71.0,124,661,310,4611,1.3586391350713607,10.869113080570886
568,71.0,140,310,519,7241,12.479927500983994,99.83942000787195
568,71.0,142,697,356,4744,4.872307854951112,38.978462839608895
568,71.0,178,463,653,4861,0.0,0.0
569,71.125,173,462,371,114261,22.23803991944292,177.90431935554335
569,71.125,168,625,572,22809,34.13123228181179,273.0498582544943
569,71.125,144,672,444,11238,6.806365596036674,54.45092476829339
569,71.125,135,395,578,10299,6.11648328675722,48.93186629405776
569,71.125,178,478,641,12268,19.975260118117475,159.8020809449398
569,71.125,124,661,311,4756,1.060236597131196,8.481892777049568
569,71.125,142,698,358,4912,2.0027322360279194,16.021857888223355
569,71.125,140,306,519,6725,4.305027337490327,34.44021869992262
570,71.25,179,533,351,63145,0.0,0.0
570,71.25,180,355,376,40288,0.0,0.0
570,71.25,177,555,594,20418,13.029798029433415,104.23838423546732
570,71.25,181,360,540,19878,0.0,0.0
570,71.25,167,666,551,11536,26.802584694107303,214.42067755285842
570,71.25,144,672,444,11121,0.5718663222168002,4.574930577734402
570,71.25,124,661,309,4763,2.198092919300097,17.584743354400775
570,71.25,178,451,638,8842,27.133530340611223,217.06824272488979
570,71.25,142,698,357,5018,1.3579808463458762,10.86384677076701
570,71.25,182,398,228,3096,0.0,0.0
570,71.25,183,377,631,2086,0.0,0.0
571,71.375,184,414,332,59054,0.0,0.0
571,71.375,185,554,407,31476,0.0,0.0
571,71.375,168,607,579,29488,19.696384463651235,157.57107570920988
571,71.375,181,355,542,18229,5.861593178087152,46.89274542469722
571,71.375,144,674,444,11242,1.9313954585608781,15.451163668487025
571,71.375,186,602,240,7602,0.0,0.0
571,71.375,145,288,445,5625,35.80705400562581,286.45643204500647
571,71.375,124,663,310,4670,2.411680569784928,19.293444558279425
571,71.375,187,474,575,7695,0.0,0.0
571,71.375,142,699,356,4885,1.6872647772933547,13.498118218346837
571,71.375,178,427,642,3233,24.417752446867446,195.34201957493957
571,71.375,183,378,636,1738,5.591598309662844,44.73278647730275
571,71.375,176,473,668,2779,44.77180631523554,358.1744505218843
571,71.375,188,267,373,1593,0.0,0.0
572,71.5,179,516,348,70250,17.954716973970783,143.63773579176626
572,71.5,168,576,560,12933,36.63825262257484,293.1060209805987
572,71.5,167,667,551,11978,1.4078207188364507,11.262565750691605
572,71.5,180,356,414,8741,38.530511610140415,308.2440928811233
572,71.5,189,322,327,13712,0.0,0.0
572,71.5,135,390,556,20664,22.1050962079482,176.8407696635856
572,71.5,144,667,441,13970,7.770520646552184,62.16416517241747
572,71.5,140,299,522,5503,7.755887238817852,62.04709791054282
572,71.5,145,287,446,5511,1.1941335087511271,9.553068070009017
572,71.5,124,662,309,4795,1.644146989311383,13.153175914491063
572,71.5,142,700,349,4157,7.074924750811099,56.59939800648879
572,71.5,176,465,641,8013,28.801228569809382,230.40982855847506
572,71.5,190,546,648,6329,0.0,0.0
572,71.5,182,383,234,4900,15.690352510741883,125.52282008593507
573,71.625,179,517,341,70340,7.116243979606028,56.929951836848225
573,71.625,189,320,370,25303,42.6452389623517,341.1619116988136
573,71.625,178,440,601,21134,42.797251588774564,342.3780127101965
573,71.625,168,587,566,18382,12.87641491375353,103.01131931002824
573,71.625,146,679,476,18535,5.375657227370606,43.00525781896485
573,71.625,171,381,509,9324,12.77968109136254,102.23744873090033
573,71.625,124,662,308,4615,1.0417662886740289,8.334130309392231
573,71.625,142,700,354,5257,5.025796671280959,40.206373370247675
573,71.625,140,302,523,6897,3.4041763860789733,27.233411088631787
573,71.625,190,544,649,7022,1.8230263701297647,14.584210961038117
573,71.625,182,381,233,4677,2.3247411033939223,18.597928827151378
573,71.625,191,337,592,1894,0.0,0.0
574,71.75,179,506,333,77511,13.578031170803131,108.62424936642505
574,71.75,189,320,380,25405,10.251709169469873,82.01367335575898
574,71.75,135,404,560,31104,14.190204457718595,113.52163566174876
574,71.75,168,601,558,20696,16.718447985851316,133.74758388681053
574,71.75,144,676,446,11798,10.086095946016842,80.68876756813474
574,71.75,142,682,334,10017,26.64476615695658,213.15812925565265
574,71.75,190,554,648,7421,9.928029258407003,79.42423406725602
574,71.75,167,707,534,3687,43.95764263192047,351.66114105536377
574,71.75,192,297,556,2603,0.0,0.0
574,71.75,176,460,670,4458,29.419823443754378,235.35858755003503
574,71.75,140,275,506,1405,32.46721185918706,259.7376948734965
575,71.875,184,449,347,105700,37.53095888545439,300.2476710836351
575,71.875,168,594,590,24669,32.3473667094487,258.7789336755896
575,71.875,193,502,533,12988,0.0,0.0
575,71.875,144,670,446,15164,6.314176608633952,50.513412869071615
575,71.875,178,414,613,19905,28.603778569978235,228.83022855982588
575,71.875,142,683,328,9171,5.703685246183121,45.62948196946497
575,71.875,192,299,536,6995,20.491532149257793,163.93225719406234
575,71.875,167,706,537,3941,3.339044397990335,26.71235518392268
576,72.0,194,381,350,61180,0.0,0.0
576,72.0,195,572,316,39274,0.0,0.0
576,72.0,187,457,594,21228,26.041756030840048,208.33404824672039
576,72.0,171,373,510,6318,7.989311055273203,63.91448844218562
576,72.0,190,561,629,9477,19.55118967490523,156.40951739924185
576,72.0,196,543,489,9101,0.0,0.0
576,72.0,191,365,596,8670,27.761540235037835,222.09232188030268
576,72.0,197,641,567,12726,0.0,0.0
576,72.0,142,683,325,9422,3.5333053219064703,28.266442575251762
576,72.0,193,536,559,3068,42.97262325448477,343.7809860358782
576,72.0,192,296,529,5844,7.408184535367602,59.26547628294082
576,72.0,146,703,463,4309,27.487757320056435,219.90205856045148
576,72.0,198,689,404,4513,0.0,0.0
576,72.0,144,649,473,2290,33.3753440962504,267.0027527700032
576,72.0,167,708,529,3542,8.028734495604745,64.22987596483796
577,72.125,184,454,342,104146,7.306102151652138,58.448817213217104
577,72.125,187,464,610,22672,17.36638325398551,138.9310660318841
577,72.125,171,370,512,6764,3.879945534856417,31.039564278851337
577,72.125,190,566,618,8983,13.142450166369825,105.1396013309586
577,72.125,197,640,596,7050,29.403481968457523,235.2278557476602
577,72.125,191,364,599,8623,3.340404896251672,26.723239170013375
577,72.125,196,553,518,6102,30.36887361281879,242.9509889025503
577,72.125,124,662,308,4544,0.42018737738341666,3.3614990190673333
577,72.125,199,639,520,6110,0.0,0.0
577,72.125,142,702,351,5836,31.93044400100061,255.44355200800487
577,72.125,144,645,438,7496,34.82961504749595,278.6369203799676
577,72.125,192,296,531,5633,1.6331641213268269,13.065312970614615
577,72.125,146,714,459,6004,11.918976571250635,95.35181257000508
577,72.125,167,707,548,3789,18.953679825570187,151.6294386045615
578,72.25,179,517,349,91748,19.48199559168135,155.8559647334508
578,72.25,189,321,358,21083,21.620373139240016,172.96298511392013
578,72.25,171,343,530,29691,32.74771659664637,261.98173277317096
578,72.25,176,492,653,16409,36.75081848287274,294.0065478629819
578,72.25,200,478,567,7171,0.0,0.0
578,72.25,142,685,332,10420,25.0901488407958,200.7211907263664
578,72.25,146,711,496,10361,36.90396500931363,295.23172007450904
578,72.25,199,653,513,3554,15.482504742342892,123.86003793874313
578,72.25,197,630,603,7723,12.043580545287162,96.34864436229729
578,72.25,201,614,534,2348,0.0,0.0
578,72.25,193,552,578,3495,24.96344680476578,199.70757443812624
579,72.375,184,472,355,117134,22.23335662489558,177.86685299916465
579,72.375,171,341,549,22375,18.342081175519738,146.7366494041579
579,72.375,190,552,624,13704,15.788870956262187,126.3109676500975
579,72.375,187,444,629,12890,27.53544968187179,220.2835974549743
579,72.375,200,493,565,5092,15.096683468639593,120.77346774911675
579,72.375,124,662,306,4533,2.033792047043478,16.270336376347824
579,72.375,142,701,349,6263,23.175957358611146,185.40765886888917
579,72.375,201,641,560,13168,37.409385148287335,299.2750811862987
579,72.375,146,715,455,5476,41.81525464866994,334.52203718935954
579,72.375,167,709,548,3938,1.1017631292643444,8.814105034114755
579,72.375,202,389,195,759,0.0,0.0
580,72.5,195,561,317,65889,10.974528881495335,87.79623105196268
580,72.5,203,485,491,32651,0.0,0.0
580,72.5,204,335,435,52908,0.0,0.0
580,72.5,190,553,624,13497,1.2797742226911275,10.23819378152902
580,72.5,201,637,577,10839,17.540817157546414,140.3265372603713
580,72.5,187,446,661,8103,31.8745115462206,254.9960923697648
580,72.5,146,713,496,10890,41.86642518272118,334.93140146176944
580,72.5,205,364,236,3566,0.0,0.0
580,72.5,142,704,354,5378,6.132463924070464,49.05971139256371
580,72.5,191,365,634,3221,35.06044400448734,280.4835520358987
580,72.5,202,389,193,735,1.686833852303291,13.494670818426329
581,72.625,195,553,341,73879,24.51678995073505,196.1343196058804
581,72.625,204,347,401,44034,36.44740962664983,291.57927701319863
581,72.625,171,342,570,18096,21.362323836575428,170.89859069260342
581,72.625,200,474,552,11363,22.389399803367382,179.11519842693906
581,72.625,187,467,656,12980,21.436868487086144,171.49494789668915
581,72.625,205,384,241,8247,20.20654906426118,161.65239251408943
581,72.625,190,566,616,9618,14.970165661727108,119.76132529381687
581,72.625,201,642,564,13685,13.907223882727287,111.2577910618183
581,72.625,198,703,391,8655,18.310678502460558,146.48542801968446
581,72.625,167,711,529,5899,18.76431198060689,150.11449584485513
581,72.625,146,734,468,1675,35.73607158581515,285.8885726865212
581,72.625,124,703,305,1049,40.96770640256286,327.7416512205029
581,72.625,206,276,292,626,0.0,0.0
582,72.75,195,542,320,66699,22.88322849860372,183.06582798882977
582,72.75,204,348,394,46884,7.11494252223618,56.91954017788944
582,72.75,171,339,569,17909,2.7796554804183833,22.237243843347066
582,72.75,201,636,558,15712,8.113249911088188,64.9059992887055
582,72.75,190,562,616,12138,3.5719525191647987,28.57562015331839
582,72.75,200,468,561,12667,10.533059201929893,84.26447361543914
582,72.75,187,458,661,11058,10.660941669049432,85.28753335239546
582,72.75,144,632,440,7026,12.267678446425837,98.1414275714067
582,72.75,198,698,412,6177,20.771109459650724,166.1688756772058
582,72.75,205,365,235,3707,19.388760802333177,155.11008641866542
582,72.75,142,718,339,3695,19.70152218243402,157.61217745947215
582,72.75,167,714,532,6059,4.6531787479515705,37.225429983612564
582,72.75,146,736,469,1585,2.457503179469818,19.660025435758545
582,72.75,202,387,192,669,2.320707124164939,18.56565699331951
583,72.875,195,532,335,77785,18.19529285126091,145.56234281008727
583,72.875,204,335,378,44825,19.917631133791684,159.34104907033347
583,72.875,171,338,568,17603,1.7198360894025764,13.758688715220611
583,72.875,193,594,580,25119,41.989059238857294,335.91247391085835
583,72.875,187,448,660,10514,9.165434081467522,73.32347265174018
583,72.875,200,466,569,10013,8.261464093995848,66.09171275196678
583,72.875,198,709,399,12166,16.621818637238338,132.9745490979067
583,72.875,176,527,665,3315,37.18450724398963,297.476057951917
583,72.875,199,657,510,3002,4.624541616490433,36.99633293192346
583,72.875,167,713,536,6560,4.085849523287124,32.686796186296995
583,72.875,124,677,280,3209,35.53087193364691,284.24697546917525
584,73.0,195,541,320,70798,18.113559442929194,144.90847554343355
584,73.0,207,349,442,68046,0.0,0.0
584,73.0,193,591,579,25663,3.145862531894969,25.166900255159753
584,73.0,187,461,628,23479,34.880644846801204,279.04515877440963
584,73.0,198,709,412,10522,12.651189507640161,101.20951606112129
584,73.0,199,658,511,3033,1.422430380924096,11.379443047392767
584,73.0,167,712,542,7269,5.977739039164392,47.82191231331514
584,73.0,205,357,231,3033,9.020877794068983,72.16702235255187
584,73.0,124,683,287,3883,9.228933651941558,73.83146921553247
584,73.0,142,727,317,884,24.167901217902436,193.3432097432195
585,73.125,195,531,303,62288,19.49035510757515,155.9228408606012
585,73.125,207,332,444,58702,17.488382629206708,139.90706103365366
585,73.125,208,453,453,13493,0.0,0.0
585,73.125,193,605,561,30842,22.850805795310087,182.8064463624807
585,73.125,200,481,553,5531,21.322268699805857,170.57814959844686
585,73.125,187,452,593,4881,35.85099632967572,286.8079706374058
585,73.125,209,468,664,13587,0.0,0.0
585,73.125,144,640,416,3491,25.02842500446271,200.2274000357017
585,73.125,198,707,426,8889,13.82464354375382,110.59714835003057
585,73.125,167,712,545,7742,3.4665845310379426,27.73267624830354
585,73.125,124,676,280,3816,9.58154261875475,76.652340950038
585,73.125,205,356,231,3115,1.374124137370637,10.992993098965096
585,73.125,142,721,337,3828,20.65921605189581,165.2737284151665
586,73.25,195,536,314,64632,11.812806081068484,94.50244864854787
586,73.25,204,339,365,44410,13.46139127339062,107.69113018712495
586,73.25,171,355,547,27609,26.55499108928651,212.43992871429208
586,73.25,193,606,565,31093,3.845918137472422,30.767345099779376
586,73.25,187,456,602,19373,9.926964938756637,79.4157195100531
586,73.25,198,689,424,12005,18.04612464436326,144.36899715490608
586,73.25,176,508,673,6177,20.788558614893194,166.30846891914555
586,73.25,167,713,542,7832,3.2275093387399125,25.8200747099193
586,73.25,142,722,338,3722,1.724814173197117,13.798513385576936
586,73.25,124,682,282,3143,5.741917080036301,45.93533664029041
586,73.25,202,390,198,1542,6.570075134491248,52.56060107592998
587,73.375,195,545,304,66848,12.67012392588019,101.36099140704152
587,73.375,171,385,544,40675,30.176556338146018,241.41245070516814
587,73.375,204,333,370,38311,8.006780504756305,64.05424403805044
587,73.375,193,592,565,31598,14.546615626275768,116.37292501020615
587,73.375,198,696,460,27499,35.920334347043436,287.3626747763475
587,73.375,209,461,666,14679,7.767125750123524,62.137006000988194
587,73.375,205,360,231,3679,4.171887154526825,33.3750972362146
587,73.375,202,390,197,1554,1.6008789570802078,12.807031656641662
588,73.5,195,521,303,62440,23.97769830052829,191.8215864042263
588,73.5,204,336,377,43091,7.840106478275933,62.720851826207465
588,73.5,210,339,560,22641,0.0,0.0
588,73.5,193,598,587,24602,23.278448719868308,186.22758975894646
588,73.5,199,683,516,15552,25.910971251607858,207.28777001286286
588,73.5,187,466,599,31856,10.065862727583752,80.52690182067002
588,73.5,211,697,408,14425,0.0,0.0
588,73.5,124,666,316,11019,37.681021879968156,301.44817503974525
588,73.5,205,344,218,1659,20.737165094250233,165.89732075400187
589,73.625,195,527,306,60103,7.000956436307961,56.00765149046369
589,73.625,171,378,561,44582,18.49889552432713,147.99116419461703
589,73.625,204,335,356,42797,21.705602302975596,173.64481842380476
589,73.625,212,501,627,14041,0.0,0.0
589,73.625,193,606,560,32157,27.987486963252394,223.89989570601915
589,73.625,124,666,315,11015,1.3180351801846462,10.54428144147717
589,73.625,211,696,414,14115,6.057954336371123,48.46363469096898
589,73.625,167,717,545,8283,4.372113743652877,34.976909949223014
589,73.625,202,389,194,1597,2.6602931770209635,21.282345416167708
589,73.625,142,737,315,782,27.89782618269983,223.18260946159864
590,73.75,195,536,303,63266,10.206413198236786,81.65130558589429
590,73.75,213,330,506,29680,0.0,0.0
590,73.75,200,491,523,21349,31.917650720165476,255.3412057613238
590,73.75,214,385,388,9269,0.0,0.0
590,73.75,209,439,646,23866,29.214404018639808,233.71523214911846
590,73.75,204,308,330,21181,37.02753429299652,296.22027434397216
590,73.75,193,626,550,21815,22.416946096859434,179.33556877487547
590,73.75,167,713,552,9692,7.8290765284755635,62.63261222780451
590,73.75,144,653,415,4818,13.710041345172488,109.6803307613799
590,73.75,211,722,412,9880,25.779189268251663,206.2335141460133
590,73.75,215,563,642,5171,0.0,0.0
590,73.75,205,371,219,6020,26.325828464864156,210.60662771891324
590,73.75,124,686,287,4752,34.99631245110353,279.9704996088282
590,73.75,142,738,315,771,1.1242369233411627,8.993895386729301
591,73.875,195,535,312,64429,9.53975236607151,76.31801892857207
591,73.875,213,341,471,39724,36.80252334319694,294.4201867455755
591,73.875,193,599,565,32874,30.527346413156376,244.218771305251
591,73.875,209,439,628,31711,17.608862286369455,140.87089829095564
591,73.875,200,456,496,5531,44.543410132817876,356.347281062543
591,73.875,205,378,232,8741,15.010463409251976,120.08370727401581
591,73.875,124,683,312,9402,25.464979100433762,203.7198328034701
591,73.875,204,282,336,15160,26.107972974309654,208.86378379447723
591,73.875,167,716,553,9441,2.9855586779130943,23.884469423304754
591,73.875,211,711,417,12616,12.494116396424213,99.9529311713937
591,73.875,216,368,309,3190,0.0,0.0
592,74.0,195,534,303,70528,9.972843945660909,79.78275156528727
592,74.0,217,327,421,60052,0.0,0.0
592,74.0,193,635,570,35962,36.219960148333925,289.7596811866714
592,74.0,200,447,527,10467,31.826073522378334,254.60858817902667
592,74.0,218,524,521,10021,0.0,0.0
592,74.0,209,433,647,25781,19.244650313510032,153.95720250808026
592,74.0,144,668,420,4129,15.946627542012367,127.57302033609893
592,74.0,211,723,396,7147,24.852480424147323,198.8198433931786
592,74.0,124,694,291,5617,24.163624422708214,193.3089953816657
592,74.0,198,732,481,4000,41.90965965495485,335.2772772396388
592,74.0,205,353,223,3147,26.27971263822456,210.23770110579648
593,74.125,144,645,382,43768,43.983028465429484,351.8642277234359
593,74.125,219,489,269,54635,0.0,0.0
593,74.125,193,612,557,47471,26.570671098954953,212.56536879163963
593,74.125,200,447,527,10365,0.211404500208799,1.691236001670392
593,74.125,213,333,490,33390,20.542650658662343,164.34120526929874
593,74.125,209,433,647,26082,0.33162233948151537,2.652978715852123
593,74.125,204,275,377,10134,42.494857980570444,339.95886384456355
593,74.125,216,324,300,12315,44.46551486586112,355.72411892688893
594,74.25,220,578,273,27491,0.0,0.0
594,74.25,219,453,286,33907,40.06590318897723,320.52722551181785
594,74.25,217,326,421,61763,0.8881006543360683,7.104805234688547
594,74.25,144,671,390,36808,26.816191851173347,214.52953480938677
594,74.25,193,621,566,42394,12.46262835466759,99.70102683734072
594,74.25,200,442,522,9144,7.55568478840224,60.44547830721792
594,74.25,221,477,575,5570,0.0,0.0
594,74.25,212,487,666,11790,41.19139036413644,329.5311229130915
594,74.25,209,412,665,3754,27.39056888674636,219.1245510939709
594,74.25,222,357,632,7926,0.0,0.0
595,74.375,217,348,433,78975,25.038638617708045,200.30910894166436
595,74.375,220,579,272,26787,1.6581028364218975,13.26482269137518
595,74.375,219,452,259,27597,27.587846821537696,220.70277457230156
595,74.375,221,500,610,37074,42.76819846573915,342.1455877259132
595,74.375,144,674,385,35238,4.896745472714079,39.17396378171263
595,74.375,193,653,556,30897,33.68554411451596,269.4843529161277
595,74.375,222,362,634,6819,5.791857809718624,46.33486247774899
596,74.5,211,731,427,10835,32.809240981062324,262.4739278484986
596,74.5,209,411,666,3840,2.064313628307209,16.514509026457674
596,74.5,222,360,645,5542,11.452644248782331,91.62115399025865
596,74.5,124,686,286,3589,9.38768114784279,75.10144918274231
596,74.5,223,657,230,2583,0.0,0.0
596,74.5,224,728,322,2661,0.0,0.0
597,74.625,195,556,309,89259,23.549811624596646,188.39849299677317
597,74.625,217,339,428,73479,10.656805609226165,85.25444487380932
597,74.625,225,416,620,25237,0.0,0.0
597,74.625,226,571,574,21001,0.0,0.0
597,74.625,193,682,573,19212,33.681294902361344,269.45035921889075
597,74.625,211,714,417,3487,20.147663060703035,161.18130448562428
597,74.625,198,710,467,7923,26.48243331927105,211.8594665541684
597,74.625,212,503,683,7429,23.586127016298263,188.6890161303861
598,74.75,217,348,445,88566,19.081939785468254,152.65551828374603
598,74.75,227,514,273,57551,0.0,0.0
598,74.75,228,634,529,44915,0.0,0.0
598,74.75,221,508,631,24093,21.83086790499721,174.64694323997767
598,74.75,211,718,431,12252,15.507769374244482,124.06215499395586
598,74.75,224,698,315,10651,30.774494942648897,246.19595954119117
598,74.75,209,405,669,8048,6.023408356912644,48.187266855301154
598,74.75,223,659,223,2055,6.3445293912812195,50.756235130249756
599,74.875,200,407,495,142109,43.80366832440129,350.42934659521035
599,74.875,227,518,266,51577,8.437153710824571,67.49722968659657
599,74.875,193,672,566,25025,12.399945906101578,99.19956724881263
599,74.875,229,647,433,5875,0.0,0.0
599,74.875,211,721,428,12647,4.294915894162492,34.35932715329994
599,74.875,224,695,311,9430,5.453160735378106,43.62528588302485
599,74.875,223,653,234,4153,11.59825797254462,92.78606378035695
599,74.875,230,322,220,978,0.0,0.0
600,75.0,231,369,578,48822,0.0,0.0
600,75.0,195,581,341,21858,40.194132717010156,321.55306173608125
600,75.0,232,527,411,10800,0.0,0.0
600,75.0,233,450,399,14683,0.0,0.0
600,75.0,226,603,582,57704,33.51427444527813,268.11419556222506
600,75.0,234,328,314,19408,0.0,0.0
600,75.0,235,408,334,7410,0.0,0.0
600,75.0,236,270,410,17591,0.0,0.0
600,75.0,237,536,206,17858,0.0,0.0
600,75.0,124,665,274,10992,24.362756025249116,194.90204820199293
600,75.0,238,716,357,9794,0.0,0.0
600,75.0,211,719,443,8737,15.151195124764559,121.20956099811647
600,75.0,239,397,217,8921,0.0,0.0
601,75.125,233,475,433,37559,42.33806715338565,338.7045372270852
601,75.125,227,544,275,48970,27.972601255770137,223.7808100461611
601,75.125,240,304,377,43153,0.0,0.0
601,75.125,241,467,583,10001,0.0,0.0
601,75.125,242,307,576,19220,0.0,0.0
601,75.125,225,399,640,13246,25.72701412587971,205.81611300703767
601,75.125,228,638,505,14890,24.510134221635706,196.08107377308565
601,75.125,221,543,645,21009,37.13027122818205,297.0421698254564
601,75.125,211,723,453,9680,11.249714474730578,89.99771579784462
601,75.125,193,695,592,14362,33.901641468481095,271.21313174784876
601,75.125,238,704,386,4388,30.436161164928393,243.48928931942714
601,75.125,224,703,311,11164,8.581731454287066,68.65385163429653
601,75.125,239,377,215,6709,20.289021785289197,162.31217428231358
601,75.125,223,656,220,1749,13.485938148053027,107.88750518442421
602,75.25,227,538,277,50340,6.40765096884263,51.26120775074104
602,75.25,233,489,452,31562,24.025440284429518,192.20352227543614
602,75.25,240,306,390,42233,13.001168754779899,104.00935003823919
602,75.25,226,602,595,20989,12.994571081501736,103.95656865201389
602,75.25,198,704,506,29425,39.57634577359506,316.61076618876046
602,75.25,242,306,575,19396,1.0919019259290532,8.735215407432426
602,75.25,225,398,640,13591,1.1948920518168435,9.559136414534748
602,75.25,241,465,587,8858,3.9829673369889367,31.863738695911493
602,75.25,212,509,662,11536,21.345549002381976,170.7643920190558
602,75.25,124,668,280,10475,6.664317991984486,53.31454393587589
602,75.25,239,369,235,12894,21.267230897715592,170.13784718172474
602,75.25,238,704,381,2935,4.703852965087336,37.630823720698686
602,75.25,224,723,338,5683,33.17867115869751,265.4293692695801
603,75.375,195,540,322,68320,44.77151803287887,358.172144263031
603,75.375,233,458,478,16045,40.087489795179906,320.69991836143925
603,75.375,243,339,516,43478,0.0,0.0
603,75.375,234,309,319,40084,20.48139771543444,163.85118172347552
603,75.375,228,640,502,11418,3.828447249785502,30.627577998284018
603,75.375,226,628,614,21925,31.966648916379512,255.7331913310361
603,75.375,241,485,615,10510,35.11052237185209,280.88417897481673
603,75.375,211,722,447,12248,6.459808742837244,51.67846994269795
603,75.375,224,695,310,16934,39.66572182027882,317.32577456223055
603,75.375,209,400,673,8752,6.866004978068966,54.928039824551725
603,75.375,212,499,698,6220,37.57639172891036,300.61113383128287
603,75.375,244,746,556,4760,0.0,0.0
604,75.5,195,517,348,82260,35.366898224977746,282.93518579982197
604,75.5,228,669,531,54752,40.9041592635109,327.2332741080872
604,75.5,245,350,442,16358,0.0,0.0
604,75.5,240,284,354,28482,42.38781950974645,339.1025560779716
604,75.5,242,317,576,23299,11.394839741349001,91.15871793079201
604,75.5,241,478,597,11551,19.28965343283259,154.31722746266072
604,75.5,124,669,280,10772,1.0153609119368143,8.122887295494515
604,75.5,239,373,228,11540,7.564306010383811,60.51444808307049
604,75.5,212,509,682,9492,18.949075302836203,151.59260242268962
604,75.5,224,718,338,5535,35.81603823994232,286.5283059195386
604,75.5,209,401,674,8729,0.7925434571216036,6.3403476569728285
604,75.5,246,768,360,845,0.0,0.0
605,75.625,240,305,385,44621,38.26217828548258,306.0974262838606
605,75.625,247,451,405,14593,0.0,0.0
605,75.625,248,481,531,27014,0.0,0.0
605,75.625,228,671,545,31985,14.666714032228056,117.33371225782444
605,75.625,242,312,578,22923,5.0326702483965775,40.26136198717262
605,75.625,223,639,251,21134,35.110822484747835,280.8865798779827
605,75.625,249,576,317,10193,0.0,0.0
605,75.625,250,490,306,9931,0.0,0.0
605,75.625,251,594,428,9379,0.0,0.0
605,75.625,221,547,656,21514,11.804033275396284,94.43226620317027
605,75.625,252,467,216,11673,0.0,0.0
605,75.625,239,371,227,11520,2.326861219782501,18.61488975826001
605,75.625,211,738,446,10068,16.330757168397255,130.64605734717804
605,75.625,224,717,354,8999,16.083201967215132,128.66561573772105
605,75.625,209,421,671,4489,20.87372590988515,166.9898072790812
605,75.625,225,369,673,3765,43.260556327588986,346.0844506207119
605,75.625,237,541,185,2419,22.283438533626235,178.26750826900988
606,75.75,253,408,424,174670,0.0,0.0
606,75.75,228,668,535,34667,10.169753299918254,81.35802639934603
606,75.75,211,734,422,16100,25.166609403107955,201.33287522486364
606,75.75,223,646,262,25538,12.270033895171304,98.16027116137043
606,75.75,221,582,641,12452,38.98897314148461,311.91178513187685
606,75.75,212,497,702,6337,23.096295381173682,184.77036304938946
607,75.875,243,354,508,54936,17.159885444890982,137.27908355912786
607,75.875,228,657,520,73252,18.818265979138253,150.54612783310603
607,75.875,234,307,318,40632,2.3267050142077834,18.613640113662267
607,75.875,237,526,222,30459,40.39160210667341,323.1328168533873
607,75.875,254,580,365,9465,0.0,0.0
607,75.875,248,484,564,16781,33.233351922957084,265.8668153836567
607,75.875,195,487,362,11434,32.33577428047602,258.6861942438082
607,75.875,124,684,288,13661,17.199837688045942,137.59870150436754
607,75.875,249,606,300,4564,35.5044481777092,284.0355854216736
607,75.875,209,402,676,8377,20.289455928527136,162.3156474282171
607,75.875,212,497,699,7116,2.502021808168433,20.016174465347465
608,76.0,250,473,286,39705,25.97536164268366,207.80289314146927
608,76.0,234,340,290,28630,44.001332875432055,352.01066300345644
608,76.0,249,613,287,35054,14.556570769964932,116.45256615971945
608,76.0,240,268,409,20277,43.95496303082715,351.6397042466172
608,76.0,242,315,561,29918,16.806110449287544,134.44888359430036
608,76.0,251,595,466,18433,37.59650942702254,300.7720754161803
608,76.0,226,646,598,35998,23.95643269933369,191.6514615946695
608,76.0,248,465,550,27343,23.907653023969452,191.26122419175562
608,76.0,224,722,386,17083,32.807230725110436,262.4578458008835
608,76.0,209,422,677,4940,20.042851755249874,160.342814041999
608,76.0,225,368,675,3984,2.845986067776146,22.767888542209167
608,76.0,255,753,491,6263,0.0,0.0
608,76.0,212,495,706,6736,7.097892838273107,56.783142706184854
609,76.125,250,481,307,51413,22.471035496601793,179.76828397281434
609,76.125,256,402,608,23706,0.0,0.0
609,76.125,242,299,564,24050,16.627155232276383,133.01724185821107
609,76.125,226,649,591,36056,7.451948335583472,59.615586684667775
609,76.125,257,675,440,33163,0.0,0.0
609,76.125,234,336,287,26618,4.71754477956162,37.74035823649296
609,76.125,240,267,409,20394,1.1846916140878996,9.477532912703197
609,76.125,248,487,532,18049,28.5475180071437,228.3801440571496
609,76.125,223,649,267,30055,5.805526184778437,46.4442094782275
609,76.125,212,506,684,11626,25.19368209950089,201.54945679600712
609,76.125,246,766,354,1933,6.2564843914883586,50.05187513190687
610,76.25,258,337,340,64566,0.0,0.0
610,76.25,256,387,572,65873,38.00449860283898,304.03598882271183
610,76.25,249,571,288,71949,41.587553521362246,332.70042817089796
610,76.25,226,635,586,35551,15.489813979779777,123.91851183823822
610,76.25,251,631,442,6854,43.25378234394028,346.03025875152224
610,76.25,224,725,402,13822,16.352065121169527,130.81652096935622
610,76.25,212,508,682,11297,3.1344652918667446,25.075722334933957
610,76.25,255,754,491,6290,1.7052741089601673,13.642192871681338
610,76.25,259,760,568,4043,0.0,0.0
611,76.375,243,383,513,85332,29.809170590282232,238.47336472225786
611,76.375,234,338,283,41220,4.540615750498598,36.324926003988786
611,76.375,226,638,591,40852,6.095850376253136,48.766803010025086
611,76.375,195,521,370,9383,34.96723578757932,279.73788630063456
611,76.375,254,598,362,14616,18.548025884447647,148.38420707558117
611,76.375,237,508,219,17842,17.9139393437156,143.3115147497248
611,76.375,251,633,444,6971,3.506187776005613,28.049502208044903
611,76.375,224,730,407,13974,6.935547554548797,55.484380436390374
611,76.375,260,611,226,11943,0.0,0.0
611,76.375,209,423,672,6838,4.629916214499938,37.03932971599951
611,76.375,212,492,698,9042,22.923597236550815,183.38877789240652
611,76.375,124,691,260,6975,29.365561136696464,234.9244890935717
611,76.375,261,673,332,2399,0.0,0.0
611,76.375,255,742,495,4783,12.916068499231082,103.32854799384866
611,76.375,246,744,318,2998,42.955725475492955,343.64580380394364
611,76.375,262,230,441,3370,0.0,0.0
611,76.375,259,781,535,2145,39.92772650833248,319.42181206665987
611,76.375,263,224,490,1021,0.0,0.0
612,76.5,258,293,344,40703,44.29752412430737,354.380192994459
612,76.5,226,651,594,37700,12.64743458515783,101.17947668126264
612,76.5,257,696,448,26787,21.939462914792326,175.5157033183386
612,76.5,264,409,418,20112,0.0,0.0
612,76.5,223,626,257,25632,25.094344501143617,200.75475600914893
612,76.5,248,482,540,19126,9.403995802183859,75.23196641747087
612,76.5,254,568,389,14119,40.15769945147055,321.2615956117644
612,76.5,242,290,522,16300,42.825971649075804,342.60777319260643
612,76.5,265,306,620,10698,0.0,0.0
612,76.5,195,486,359,8858,36.99615660708546,295.9692528566837
612,76.5,209,400,646,16484,34.90384681744984,279.2307745395987
612,76.5,237,496,212,18758,13.423098683834123,107.38478947067298
612,76.5,266,391,203,8357,0.0,0.0
612,76.5,212,502,685,12522,15.731371046759964,125.85096837407971
612,76.5,246,718,329,8529,28.229608916430617,225.83687133144494
613,76.625,267,661,527,72172,0.0,0.0
613,76.625,268,435,255,28176,0.0,0.0
613,76.625,258,277,345,29836,16.386247756448817,131.08998205159054
613,76.625,269,375,350,10130,0.0,0.0
613,76.625,223,630,258,38025,4.610822079172964,36.88657663338371
613,76.625,254,573,370,10032,19.0386634328366,152.3093074626928
613,76.625,248,471,527,21901,17.794601840105383,142.35681472084306
613,76.625,242,291,520,17102,2.435254189174922,19.482033513399376
613,76.625,265,306,620,11035,0.3981279154417684,3.185023323534147
613,76.625,209,399,647,16718,0.9011723336911299,7.209378669529039
613,76.625,195,490,385,6094,26.964531552009483,215.71625241607586
613,76.625,270,382,467,5723,0.0,0.0
613,76.625,212,502,686,12816,1.089734480538261,8.717875844306088
613,76.625,237,499,177,3648,35.60787949905433,284.8630359924346
613,76.625,263,211,465,2939,28.735941245686362,229.8875299654909
613,76.625,271,771,354,1871,0.0,0.0
614,76.75,248,443,509,36730,32.685814857111545,261.48651885689236
614,76.75,234,335,308,55065,25.718987332968346,205.75189866374677
614,76.75,209,395,650,21847,5.1024403908595275,40.81952312687622
614,76.75,223,597,259,42230,32.85412444030517,262.83299552244137
614,76.75,272,607,575,20183,0.0,0.0
614,76.75,257,719,438,24998,24.785019766243863,198.2801581299509
614,76.75,267,681,547,7433,28.96437849453646,231.7150279562917
614,76.75,273,276,581,17028,0.0,0.0
614,76.75,250,488,325,11015,19.326428399865232,154.61142719892186
614,76.75,274,476,221,5691,0.0,0.0
614,76.75,246,723,319,7288,11.218568298833182,89.74854639066545
614,76.75,275,277,463,5523,0.0,0.0
614,76.75,212,513,682,10436,12.154826043456115,97.23860834764892
614,76.75,276,725,608,7304,0.0,0.0
614,76.75,277,561,428,7762,0.0,0.0
614,76.75,278,587,680,4196,0.0,0.0
614,76.75,259,784,545,2583,11.01459645951626,88.11677167613009
614,76.75,263,210,467,3245,2.2612365612968612,18.08989249037489
615,76.875,256,382,570,91009,5.610674958646784,44.88539966917427
615,76.875,223,599,254,40210,5.217626787350114,41.74101429880091
615,76.875,234,325,309,51648,10.316774340257536,82.53419472206029
615,76.875,226,653,597,41709,3.3032974700470192,26.426379760376154
615,76.875,195,530,388,20382,40.06598409769008,320.5278727815206
615,76.875,257,719,437,24900,1.0342160040093484,8.273728032074787
615,76.875,274,480,202,6141,19.65548769252479,157.24390154019832
615,76.875,279,560,495,5981,0.0,0.0
615,76.875,268,445,224,3609,32.501246106702844,260.00996885362275
615,76.875,246,724,319,7390,1.1745903232705581,9.396722586164465
615,76.875,280,440,334,2336,0.0,0.0
616,77.0,281,346,598,47213,0.0,0.0
616,77.0,234,329,319,57582,10.855561506918892,86.84449205535114
616,77.0,223,601,277,45655,23.675989390451676,189.4079151236134
616,77.0,248,472,520,19733,30.42419313023408,243.39354504187264
616,77.0,257,720,437,25221,0.5345409675588343,4.276327740470674
616,77.0,275,264,471,10279,15.443319425430143,123.54655540344115
616,77.0,272,611,555,8690,20.382446603484347,163.05957282787477
616,77.0,279,557,510,10138,15.312388732022129,122.49910985617703
616,77.0,267,680,548,6975,0.5772511608774938,4.618009287019951
616,77.0,278,614,660,11551,33.080169551107545,264.64135640886036
616,77.0,246,725,318,7128,1.710045536849747,13.680364294797975
616,77.0,250,478,321,7915,11.039108557716508,88.31286846173207
616,77.0,212,503,690,12029,13.705042773947753,109.64034219158202
616,77.0,237,481,181,6819,18.743680590852378,149.94944472681902
616,77.0,276,742,588,10745,26.20966484801135,209.6773187840908
616,77.0,268,463,248,3734,29.987730134799186,239.9018410783935
616,77.0,195,534,413,2430,25.356088206427366,202.84870565141892
616,77.0,282,492,405,2552,0.0,0.0
617,77.125,269,355,355,94794,19.971863277580614,159.7749062206449
617,77.125,281,346,617,39423,18.548451015831976,148.3876081266558
617,77.125,223,644,277,50082,42.44572765864314,339.56582126914515
617,77.125,226,663,595,39078,10.247207034470716,81.97765627576572
617,77.125,254,554,383,16515,23.149879852280794,185.19903881824635
617,77.125,279,558,517,8897,7.3451174776674355,58.760939821339484
617,77.125,257,719,456,18210,19.850790187535928,158.80632150028742
617,77.125,248,491,519,8177,19.69227448152991,157.53819585223928
617,77.125,283,488,616,6779,0.0,0.0
617,77.125,212,504,698,10389,8.381312809604529,67.05050247683623
617,77.125,237,481,169,5272,11.614730895911523,92.91784716729218
617,77.125,263,206,496,2834,29.81763011257033,238.54104090056265
618,77.25,267,683,534,66879,14.625295435906263,117.00236348725011
618,77.25,284,524,464,37567,0.0,0.0
618,77.25,285,342,493,14425,0.0,0.0
618,77.25,286,302,431,19052,0.0,0.0
618,77.25,287,418,261,30486,0.0,0.0
618,77.25,281,344,618,39552,2.2657083840064223,18.125667072051378
618,77.25,234,304,312,20825,25.479473933401316,203.83579146721053
618,77.25,288,605,318,7887,0.0,0.0
618,77.25,289,574,196,13931,0.0,0.0
618,77.25,290,558,282,5566,0.0,0.0
618,77.25,246,700,295,14957,33.88771096807237,271.10168774457895
618,77.25,212,500,701,11035,4.476596108607164,35.81276886885731
618,77.25,283,492,627,4787,11.86373976468321,94.90991811746568
618,77.25,237,482,180,6470,10.79189671864422,86.33517374915375
618,77.25,291,201,381,5656,0.0,0.0
618,77.25,292,661,198,2411,0.0,0.0
618,77.25,263,214,523,1084,28.50510898673659,228.04087189389273
619,77.375,293,413,421,21686,0.0,0.0
619,77.375,287,375,271,48782,44.298007024884605,354.38405619907684
619,77.375,275,292,464,23244,28.706367466300527,229.65093973040422
619,77.375,281,348,619,40578,4.24367704182519,33.94941633460152
619,77.375,226,625,602,59497,37.87012006662789,302.9609605330231
619,77.375,248,500,512,17709,11.119392479928056,88.95513983942445
619,77.375,277,571,451,11305,25.363194497789742,202.90555598231794
619,77.375,257,739,432,21604,31.994841338005827,255.95873070404662
619,77.375,290,568,243,37458,40.73045544342183,325.84364354737465
619,77.375,246,706,293,15059,5.764701687588123,46.117613500704984
619,77.375,291,200,379,6521,2.115339302679323,16.922714421434584
619,77.375,292,666,191,1933,8.550700535986955,68.40560428789564
619,77.375,263,208,516,1624,9.641412680972643,77.13130144778114
620,77.5,281,334,612,43964,16.1511590266611,129.2092722132888
620,77.5,294,392,481,23326,0.0,0.0
620,77.5,234,333,314,44700,29.102810791035356,232.82248632828285
620,77.5,226,662,598,40625,37.24770232310865,297.9816185848692
620,77.5,246,682,289,26286,24.419989241957094,195.35991393565675
620,77.5,257,725,442,24880,17.132881474364105,137.06305179491284
620,77.5,295,553,310,14906,0.0,0.0
620,77.5,283,511,656,14565,34.683259430067665,277.4660754405413
620,77.5,248,499,525,6815,12.849254454670715,102.79403563736572
620,77.5,195,567,417,10150,33.899568817609335,271.1965505408747
620,77.5,279,557,504,6729,12.959505994307253,103.67604795445803
620,77.5,289,567,190,12350,8.9063169893673,71.2505359149384
620,77.5,296,431,251,3558,0.0,0.0
620,77.5,237,482,179,6615,1.309153287143438,10.473226297147503
620,77.5,268,471,259,3898,13.265844453529455,106.12675562823564
620,77.5,282,487,396,4454,10.09326493735232,80.74611949881856
620,77.5,291,198,379,6646,1.8640845015134104,14.912676012107283
620,77.5,297,213,469,7057,0.0,0.0
620,77.5,298,405,172,4028,0.0,0.0
620,77.5,299,466,736,3667,0.0,0.0
621,77.625,300,354,548,94798,0.0,0.0
621,77.625,267,664,561,44551,33.473155880959794,267.78524704767835
621,77.625,234,331,295,36855,19.810075836070776,158.4806066885662
621,77.625,254,540,359,32169,27.533342524740085,220.26674019792068
621,77.625,246,683,287,26603,2.5537253536985074,20.42980282958806
621,77.625,257,741,435,20813,17.1557297978066,137.2458383824528
621,77.625,283,530,661,21338,19.500119838204277,156.00095870563422
621,77.625,237,452,208,19075,42.51155496206498,340.0924396965198
621,77.625,289,550,195,8153,18.59902011109304,148.79216088874432
621,77.625,301,605,174,4227,0.0,0.0
621,77.625,291,199,366,5319,13.378002717719944,107.02402174175955
622,77.75,300,367,572,78909,27.477004855909026,219.8160388472722
622,77.75,267,679,563,44003,15.14286311808563,121.14290494468504
622,77.75,284,530,461,21553,6.033511118365783,48.26808894692626
622,77.75,246,670,294,34694,14.761222227566734,118.08977782053387
622,77.75,257,743,432,16715,3.548578816764784,28.38863053411827
622,77.75,287,373,228,23373,43.23392239577851,345.87137916622805
622,77.75,283,541,679,18382,21.12076282105243,168.96610256841944
622,77.75,254,546,364,8216,7.761909217602479,62.095273740819835
622,77.75,302,274,327,14738,0.0,0.0
622,77.75,237,479,191,9085,31.834455969695842,254.67564775756674
622,77.75,269,392,351,10169,36.57681383597995,292.6145106878396
622,77.75,289,548,208,9852,13.473414400471038,107.7873152037683
622,77.75,301,604,175,4349,0.8524580051262237,6.81966404100979
622,77.75,303,254,429,5018,0.0,0.0
622,77.75,291,192,378,6791,13.886323884699138,111.0905910775931
622,77.75,268,485,294,4916,37.51462766253258,300.11702130026066
622,77.75,263,189,510,2650,19.477537771079383,155.82030216863507
622,77.75,297,221,479,2055,13.390097975704368,107.12078380563494
623,77.875,267,660,567,76200,18.64031570879451,149.12252567035608
623,77.875,304,612,260,25859,0.0,0.0
623,77.875,284,540,433,27374,30.283465462719274,242.2677237017542
623,77.875,246,698,276,9058,32.91786332779738,263.342906622379
623,77.875,305,451,513,20997,0.0,0.0
623,77.875,306,738,347,10522,0.0,0.0
623,77.875,281,348,628,46528,21.781479443052213,174.2518355444177
623,77.875,269,398,309,15912,41.94192229731451,335.5353783785161
623,77.875,296,451,236,16163,24.782085726873653,198.25668581498923
623,77.875,307,321,235,11125,0.0,0.0
623,77.875,302,261,312,9011,19.9779733128053,159.8237865024424
623,77.875,275,262,488,7962,38.52141163378424,308.1712930702739
623,77.875,285,348,457,7022,36.54148274807302,292.3318619845842
623,77.875,237,517,178,11657,40.9383687266971,327.5069498135768
623,77.875,308,288,381,3519,0.0,0.0
623,77.875,309,351,382,3436,0.0,0.0
623,77.875,303,260,424,4638,7.638278032214714,61.10622425771771
623,77.875,291,193,380,7461,2.4477354333258368,19.581883466606694
623,77.875,263,188,507,3084,3.6254431863025123,29.003545490420098
624,78.0,269,377,280,60221,35.809393986127716,286.47515188902173
624,78.0,267,667,563,72998,7.608249492952267,60.86599594361814
624,78.0,300,332,583,66601,36.94936495372288,295.594919629783
624,78.0,304,629,261,38370,17.8189137488882,142.5513099911056
624,78.0,310,522,476,35023,0.0,0.0
624,78.0,306,739,347,10455,0.48184887120729514,3.854790969658361
624,78.0,285,374,434,8514,34.596017523244946,276.76814018595957
624,78.0,294,414,489,4360,23.627286370196703,189.01829096157363
624,78.0,237,507,173,9719,10.910521023558584,87.28416818846867
624,78.0,291,191,383,8044,3.4990960315407174,27.99276825232574
624,78.0,263,189,504,3683,3.206994390033051,25.65595512026441
624,78.0,299,477,730,3131,13.13578087919564,105.08624703356512
625,78.125,311,702,496,74172,0.0,0.0
625,78.125,307,338,228,14350,18.113497475447833,144.90797980358266
625,78.125,296,446,221,23753,16.107534605700273,128.8602768456022
625,78.125,302,295,334,22684,40.61004097174676,324.8803277739741
625,78.125,305,453,486,27225,26.39432972586268,211.15463780690143
625,78.125,304,627,234,28106,27.747785246440497,221.98228197152397
625,78.125,254,573,359,18026,27.588748501857136,220.7099880148571
625,78.125,281,347,640,35191,11.433538526963595,91.46830821570876
625,78.125,279,554,484,9363,20.185874990894277,161.48699992715422
625,78.125,283,529,666,23342,17.268719745488564,138.1497579639085
625,78.125,312,471,342,6114,0.0,0.0
625,78.125,285,340,461,9708,43.68416544162104,349.4733235329683
625,78.125,237,533,178,4255,26.082415187463017,208.65932149970413
625,78.125,303,247,447,9461,26.093659610886792,208.74927688709434
625,78.125,313,239,554,7711,0.0,0.0
625,78.125,291,185,390,6905,8.917260751423784,71.33808601139027
625,78.125,263,185,505,3538,3.2908505000341894,26.326804000273516
625,78.125,299,467,754,2000,26.17622500907047,209.40980007256377
626,78.25,267,694,539,60170,36.28142781883209,290.25142255065674
626,78.25,314,587,256,57179,0.0,0.0
626,78.25,279,559,468,12197,17.200371204129503,137.60296963303603
626,78.25,306,736,345,15110,3.307715718865148,26.461725750921183
626,78.25,281,327,622,44152,27.094464190394447,216.75571352315558
626,78.25,305,453,493,25706,6.757069277614456,54.05655422091565
626,78.25,296,436,241,15947,22.42600999645684,179.40807997165473
626,78.25,307,346,249,20915,22.7336165110629,181.8689320885032
626,78.25,315,483,637,6854,0.0,0.0
626,78.25,302,259,328,15168,36.95496968336255,295.6397574669004
626,78.25,285,337,465,8995,4.458253914800571,35.66603131840457
626,78.25,283,548,675,11868,20.560756690096795,164.48605352077436
626,78.25,309,356,378,4955,6.54076653444962,52.32613227559696
626,78.25,312,462,367,4478,27.064453636224883,216.51562908979906
626,78.25,291,197,401,9621,16.144155773225844,129.15324618580675
626,78.25,303,274,445,3198,26.628083379317882,213.02466703454306
626,78.25,299,470,737,4055,17.334923214226073,138.67938571380859
626,78.25,263,195,498,5116,11.333405227779304,90.66724182223443
626,78.25,316,615,705,869,0.0,0.0
627,78.375,267,689,524,70676,15.985500536870422,127.88400429496338
627,78.375,246,667,300,39020,38.95783157106705,311.6626525685364
627,78.375,289,537,214,28529,12.746696749174806,101.97357399339845
627,78.375,269,389,269,45439,16.60619572116699,132.84956576933592
627,78.375,294,373,486,27186,41.16683388619734,329.3346710895787
627,78.375,281,330,629,43114,7.473470648887281,59.787765191098245
627,78.375,310,499,461,13109,27.303781867322783,218.43025493858227
627,78.375,317,518,590,15630,0.0,0.0
627,78.375,302,256,328,14519,2.9772229152733756,23.817783322187005
627,78.375,283,539,702,6991,28.462579058893176,227.7006324711454
627,78.375,316,592,685,4063,29.798535975167365,238.38828780133892
627,78.375,309,349,396,2556,19.515652697047702,156.12522157638162
627,78.375,291,199,404,10443,4.352409587756878,34.81927670205502
627,78.375,299,466,739,4458,4.961441244938553,39.69152995950842
627,78.375,263,192,500,4975,2.91443668275096,23.31549346200768
628,78.5,305,470,492,25350,16.79271508220943,134.34172065767544
628,78.5,294,358,486,19842,15.270507677746675,122.1640614219734
628,78.5,318,737,413,37603,0.0,0.0
628,78.5,284,544,430,16276,4.913638409905652,39.30910727924522
628,78.5,319,616,509,16100,0.0,0.0
628,78.5,289,532,204,28443,11.31355428373715,90.5084342698972
628,78.5,246,646,277,25174,30.905526747407663,247.2442139792613
628,78.5,281,329,634,37822,5.086358149582039,40.69086519665631
628,78.5,307,367,235,29535,25.385112466087122,203.08089972869698
628,78.5,320,645,645,14824,0.0,0.0
628,78.5,302,247,309,11383,20.613863214458334,164.91090571566667
628,78.5,309,355,375,6008,22.06762184540171,176.54097476321368
628,78.5,321,768,554,6063,0.0,0.0
628,78.5,322,735,620,6607,0.0,0.0
628,78.5,308,278,395,5617,17.621620574242318,140.97296459393854
628,78.5,323,455,307,5151,0.0,0.0
628,78.5,283,536,681,14260,20.623981766708678,164.99185413366942
628,78.5,315,471,648,2885,16.0256860532888,128.2054884263104
628,78.5,275,259,503,3804,15.35290315028658,122.82322520229263
628,78.5,291,194,404,10267,5.589753446701053,44.718027573608424
628,78.5,263,194,499,5265,2.3294399018735503,18.635519214988403
628,78.5,299,461,746,3652,8.125705016177527,65.00564012942021
628,78.5,324,301,715,1186,0.0,0.0
629,78.625,319,598,496,23401,22.17929607546653,177.43436860373225
629,78.625,305,479,527,34490,35.736968055219094,285.89574444175275
629,78.625,314,599,289,34197,35.12470447810432,280.99763582483456
629,78.625,269,397,241,34659,29.419870203703308,235.35896162962646
629,78.625,308,309,376,42691,36.57362088549352,292.58896708394815
629,78.625,325,703,274,9723,0.0,0.0
629,78.625,311,733,526,18018,42.74943771207981,341.9955016966385
629,78.625,318,751,434,13896,25.403627778530478,203.22902222824382
629,78.625,306,747,344,10988,10.227096598978553,81.81677279182843
629,78.625,281,333,627,47440,8.363044336642384,66.90435469313907
629,78.625,237,522,189,17564,16.127826292459112,129.0226103396729
629,78.625,320,648,653,11132,8.529114373121773,68.23291498497419
629,78.625,283,529,704,9089,23.2631166148621,186.1049329188968
629,78.625,316,590,684,3898,2.6089553049243284,20.871642439394627
629,78.625,322,729,627,6333,8.864941540923017,70.91953232738413
629,78.625,326,222,425,3515,0.0,0.0
629,78.625,291,175,391,6576,22.01627142684881,176.13017141479048
629,78.625,263,204,496,5973,10.147764539399411,81.18211631519529
629,78.625,299,462,750,3605,3.802689856301076,30.421518850408606
630,78.75,308,305,389,77069,13.638132106446308,109.10505685157047
630,78.75,327,569,254,54185,0.0,0.0
630,78.75,328,432,549,33680,0.0,0.0
630,78.75,319,597,495,22766,1.771160933517457,14.169287468139656
630,78.75,307,380,208,23361,29.92148523685319,239.37188189482552
630,78.75,329,532,540,7594,0.0,0.0
630,78.75,318,733,465,26564,35.39051934113211,283.1241547290569
630,78.75,325,705,271,9218,4.025673405969361,32.205387247754885
630,78.75,306,745,341,10694,4.254574008351717,34.03659206681374
630,78.75,330,287,632,26102,0.0,0.0
630,78.75,299,447,713,13740,40.27367474087043,322.18939792696347
630,78.75,321,754,592,14382,41.28451043553046,330.27608348424366
630,78.75,320,648,655,11606,2.044653545483912,16.357228363871297
630,78.75,316,591,684,3644,0.4210054492171225,3.36804359373698
630,78.75,331,558,668,3738,0.0,0.0
630,78.75,283,525,710,5480,7.703548291464151,61.62838633171321
631,78.875,327,560,269,64879,18.03465472242019,144.2772377793615
631,78.875,269,382,237,30971,16.130836407340894,129.04669125872715
631,78.875,332,689,577,49542,0.0,0.0
631,78.875,308,308,361,36142,27.70866206776445,221.6692965421156
631,78.875,263,229,479,33645,30.016922109977074,240.1353768798166
631,78.875,333,407,633,30889,0.0,0.0
631,78.875,306,728,311,21103,33.94071734662548,271.52573877300387
631,78.875,318,751,434,14354,35.924553574778535,287.3964285982283
631,78.875,330,289,631,16574,2.520477993562033,20.163823948496265
631,78.875,329,546,534,10142,15.644802442259838,125.1584195380787
631,78.875,317,520,614,9034,24.77482554084037,198.19860432672297
631,78.875,310,520,455,10776,21.354527768169138,170.8362221453531
631,78.875,334,422,480,5445,0.0,0.0
631,78.875,283,547,703,9406,22.98911187728644,183.91289501829152
631,78.875,299,465,752,4352,42.59175991727567,340.73407933820533
632,79.0,327,571,274,78431,12.220061038645957,97.76048830916766
632,79.0,332,682,570,53006,9.929772338422818,79.43817870738255
632,79.0,335,467,461,14084,0.0,0.0
632,79.0,330,303,608,43905,27.192141959188803,217.53713567351042
632,79.0,318,751,429,17701,4.629057392072443,37.03245913657955
632,79.0,317,518,613,32749,2.2841569608938097,18.273255687150478
632,79.0,269,375,225,27577,13.554084952287237,108.4326796182979
632,79.0,294,353,458,16014,29.38338946422512,235.06711571380097
632,79.0,306,746,334,10021,29.35446461000779,234.8357168800623
632,79.0,302,280,323,23193,35.55215643897983,284.41725151183863
632,79.0,299,445,724,13047,34.202396063737616,273.61916850990093
632,79.0,326,262,430,5261,39.87446818557873,318.9957454846298
632,79.0,291,182,401,9747,11.642623524167421,93.14098819333937
632,79.0,263,192,490,3738,38.60339929129407,308.82719433035254
633,79.125,327,583,263,71181,16.28784533112437,130.30276264899496
633,79.125,311,747,485,31762,43.927309279139344,351.41847423311475
633,79.125,306,750,344,11575,10.094041442718172,80.75233154174538
633,79.125,336,379,289,9555,0.0,0.0
633,79.125,335,446,466,23968,21.91755788104906,175.34046304839248
633,79.125,315,493,685,33406,43.80580948172493,350.4464758537994
633,79.125,307,370,192,18249,18.67631517647621,149.41052141180967
633,79.125,302,276,334,26466,12.174589570013937,97.3967165601115
633,79.125,319,617,514,19055,28.119600395159527,224.9568031612762
633,79.125,329,527,534,9484,18.98800314493581,151.90402515948648
633,79.125,281,350,634,23808,18.452365482957607,147.61892386366085
633,79.125,294,362,434,5550,25.42710002142613,203.41680017140905
633,79.125,320,645,664,12401,9.951992699704924,79.61594159763939
633,79.125,337,314,479,7966,0.0,0.0
633,79.125,338,259,627,9273,0.0,0.0
633,79.125,323,444,314,2975,12.486908648961826,99.89526919169461
633,79.125,291,184,409,11422,8.242518044323235,65.94014435458588
633,79.125,322,736,632,7112,8.53719963467576,68.29759707740608
633,79.125,275,256,512,4521,10.028880475052045,80.23104380041636
633,79.125,339,206,571,5339,0.0,0.0
633,79.125,263,181,509,4403,22.3366249773978,178.6929998191824
634,79.25,308,340,345,49268,35.51411391138259,284.1129112910607
634,79.25,329,534,499,56478,35.64140842460306,285.13126739682446
634,79.25,275,233,488,34146,32.71676613512238,261.734129080979
634,79.25,314,634,281,39442,36.19934704868591,289.59477638948727
634,79.25,311,751,482,32674,4.042959148740526,32.34367318992421
634,79.25,306,751,341,11461,3.06466853248493,24.51734825987944
634,79.25,330,300,620,22226,13.10293713893731,104.82349711149848
634,79.25,307,371,191,18394,1.8485362385195263,14.78828990815621
634,79.25,237,510,204,23553,18.88439793549119,151.07518348392952
634,79.25,315,517,693,27143,25.44181075555761,203.5344860444609
634,79.25,320,656,656,12925,13.93028654758031,111.44229238064248
634,79.25,340,385,684,15517,0.0,0.0
634,79.25,322,742,632,6740,5.496948254168009,43.97558603334407
634,79.25,341,177,338,4345,0.0,0.0
634,79.25,342,618,152,2317,0.0,0.0
635,79.375,343,560,557,78028,0.0,0.0
635,79.375,308,334,343,96763,5.80723877484339,46.45791019874712
635,79.375,311,746,518,41975,36.37431352947041,290.9945082357633
635,79.375,327,591,251,64934,14.426606798575158,115.41285438860126
635,79.375,306,752,342,11735,2.1301716007052303,17.041372805641842
635,79.375,340,394,678,19087,10.913049265244183,87.30439412195346
635,79.375,281,337,600,6149,36.370240343909806,290.96192275127845
635,79.375,299,479,739,9520,37.305749163189645,298.44599330551716
635,79.375,338,270,649,13070,24.904278916051464,199.2342313284117
635,79.375,263,206,525,17345,29.43113873287414,235.4491098629931
635,79.375,291,159,425,2172,29.44914205040544,235.59313640324353
636,79.5,343,596,575,85591,39.93108940717271,319.4487152573817
636,79.5,344,539,253,35634,0.0,0.0
636,79.5,269,373,239,32760,14.503335067531932,116.02668054025546
636,79.5,345,453,368,22344,0.0,0.0
636,79.5,346,691,295,40476,0.0,0.0
636,79.5,347,247,371,42410,0.0,0.0
636,79.5,348,775,482,24673,0.0,0.0
636,79.5,340,395,675,18018,4.040735445859229,32.325883566873834
636,79.5,281,334,605,6130,5.821687132427991,46.57349705942393
636,79.5,338,269,651,12968,2.101902802852888,16.815222422823105
636,79.5,349,351,511,12980,0.0,0.0
636,79.5,299,504,730,7335,26.444365198351463,211.5549215868117
636,79.5,263,205,538,14969,12.855284559399504,102.84227647519603
636,79.5,350,450,760,3241,0.0,0.0
636,79.5,342,619,150,2250,2.2480433987342465,17.984347189873972
636,79.5,351,382,763,1546,0.0,0.0
637,79.625,320,631,625,51926,40.030675610569745,320.24540488455796
637,79.625,347,277,378,55351,30.20968190639131,241.67745525113048
637,79.625,344,526,278,48916,27.57777181663648,220.62217453309185
637,79.625,269,380,234,31970,9.40009545188039,75.20076361504312
637,79.625,352,492,534,28208,0.0,0.0
637,79.625,348,747,467,37176,31.41010754801099,251.28086038408793
637,79.625,314,663,274,28184,30.387558300408575,243.1004664032686
637,79.625,340,366,660,17313,33.08934264850654,264.7147411880523
637,79.625,353,281,555,11626,0.0,0.0
637,79.625,354,403,503,6020,0.0,0.0
637,79.625,263,187,535,12373,18.933357875829024,151.4668630066322
637,79.625,306,766,316,7907,29.347341671324802,234.77873337059842
637,79.625,350,452,731,9340,29.107354594341018,232.85883675472815
637,79.625,338,237,638,3664,34.78865165546514,278.3092132437211
637,79.625,355,284,690,6055,0.0,0.0
637,79.625,349,358,545,2391,34.811274566079675,278.4901965286374
637,79.625,342,619,150,2399,0.5719585481311283,4.575668385049027
637,79.625,299,514,753,2528,24.89510696000501,199.16085568004007
637,79.625,351,382,762,1738,0.20613322929657074,1.649065834372566
638,79.75,343,573,571,97017,23.34401001347724,186.75208010781793
638,79.75,344,541,261,55512,21.657265938257655,173.25812750606124
638,79.75,356,227,421,56948,0.0,0.0
638,79.75,294,364,398,17200,35.56254166166651,284.50033329333206
638,79.75,269,379,234,32114,0.949097984355688,7.592783874845504
638,79.75,346,709,296,34072,17.44023424798171,139.52187398385368
638,79.75,348,770,485,27726,28.6651499276527,229.3211994212216
638,79.75,281,344,593,12229,15.638217556657048,125.10574045325639
638,79.75,350,442,718,11273,15.946898081077007,127.57518464861606
638,79.75,338,267,649,14064,31.700178477132674,253.6014278170614
638,79.75,299,512,736,5456,17.482863634451384,139.86290907561107
638,79.75,340,358,703,6361,44.105697689831715,352.8455815186537
638,79.75,351,382,764,1675,1.6385527808923788,13.10842224713903
639,79.875,357,633,555,118853,0.0,0.0
639,79.875,358,458,256,82514,0.0,0.0
639,79.875,356,228,449,50348,28.319088615403555,226.55270892322844
639,79.875,346,691,294,15654,17.929636656049375,143.437093248395
639,79.875,314,636,250,13775,36.43958450180825,291.516676014466
639,79.875,306,756,339,11587,25.06026980455869,200.48215843646952
639,79.875,350,407,700,26246,39.05256949954877,312.42055599639014
639,79.875,330,291,620,24982,8.787664154444489,70.30131323555591
639,79.875,359,253,286,11097,0.0,0.0
639,79.875,294,385,424,8212,33.665536802420206,269.32429441936165
639,79.875,354,404,493,4227,10.598313011412008,84.78650409129607
639,79.875,349,392,543,1644,33.961078899586376,271.688631196691
639,79.875,299,514,755,2505,19.239692653540743,153.91754122832594
639,79.875,342,620,149,2329,1.599217438110183,12.793739504881463
640,80.0,356,225,422,58577,27.527945676696646,220.22356541357317
640,80.0,343,563,571,79793,9.78775502911474,78.30204023291792
640,80.0,308,362,312,39814,41.43860906950948,331.50887255607586
640,80.0,344,515,268,50246,26.41139987627901,211.29119901023208
640,80.0,346,666,273,30627,32.4094308342785,259.275446674228
640,80.0,306,759,344,13039,6.294128068714311,50.35302454971449
640,80.0,348,761,485,31515,9.152828495681726,73.22262796545381
640,80.0,350,407,697,26943,3.024041729888988,24.192333839111903
640,80.0,281,339,581,10330,12.817512440560034,102.54009952448027
640,80.0,299,513,740,5758,15.63977085360718,125.11816682885744
640,80.0,338,265,652,14828,3.9039311318127976,31.23144905450238
640,80.0,360,749,633,8377,0.0,0.0
640,80.0,361,405,157,5895,0.0,0.0
640,80.0,342,621,148,2368,1.5614835889498822,12.491868711599057
641,80.125,343,557,615,72238,44.072572207751044,352.58057766200835
641,80.125,362,476,449,23804,0.0,0.0
641,80.125,345,476,342,16041,34.27244810741975,274.179584859358
641,80.125,363,523,216,34236,0.0,0.0
641,80.125,348,749,517,49154,34.01644973935282,272.1315979148226
641,80.125,364,257,505,47706,0.0,0.0
641,80.125,365,237,335,30948,0.0,0.0
641,80.125,346,672,282,33899,11.379556234991933,91.03644987993546
641,80.125,308,360,302,12225,10.12364057212283,80.98912457698265
641,80.125,366,363,180,17537,0.0,0.0
641,80.125,367,375,630,9062,0.0,0.0
641,80.125,340,353,725,13035,22.65958368489999,181.2766694791999
641,80.125,306,778,309,6443,39.943245595391886,319.5459647631351
641,80.125,338,246,650,7566,19.180539110687967,153.44431288550373
641,80.125,368,451,765,3194,0.0,0.0
641,80.125,342,623,145,2329,2.6434355532909475,21.14748442632758
641,80.125,330,311,631,2235,22.37155497610696,178.97243980885568
642,80.25,344,495,274,61129,21.402750901783026,171.2220072142642
642,80.25,367,409,615,68281,36.583154912629624,292.665239301037
642,80.25,357,608,525,32357,38.76772924369117,310.14183394952937
642,80.25,352,520,561,10999,38.43539774182451,307.4831819345961
642,80.25,346,663,269,28403,16.320498376885297,130.56398701508238
642,80.25,369,758,435,46532,0.0,0.0
642,80.25,370,280,451,17490,0.0,0.0
642,80.25,365,226,328,27468,12.45426297418687,99.63410379349496
642,80.25,263,184,519,19674,16.01137602955703,128.09100823645625
642,80.25,308,336,272,9520,38.261246794312356,306.08997435449885
642,80.25,371,553,701,9156,0.0,0.0
642,80.25,366,326,176,7144,37.30394121218495,298.4315296974796
642,80.25,372,649,694,10686,0.0,0.0
642,80.25,338,261,639,15153,18.755433837232136,150.0434706978571
642,80.25,361,403,169,7649,12.477334519332313,99.8186761546585
642,80.25,360,742,630,11336,8.123528711129113,64.9882296890329
642,80.25,342,622,146,2356,0.9844014614865846,7.875211691892677
643,80.375,364,272,535,68539,34.00408909047923,272.03271272383387
643,80.375,269,387,277,105645,43.68631901082041,349.4905520865633
643,80.375,373,469,633,71628,0.0,0.0
643,80.375,346,664,268,32110,0.9877680432064836,7.902144345651869
643,80.375,374,642,647,25792,0.0,0.0
643,80.375,306,760,343,13524,38.239387107256405,305.91509685805124
643,80.375,348,743,484,37520,32.84052162164051,262.7241729731241
643,80.375,375,586,460,6380,0.0,0.0
643,80.375,376,581,389,6368,0.0,0.0
643,80.375,360,751,632,9046,9.210284835651304,73.68227868521043
643,80.375,377,145,374,4384,0.0,0.0
643,80.375,378,295,725,2736,0.0,0.0
643,80.375,342,624,144,2442,2.374512609816044,18.996100878528352
643,80.375,379,567,132,3914,0.0,0.0
644,80.5,343,563,583,67647,32.38895983371954,259.1116786697563
644,80.5,380,747,536,51695,0.0,0.0
644,80.5,344,505,278,51335,11.160596326757567,89.28477061406053
644,80.5,346,666,259,34076,9.192798386661416,73.54238709329132
644,80.5,365,226,330,29617,2.739009492786819,21.912075942294553
644,80.5,381,230,490,37473,0.0,0.0
644,80.5,306,764,342,13481,3.243853041613744,25.950824332909953
644,80.5,382,363,232,33132,0.0,0.0
644,80.5,350,398,691,24454,10.574493542997699,84.59594834398159
644,80.5,354,411,469,14475,24.497265550749084,195.97812440599267
644,80.5,281,337,583,9880,3.288872285712927,26.310978285703417
644,80.5,338,251,639,13387,9.687325494266778,77.49860395413423
644,80.5,299,491,763,6490,31.827374287760783,254.61899430208626
644,80.5,378,293,725,3080,2.022784578036313,16.182276624290505
644,80.5,379,569,130,3714,2.865263056425186,22.922104451401488
645,80.625,383,301,372,126181,0.0,0.0
645,80.625,384,594,227,61603,0.0,0.0
645,80.625,385,513,406,27926,0.0,0.0
645,80.625,357,626,530,26556,18.400684683961494,147.20547747169195
645,80.625,386,594,677,37802,0.0,0.0
645,80.625,348,763,466,34768,27.370138455566117,218.96110764452894
645,80.625,387,708,355,7030,0.0,0.0
645,80.625,350,376,702,16174,25.050948839770594,200.40759071816476
645,80.625,330,289,625,15928,22.548549590993616,180.38839672794893
645,80.625,368,461,757,8138,12.688492620900632,101.50794096720506
645,80.625,373,450,592,10275,44.86752841096252,358.94022728770017
645,80.625,306,780,304,6306,41.36520407727748,330.92163261821986
645,80.625,360,769,616,5719,24.12214883001083,192.97719064008663
645,80.625,378,290,724,3480,2.8564282843939055,22.851426275151244
645,80.625,388,188,632,4713,0.0,0.0
645,80.625,389,752,676,2031,0.0,0.0
645,80.625,390,465,684,1041,0.0,0.0
646,80.75,384,596,204,55441,23.972261893616842,191.77809514893474
646,80.75,391,542,325,19063,0.0,0.0
646,80.75,381,256,503,54584,28.6885863311036,229.5086906488288
646,80.75,376,587,407,13567,18.970699685647,151.765597485176
646,80.75,369,759,430,44183,5.37234498247558,42.97875985980464
646,80.75,392,417,349,18155,0.0,0.0
646,80.75,374,626,638,48101,18.457260195294698,147.65808156235758
646,80.75,338,280,665,22997,39.223762039288324,313.7900963143066
646,80.75,382,349,224,26047,16.146294628744265,129.17035702995412
646,80.75,365,241,315,21850,21.816353709124467,174.53082967299574
646,80.75,393,558,504,14201,0.0,0.0
646,80.75,350,416,715,22813,41.83561651121066,334.6849320896853
646,80.75,394,470,498,6149,0.0,0.0
646,80.75,354,421,479,5750,13.946062018142442,111.56849614513953
646,80.75,373,462,597,10764,13.180297160362755,105.44237728290204
646,80.75,299,520,761,4881,29.13431174529791,233.0744939623833
646,80.75,360,771,611,6474,5.620608444956205,44.96486755964964
646,80.75,377,147,363,5965,11.37621300496194,91.00970403969552
646,80.75,389,753,676,2129,1.440046404442879,11.520371235543031
646,80.75,395,829,588,974,0.0,0.0
647,80.875,392,451,340,38652,35.75803662835344,286.0642930268275
647,80.875,396,621,360,29566,0.0,0.0
647,80.875,381,256,506,56893,3.5980982761822697,28.784786209458158
647,80.875,397,656,207,33743,0.0,0.0
647,80.875,365,219,323,28474,24.039526985758478,192.31621588606782
647,80.875,390,486,666,25217,27.5231397395843,220.1851179166744
647,80.875,398,712,420,10236,0.0,0.0
647,80.875,399,642,574,18699,0.0,0.0
647,80.875,382,342,215,23733,11.486331717071382,91.89065373657105
647,80.875,354,445,479,8322,24.14042543727106,193.12340349816847
647,80.875,394,492,531,10044,39.91383774015096,319.3107019212077
647,80.875,369,797,406,20050,44.857882399838125,358.863059198705
647,80.875,350,401,724,19557,16.989735066783435,135.91788053426748
647,80.875,393,580,505,7852,22.138536070921266,177.10828856737012
647,80.875,386,608,695,15247,23.089383014948368,184.71506411958694
647,80.875,380,777,567,20144,42.34833326766857,338.7866661413486
647,80.875,400,503,194,6740,0.0,0.0
647,80.875,330,326,642,3703,40.94195023255891,327.5356018604713
647,80.875,401,454,141,9347,0.0,0.0
647,80.875,388,228,652,9148,44.80615037389653,358.4492029911722
647,80.875,378,292,706,6995,17.735886852312433,141.88709481849946
647,80.875,402,704,694,4732,0.0,0.0
647,80.875,389,759,682,1366,8.414326755150244,67.31461404120195
648,81.0,396,647,374,40229,29.329868824853413,234.6389505988273
648,81.0,381,248,517,48234,13.546790108150388,108.3743208652031
648,81.0,365,234,323,31907,15.10823815980099,120.86590527840792
648,81.0,400,465,201,31656,39.13779730926706,313.10237847413646
648,81.0,383,286,405,9782,35.694645164697455,285.55716131757964
648,81.0,392,478,343,14464,26.515809109212174,212.1264728736974
648,81.0,382,340,208,19157,6.66087914223742,53.28703313789936
648,81.0,397,663,211,33246,8.870094852241644,70.96075881793315
648,81.0,354,456,472,25205,13.376618452717217,107.01294762173774
648,81.0,399,621,575,12330,21.08390103634848,168.67120829078783
648,81.0,403,704,565,12393,0.0,0.0
648,81.0,350,387,690,30509,37.437559983571525,299.5004798685722
648,81.0,393,569,511,10494,12.29496990830491,98.35975926643928
648,81.0,369,802,410,18558,6.533927476042459,52.27141980833967
648,81.0,386,611,695,15200,3.3278798063151895,26.623038450521516
648,81.0,390,515,688,14890,36.423701849246754,291.38961479397403
648,81.0,380,796,564,14714,19.77592366613028,158.20738932904223
648,81.0,330,324,626,4521,15.91581832064421,127.32654656515368
648,81.0,388,239,657,11641,12.475293181199474,99.80234544959579
648,81.0,368,465,782,4266,25.572373619703143,204.57898895762514
648,81.0,402,708,692,4544,3.743949913900162,29.951599311201296
648,81.0,389,757,671,2383,11.704532639682105,93.63626111745684
649,81.125,404,438,300,116273,0.0,0.0
649,81.125,381,251,523,58663,6.674738038586305,53.39790430869044
649,81.125,397,669,229,37603,18.515969049750073,148.12775239800058
649,81.125,398,697,412,15364,16.422873412066963,131.3829872965357
649,81.125,369,797,410,21835,5.421639469867262,43.3731157589381
649,81.125,399,650,572,20743,29.30257854577617,234.42062836620937
649,81.125,378,313,698,20899,22.46585190501197,179.72681524009576
649,81.125,405,473,666,32373,0.0,0.0
649,81.125,365,204,326,25154,30.38176006963054,243.05408055704433
649,81.125,393,568,512,10725,1.2924896781487567,10.339917425190054
649,81.125,386,624,697,18175,13.561076718486877,108.48861374789502
649,81.125,360,778,592,13747,20.525503579296547,164.20402863437238
649,81.125,376,603,425,6885,24.370653675499952,194.96522940399961
649,81.125,380,811,522,4055,44.7521339711561,358.0170717692488
649,81.125,368,439,774,6623,27.578519285986133,220.62815428788906
649,81.125,406,192,650,2661,0.0,0.0
649,81.125,389,735,674,2943,22.03850356944931,176.3080285555945
650,81.25,384,590,244,81379,41.06902715252241,328.5522172201793
650,81.25,392,436,356,32431,43.09318410224165,344.7454728179332
650,81.25,381,251,506,58256,17.17661323833516,137.4129059066813
650,81.25,365,223,325,31523,19.091040543586978,152.72832434869582
650,81.25,399,650,586,23577,13.591177299168095,108.72941839334476
650,81.25,398,696,419,14773,7.450468226847376,59.60374581477901
650,81.25,382,344,209,24144,3.3169041568849873,26.5352332550799
650,81.25,369,798,410,22723,0.7920878522691346,6.336702818153077
650,81.25,407,425,652,20711,0.0,0.0
650,81.25,394,469,523,12741,24.255570192359748,194.04456153887799
650,81.25,393,574,501,12514,12.456825479530043,99.65460383624034
650,81.25,386,606,705,12694,19.757589649020776,158.0607171921662
650,81.25,390,516,682,10115,6.586907270152393,52.695258161219144
650,81.25,360,749,617,10753,38.961560313918234,311.6924825113459
650,81.25,395,807,582,6431,22.90106982451251,183.2085585961001
650,81.25,380,814,523,3930,3.119974775780744,24.959798206245953
650,81.25,330,327,634,4603,7.974544388244525,63.7963551059562
650,81.25,388,226,666,9539,16.44340848645619,131.5472678916495
650,81.25,338,292,668,3260,11.890952801673674,95.12762241338939
650,81.25,408,363,752,5523,0.0,0.0
650,81.25,299,528,772,3828,14.25775287673232,114.06202301385856
650,81.25,378,293,734,4137,40.488897257229446,323.91117805783557
650,81.25,368,450,779,5241,12.516361407137177,100.13089125709742
650,81.25,402,706,711,2689,18.992007650906945,151.93606120725556
650,81.25,306,803,275,1577,37.730973759473784,301.8477900757903
651,81.375,409,248,561,67361,0.0,0.0
651,81.375,365,263,339,53605,42.33863100010931,338.7090480008745
651,81.375,384,621,269,74274,39.637696346849786,317.1015707747983
651,81.375,369,774,446,45600,42.200451566617886,337.6036125329431
651,81.375,400,442,191,27037,25.026012692858558,200.20810154286846
651,81.375,392,435,354,15564,2.6436326789039977,21.14906143123198
651,81.375,360,732,611,19909,17.527501711087652,140.22001368870121
651,81.375,399,621,578,11606,29.46459613007364,235.71676904058913
651,81.375,407,422,665,18468,13.392945068461737,107.1435605476939
651,81.375,410,433,551,9093,0.0,0.0
651,81.375,393,579,503,12968,5.011192153524198,40.089537228193585
651,81.375,394,486,494,12256,33.59119553660017,268.72956429280134
651,81.375,386,614,700,16006,9.266510303926939,74.13208243141551
651,81.375,390,518,682,9845,1.2403125542531315,9.922500434025052
651,81.375,411,335,157,4994,0.0,0.0
651,81.375,412,292,187,3789,0.0,0.0
651,81.375,408,346,750,8020,17.65461959956679,141.23695679653432
651,81.375,299,530,774,3828,2.160886801061982,17.287094408495857
651,81.375,368,452,781,5151,2.2434409251876914,17.94752740150153
651,81.375,402,706,713,2810,1.7850261944714905,14.280209555771924
651,81.375,378,266,739,943,28.291648353033878,226.33318682427102
652,81.5,413,570,260,106498,0.0,0.0
652,81.5,365,280,353,64793,22.562872807493708,180.50298245994966
652,81.5,414,769,491,63748,0.0,0.0
652,81.5,409,248,581,67298,19.70955999703404,157.67647997627233
652,81.5,386,613,692,24328,8.166062579356884,65.32850063485508
652,81.5,399,631,601,10169,24.523339505025135,196.18671604020108
652,81.5,393,595,510,17877,17.563484408459207,140.50787526767365
652,81.5,350,417,707,28920,35.2020040508514,281.6160324068112
652,81.5,394,504,498,7891,17.66858194321266,141.3486555457013
652,81.5,410,445,520,8694,33.33008591212718,266.64068729701745
652,81.5,415,462,597,4309,0.0,0.0
652,81.5,411,334,176,12839,19.126813632810318,153.01450906248255
652,81.5,299,521,742,7883,32.597658703082935,260.7812696246635
652,81.5,416,391,118,1374,0.0,0.0
652,81.5,417,107,458,1021,0.0,0.0
653,81.625,418,555,330,190770,0.0,0.0
653,81.625,383,267,402,78928,19.655580438019843,157.24464350415874
653,81.625,386,608,677,50012,15.03198377456719,120.25587019653751
653,81.625,419,162,530,23314,0.0,0.0
653,81.625,395,779,558,27436,36.17676499183802,289.41411993470416
653,81.625,407,413,651,15728,16.713036814292046,133.70429451433637
653,81.625,338,303,697,11794,30.947746535679183,247.58197228543347
653,81.625,420,837,436,7292,0.0,0.0
653,81.625,388,215,682,7488,19.102347948086404,152.81878358469123
653,81.625,408,386,759,7609,41.48521231092406,331.8816984873925
653,81.625,409,244,610,2454,29.739443321589732,237.91554657271786
653,81.625,368,461,782,4979,9.615951891167688,76.9276151293415
653,81.625,412,290,160,2759,27.590410845021236,220.72328676016988
653,81.625,306,795,268,2928,10.381085664531591,83.04868531625273
654,81.75,421,518,286,152659,0.0,0.0
654,81.75,419,200,545,37861,41.02943666948586,328.2354933558869
654,81.75,383,248,404,45361,19.241381093026632,153.93104874421306
654,81.75,393,612,542,17787,35.9382370454774,287.5058963638192
654,81.75,395,761,587,42864,33.813967873147085,270.5117429851767
654,81.75,422,417,597,22884,0.0,0.0
654,81.75,423,343,722,25424,0.0,0.0
654,81.75,424,265,260,15337,0.0,0.0
654,81.75,425,768,385,32713,0.0,0.0
654,81.75,390,519,696,20081,14.03280043903152,112.26240351225216
654,81.75,386,617,695,15920,19.634841009126685,157.07872807301348
654,81.75,388,213,683,7496,2.6221346168200035,20.977076934560028
654,81.75,368,458,783,4486,3.2772571595605795,26.218057276484636
655,81.875,426,396,283,87027,0.0,0.0
655,81.875,384,622,249,65940,19.437046602846852,155.49637282277482
655,81.875,393,609,512,42249,30.092548649534184,240.74038919627347
655,81.875,419,227,535,51299,28.7253645183527,229.8029161468216
655,81.875,425,783,380,29472,15.539646097760444,124.31716878208356
655,81.875,395,784,575,30259,25.544056224142217,204.35244979313774
655,81.875,427,184,340,23702,0.0,0.0
655,81.875,428,562,674,16632,0.0,0.0
655,81.875,423,327,723,19216,15.948208613395058,127.58566890716047
655,81.875,422,434,601,18731,17.61130607066702,140.89044856533616
655,81.875,350,393,693,6353,28.10885640331006,224.87085122648048
655,81.875,386,636,714,8349,26.9818363634367,215.8546909074936
655,81.875,402,706,694,7797,18.930682127276523,151.44545701821218
655,81.875,390,493,713,5178,32.018683725366216,256.14946980292973
655,81.875,429,352,444,4431,0.0,0.0
655,81.875,383,275,424,3687,34.2377648424293,273.9021187394344
655,81.875,430,315,424,3249,0.0,0.0
655,81.875,388,215,684,8404,2.0458196279654537,16.36655702372363
655,81.875,368,450,781,4670,7.939306366392188,63.5144509311375
655,81.875,299,520,787,3910,44.35742267217295,354.8593813773836
655,81.875,431,468,106,2524,0.0,0.0
656,82.0,413,580,268,84608,12.489330592425743,99.91464473940594
656,82.0,426,406,260,41153,24.771480028622562,198.1718402289805
656,82.0,365,252,338,59219,32.313928299091685,258.5114263927335
656,82.0,419,246,537,58451,19.45923394759552,155.67387158076417
656,82.0,393,583,522,33383,27.850401778457126,222.803214227657
656,82.0,407,408,633,22845,19.233316047539606,153.86652838031685
656,82.0,360,733,606,24563,5.583356965884537,44.666855727076296
656,82.0,423,350,747,17756,33.52100347463017,268.16802779704136
656,82.0,428,584,695,34463,30.56862377786254,244.54899022290033
656,82.0,425,803,381,17748,20.660199336377616,165.28159469102093
656,82.0,432,828,537,15192,0.0,0.0
656,82.0,433,722,424,11003,0.0,0.0
656,82.0,388,218,690,8377,6.616181859995165,52.92945487996132
656,82.0,306,771,255,8240,26.927581519793296,215.42065215834637
656,82.0,368,453,784,4172,4.555122157029463,36.440977256235705
656,82.0,299,520,787,3973,0.4568615390266136,3.6548923122129087
656,82.0,412,290,159,2959,0.788664319952699,6.309314559621592
657,82.125,421,529,280,142195,12.333434235995792,98.66747388796634
657,82.125,395,758,560,50250,29.859941016600303,238.87952813280242
657,82.125,393,602,535,19322,23.069744987394717,184.55795989915774
657,82.125,434,230,461,29570,0.0,0.0
657,82.125,365,221,311,38961,40.7140381982777,325.7123055862216
657,82.125,338,329,709,22195,28.79390453821213,230.35123630569703
657,82.125,407,413,651,18241,18.69413132315,149.5530505852
657,82.125,425,788,369,27534,19.777754114763734,158.22203291810987
657,82.125,435,196,575,19012,0.0,0.0
657,82.125,436,381,497,13415,0.0,0.0
657,82.125,388,237,673,11512,25.25260852081779,202.02086816654233
657,82.125,428,565,680,15939,24.397997459325147,195.18397967460118
657,82.125,386,655,715,12381,18.443369277439253,147.54695421951402
657,82.125,368,483,758,14886,39.47582934282933,315.8066347426346
657,82.125,415,493,575,7586,38.08826616927098,304.70612935416784
657,82.125,412,315,147,6494,27.511005431654702,220.08804345323762
657,82.125,437,116,512,2650,0.0,0.0
657,82.125,438,168,669,1428,0.0,0.0
658,82.25,421,497,267,147256,34.810450951822965,278.4836076145837
658,82.25,393,583,519,33547,24.60181448009695,196.8145158407756
658,82.25,350,420,710,56095,32.26447406872909,258.11579254983275
658,82.25,439,239,381,53586,0.0,0.0
658,82.25,435,180,534,34197,44.44210544264062,355.53684354112494
658,82.25,386,634,689,31500,33.395935565609825,267.1674845248786
658,82.25,425,781,386,34792,18.50710287091725,148.056822967338
658,82.25,360,753,605,18656,19.95610915853895,159.6488732683116
658,82.25,432,819,529,14632,11.634283582313957,93.07426865851166
658,82.25,388,226,673,12949,10.501964546935163,84.0157163754813
658,82.25,440,315,621,5315,0.0,0.0
658,82.25,441,393,546,8858,0.0,0.0
658,82.25,306,752,230,4799,31.485084948173967,251.88067958539173
659,82.375,442,594,351,121949,0.0,0.0
659,82.375,426,382,263,73839,24.485242289527243,195.88193831621794
659,82.375,443,299,535,17717,0.0,0.0
659,82.375,441,382,527,15325,22.15618470818461,177.2494776654769
659,82.375,434,199,475,24919,34.92681718090245,279.4145374472196
659,82.375,390,476,706,30901,18.214417119515588,145.7153369561247
659,82.375,338,341,718,26270,14.92597635170028,119.40781081360224
659,82.375,386,621,688,28944,12.656629627454912,101.2530370196393
659,82.375,427,185,324,27233,16.521925406669062,132.1754032533525
659,82.375,360,779,598,30729,26.8885824944059,215.1086599552472
659,82.375,444,809,439,21165,0.0,0.0
659,82.375,445,783,318,14444,0.0,0.0
659,82.375,446,150,570,15094,0.0,0.0
659,82.375,388,211,683,9829,18.08313194673795,144.6650555739036
659,82.375,306,755,224,4102,7.146549391031813,57.17239512825451
660,82.5,421,513,300,172670,37.20079684510617,297.60637476084935
660,82.5,434,221,447,33802,36.22143393453025,289.771471476242
660,82.5,436,365,476,19643,25.762507560875648,206.10006048700518
660,82.5,350,436,699,50728,19.29407987462435,154.3526389969948
660,82.5,365,200,304,24156,22.714229720946157,181.71383776756926
660,82.5,395,765,533,31433,27.812345269486784,222.49876215589427
660,82.5,446,187,580,25929,38.22787722543032,305.82301780344255
660,82.5,447,750,651,16186,0.0,0.0
660,82.5,386,619,703,25350,14.525998236073532,116.20798588858825
660,82.5,440,303,641,5582,23.614049027722974,188.9123922217838
660,82.5,448,609,588,6752,0.0,0.0
660,82.5,445,787,341,6779,23.254800506014075,186.0384040481126
660,82.5,444,816,414,12225,26.425576847034634,211.40461477627707
660,82.5,449,799,281,4650,0.0,0.0
660,82.5,306,752,242,6318,18.633703323567165,149.06962658853732
660,82.5,450,297,746,9379,0.0,0.0
660,82.5,388,204,696,7958,15.469975002501243,123.75980002000995
660,82.5,433,725,436,1788,12.285179538471766,98.28143630777413
660,82.5,451,102,383,2673,0.0,0.0
660,82.5,452,878,474,2023,0.0,0.0
661,82.625,426,371,258,58698,10.958684922872283,87.66947938297827
661,82.625,439,214,357,49816,34.74939518896379,277.9951615117103
661,82.625,453,530,439,55351,0.0,0.0
661,82.625,454,656,256,76251,0.0,0.0
661,82.625,419,272,550,31649,29.088057410097367,232.70445928077893
661,82.625,350,449,708,44582,15.13993074228846,121.11944593830768
661,82.625,450,298,714,21028,32.388067053552085,259.1045364284167
661,82.625,386,603,700,21749,15.330214473472251,122.64171578777801
661,82.625,444,808,406,17321,10.909855057703147,87.27884046162518
661,82.625,447,740,660,21987,13.497546679480365,107.98037343584292
661,82.625,455,703,537,13015,0.0,0.0
661,82.625,395,780,512,6263,25.930814982083803,207.44651985667042
661,82.625,456,484,132,7515,0.0,0.0
661,82.625,448,609,587,6642,0.7353401355768648,5.882721084614919
661,82.625,457,140,583,15031,0.0,0.0
661,82.625,432,855,528,12338,35.53375476767039,284.2700381413631
661,82.625,388,209,676,4767,20.80485212085879,166.43881696687032
661,82.625,441,415,533,3804,33.15515645574267,265.24125164594136
661,82.625,458,112,452,5304,0.0,0.0
662,82.75,421,504,306,183677,11.444605848149477,91.55684678519582
662,82.75,459,268,488,76583,0.0,0.0
662,82.75,350,450,713,43619,5.184457427461202,41.47565941968961
662,82.75,395,744,520,20488,37.066379054880755,296.53103243904604
662,82.75,386,622,692,30333,20.70062844787562,165.60502758300495
662,82.75,425,783,392,26697,6.318718278950448,50.549746231603585
662,82.75,450,306,722,15900,11.337857797693102,90.70286238154482
662,82.75,447,775,639,18825,40.385232518923935,323.0818601513915
662,82.75,457,135,569,13814,15.055808067923532,120.44646454338826
662,82.75,306,774,257,11919,26.146602452404828,209.17281961923862
662,82.75,365,181,285,12988,26.640572925480367,213.12458340384293
662,82.75,388,215,698,7241,22.51273950621948,180.10191604975583
662,82.75,438,165,668,2528,3.055948099811846,24.447584798494766
662,82.75,432,862,529,4799,7.066249235342958,56.52999388274366
662,82.75,451,100,358,5922,25.569138594060853,204.55310875248682
662,82.75,452,878,472,2967,1.3431473098775837,10.74517847902067
663,82.875,460,642,370,172728,0.0,0.0
663,82.875,426,391,235,65200,30.347297443379375,242.778379547035
663,82.875,461,264,409,75386,0.0,0.0
663,82.875,350,440,720,38558,11.94701632617212,95.57613060937696
663,82.875,446,186,602,31038,22.856767148242692,182.85413718594154
663,82.875,462,540,666,9508,0.0,0.0
663,82.875,447,764,635,22387,11.290565751218736,90.32452600974989
663,82.875,450,301,696,24285,26.803125154763233,214.42500123810586
663,82.875,386,648,715,15943,34.703450837397426,277.6276066991794
663,82.875,463,571,743,2955,0.0,0.0
663,82.875,458,104,458,6341,10.325025444563913,82.6002035565113
663,82.875,432,858,527,4994,4.088289546580223,32.70631637264179
663,82.875,451,103,360,6595,3.7778495738602302,30.222796590881842
663,82.875,452,876,450,5535,22.800188551982373,182.40150841585898
664,83.0,421,522,273,127934,37.91219684350622,303.2975747480498
664,83.0,459,242,514,100024,37.08329132714314,296.6663306171451
664,83.0,390,460,710,49612,16.6502704120734,133.2021632965872
664,83.0,445,766,328,38162,25.213662739222638,201.7093019137811
664,83.0,464,619,533,27542,0.0,0.0
664,83.0,450,293,726,18594,30.64893071641111,245.1914457312889
664,83.0,360,771,592,22265,10.693033245883202,85.54426596706561
664,83.0,465,837,485,19928,0.0,0.0
664,83.0,466,341,162,6165,0.0,0.0
664,83.0,467,284,220,15427,0.0,0.0
664,83.0,386,634,728,17646,18.515180649816767,148.12144519853413
664,83.0,468,708,666,10036,0.0,0.0
664,83.0,469,247,317,6924,0.0,0.0
664,83.0,470,493,545,7304,0.0,0.0
664,83.0,365,164,285,11931,16.877340312452798,135.01872249962238
664,83.0,451,90,354,4638,14.206140281498763,113.64912225199011
665,83.125,421,555,278,155743,33.39791448981795,267.1833159185436
665,83.125,459,217,514,38327,25.227407022089185,201.81925617671348
665,83.125,436,344,497,32972,29.44910247429427,235.59281979435417
665,83.125,464,594,548,40863,28.806269738427794,230.45015790742235
665,83.125,350,435,753,32036,33.33334536698942,266.66676293591536
665,83.125,471,496,653,13661,0.0,0.0
665,83.125,466,310,175,14804,32.75400943708789,262.0320754967031
665,83.125,386,649,713,26736,21.235162350496818,169.88129880397454
665,83.125,360,773,610,16989,18.77821097727458,150.22568781819663
665,83.125,425,806,378,13098,26.863134097319758,214.90507277855806
665,83.125,365,183,311,12745,32.590849393212764,260.7267951457021
665,83.125,450,293,717,18644,8.519831205482099,68.15864964385679
665,83.125,395,764,484,10992,41.81825264202105,334.5460211361684
665,83.125,451,108,349,11144,18.40798675144159,147.26389401153273
665,83.125,469,251,275,11289,41.84246465695481,334.7397172556385
665,83.125,457,119,571,10788,16.155319816493854,129.24255853195083
665,83.125,432,856,523,7230,4.971026982510095,39.76821586008076
665,83.125,438,187,680,6854,24.839733642986292,198.71786914389034
665,83.125,452,872,444,6482,6.604155724485103,52.83324579588082
665,83.125,458,90,463,4384,14.739359605973068,117.91487684778454
665,83.125,472,322,271,1835,0.0,0.0
665,83.125,473,856,598,1816,0.0,0.0
666,83.25,474,571,491,57528,0.0,0.0
666,83.25,475,617,204,45267,0.0,0.0
666,83.25,476,440,197,35590,0.0,0.0
666,83.25,460,650,361,14182,12.151622454427951,97.21297963542361
666,83.25,350,407,752,38217,28.38141553300815,227.0513242640652
666,83.25,477,292,445,7758,0.0,0.0
666,83.25,478,355,431,14401,0.0,0.0
666,83.25,471,478,638,21940,23.67779915110168,189.42239320881345
666,83.25,459,207,470,22168,44.95303538290609,359.6242830632487
666,83.25,479,437,373,12534,0.0,0.0
666,83.25,360,755,609,20625,17.887621535826835,143.10097228661468
666,83.25,480,286,671,15117,0.0,0.0
666,83.25,365,218,301,35876,36.98138186798969,295.8510549439175
666,83.25,466,312,177,15485,2.390302319707147,19.122418557657177
666,83.25,425,793,372,20833,14.130456077572731,113.04364862058185
666,83.25,441,377,542,9402,38.3905852354119,307.1246818832952
666,83.25,481,233,603,10205,0.0,0.0
666,83.25,386,614,721,18738,36.56757170176047,292.54057361408377
666,83.25,482,726,710,9704,0.0,0.0
666,83.25,483,780,517,6913,0.0,0.0
666,83.25,395,760,464,3554,20.062546321379763,160.5003705710381
666,83.25,438,173,669,10698,17.699337463763797,141.59469971011038
666,83.25,457,121,561,10353,10.375630545563657,83.00504436450926
666,83.25,432,860,524,7277,4.292791425803906,34.34233140643125
666,83.25,452,876,448,6098,5.639622913200219,45.11698330560175
666,83.25,306,800,266,5081,27.76153299417059,222.09226395336472
666,83.25,451,98,376,7042,28.632731728405712,229.0618538272457
666,83.25,484,754,224,5719,0.0,0.0
666,83.25,458,87,465,4427,3.3397769556289556,26.718215645031645
666,83.25,473,859,599,1961,4.054085748686464,32.43268598949171
666,83.25,485,322,815,865,0.0,0.0
667,83.375,421,530,277,126897,24.943102972914247,199.54482378331397
667,83.375,486,331,357,22426,0.0,0.0
667,83.375,441,365,517,14612,27.157229925248586,217.2578394019887
667,83.375,487,238,509,47498,0.0,0.0
667,83.375,464,602,548,28035,7.769083929931098,62.15267143944878
667,83.375,462,568,683,24845,33.17219142193185,265.3775313754548
667,83.375,471,438,626,13841,41.942754615434644,335.54203692347716
667,83.375,350,437,765,28857,33.1968693049382,265.5749544395056
667,83.375,445,789,336,34115,25.259046686401987,202.0723734912159
667,83.375,450,303,730,14417,15.903793542113268,127.23034833690615
667,83.375,360,766,584,24113,27.05918669934504,216.47349359476033
667,83.375,438,181,665,17936,8.095268442479023,64.76214753983218
667,83.375,466,310,176,15063,2.234147469435675,17.8731797554854
667,83.375,365,223,274,14867,27.634931528757505,221.07945223006004
667,83.375,488,701,388,4364,0.0,0.0
667,83.375,489,691,311,7527,0.0,0.0
667,83.375,482,700,714,16374,26.382453802588245,211.05963042070596
667,83.375,432,853,536,11954,13.46556615008839,107.72452920070712
667,83.375,457,110,553,8408,12.906283056421803,103.25026445137442
667,83.375,452,881,447,6200,4.489455316363023,35.91564253090419
667,83.375,458,95,456,6729,12.431681154528233,99.45344923622586
667,83.375,490,135,291,6447,0.0,0.0
667,83.375,451,95,364,6913,12.512594886839222,100.10075909471378
668,83.5,477,268,440,110851,24.906962385054292,199.25569908043434
668,83.5,475,608,234,55265,31.9235982979624,255.3887863836992
668,83.5,476,407,197,54858,32.613873494009546,260.91098795207637
668,83.5,491,475,432,30345,0.0,0.0
668,83.5,445,772,332,44876,17.918074399596208,143.34459519676966
668,83.5,390,482,719,60722,23.45148902342424,187.61191218739393
668,83.5,464,622,532,35211,26.244724328384905,209.95779462707924
668,83.5,483,752,543,13861,37.512778715545494,300.10222972436395
668,83.5,447,788,642,12424,24.686144342616196,197.48915474092956
668,83.5,450,302,727,14307,2.8504658998527903,22.803727198822322
668,83.5,482,693,717,15611,7.28863395131419,58.30907161051352
668,83.5,458,99,451,8345,5.604339219789557,44.834713758316454
668,83.5,457,119,577,13462,25.788687569477986,206.3095005558239
668,83.5,432,853,522,9962,13.893492040568455,111.14793632454764
668,83.5,452,883,447,6040,1.9618991066499196,15.695192853199357
668,83.5,438,182,686,6549,20.796292296587623,166.37033837270099
668,83.5,451,92,356,6862,7.955925060317307,63.64740048253846
668,83.5,492,221,740,3738,0.0,0.0
668,83.5,473,867,593,1370,9.890983103841473,79.12786483073178
669,83.625,421,505,297,107865,32.76704272159011,262.13634177272087
669,83.625,477,248,428,109650,23.625302718937085,189.00242175149668
669,83.625,390,451,725,45216,31.281802626481788,250.2544210118543
669,83.625,386,628,706,31465,20.613487340281715,164.90789872225372
669,83.625,464,631,517,27299,17.07370057441611,136.5896045953289
669,83.625,445,780,331,35234,7.945866242886993,63.56692994309594
669,83.625,466,307,183,16832,8.467444853289855,67.73955882631884
669,83.625,360,743,576,10287,23.79405280827554,190.35242246620433
669,83.625,447,800,636,14366,13.903906316716588,111.2312505337327
669,83.625,450,285,737,18907,19.172420193240743,153.37936154592595
669,83.625,480,296,648,5073,25.313860544335295,202.51088435468236
669,83.625,493,656,164,16546,0.0,0.0
669,83.625,395,778,493,10306,34.26452492342475,274.116199387398
669,83.625,452,877,485,14002,39.19124976937157,313.52999815497253
669,83.625,470,495,552,7789,6.943921325172406,55.55137060137925
669,83.625,438,173,665,12659,22.41102827653669,179.28822621229352
669,83.625,494,752,713,3703,0.0,0.0
669,83.625,458,91,464,7934,15.026883908976275,120.2150712718102
669,83.625,457,106,574,7198,13.036879907775234,104.29503926220187
669,83.625,495,543,106,5147,0.0,0.0
669,83.625,484,765,187,3217,38.81306438034674,310.5045150427739
670,83.75,496,437,286,184026,0.0,0.0
670,83.75,497,340,572,20347,0.0,0.0
670,83.75,498,808,421,52854,0.0,0.0
670,83.75,462,566,660,38487,23.108998740237435,184.87198992189948
670,83.75,481,217,577,19709,30.520140731297133,244.16112585037706
670,83.75,447,777,609,24270,35.039489744778294,280.31591795822635
670,83.75,350,410,765,23174,26.8419621257961,214.7356970063688
670,83.75,471,440,623,12491,3.345395547058696,26.763164376469568
670,83.75,489,661,307,10796,29.6707045216572,237.3656361732576
670,83.75,464,636,488,14616,29.16089472450403,233.28715779603223
670,83.75,499,183,424,15787,0.0,0.0
670,83.75,482,699,712,16542,6.8497260391734205,54.797808313387364
670,83.75,451,111,327,14417,34.960917961811795,279.68734369449436
670,83.75,450,277,742,11688,9.582721644936278,76.66177315949022
670,83.75,500,335,702,4603,0.0,0.0
670,83.75,457,109,564,10651,10.119780079863958,80.95824063891166
670,83.75,501,753,238,12874,0.0,0.0
670,83.75,502,518,796,5229,0.0,0.0
670,83.75,438,184,699,9140,35.29715734709505,282.3772587767604
670,83.75,503,663,565,3644,0.0,0.0
670,83.75,458,87,455,6873,9.925885116852548,79.40708093482039
670,83.75,504,124,646,2575,0.0,0.0
671,83.875,505,368,300,121060,0.0,0.0
671,83.875,506,608,304,90981,0.0,0.0
671,83.875,497,353,546,15031,29.368686142852287,234.9494891428183
671,83.875,481,236,584,28611,20.34547798089235,162.7638238471388
671,83.875,507,496,753,22027,0.0,0.0
671,83.875,471,445,639,19588,16.93849697199069,135.50797577592553
671,83.875,445,789,330,34111,8.865214155314332,70.92171324251466
671,83.875,386,598,692,21490,32.61183901060572,260.89471208484576
671,83.875,508,323,746,27335,0.0,0.0
671,83.875,451,130,319,21635,19.97620963793434,159.8096771034747
671,83.875,447,787,634,14738,26.48881150360905,211.9104920288724
671,83.875,503,679,587,9618,27.06667492705921,216.53339941647369
671,83.875,482,669,727,4998,33.11888686632048,264.95109493056384
671,83.875,457,106,579,12064,15.163815088878899,121.31052071103119
671,83.875,509,161,454,5907,0.0,0.0
671,83.875,494,729,718,8588,22.956034612333625,183.648276898669
671,83.875,499,195,404,4924,22.21503330735796,177.72026645886368
671,83.875,483,772,545,7202,20.059631224775675,160.4770497982054
671,83.875,432,872,523,8878,18.75538551469712,150.04308411757697
671,83.875,510,888,439,6169,0.0,0.0
671,83.875,438,182,700,8764,3.1794950588110753,25.435960470488602
671,83.875,458,85,456,7183,2.2397413279482437,17.91793062358595
671,83.875,395,773,476,6913,17.77920672543672,142.23365380349375
671,83.875,511,546,555,6177,0.0,0.0
671,83.875,484,764,183,3331,4.599411599917975,36.7952927993438
671,83.875,473,869,600,1530,7.947991335652488,63.583930685219904
672,84.0,496,457,252,148912,39.23602589458428,313.88820715667424
672,84.0,512,450,593,46974,0.0,0.0
672,84.0,513,308,506,14816,0.0,0.0
672,84.0,481,203,584,37955,33.08423322326266,264.67386578610126
672,84.0,445,758,351,55641,37.446966481137856,299.57573184910285
672,84.0,508,318,748,28356,5.473308395991834,43.786467167934674
672,84.0,447,784,598,26329,36.51739337223623,292.1391469778898
672,84.0,365,196,262,8690,29.2883605851883,234.3068846815064
672,84.0,514,555,755,19478,0.0,0.0
672,84.0,482,684,716,19185,17.973429824595957,143.78743859676766
672,84.0,464,633,475,21874,13.938128287578644,111.50502630062915
672,84.0,451,124,331,19705,13.057204375743007,104.45763500594406
672,84.0,477,273,417,6208,28.005561918851775,224.0444953508142
672,84.0,515,630,617,5789,0.0,0.0
672,84.0,503,678,585,5496,2.448743591869489,19.58994873495591
672,84.0,509,158,456,5723,3.4575149951514423,27.66011996121154
672,84.0,516,453,797,7672,0.0,0.0
672,84.0,499,191,413,4262,8.815957915020293,70.52766332016235
672,84.0,511,564,559,3624,18.36057142731847,146.88457141854775
672,84.0,438,176,697,7938,6.0073067539229585,48.05845403138367
672,84.0,458,83,465,8478,9.009771279585328,72.07817023668262
672,84.0,452,884,476,5182,12.135638734529817,97.08510987623853
672,84.0,432,887,544,4090,26.31691222490029,210.5352977992023
672,84.0,510,891,417,3374,22.748667137292724,181.9893370983418
672,84.0,517,570,611,2019,0.0,0.0
672,84.0,484,765,184,3421,1.4839769798332443,11.871815838665954
672,84.0,504,113,653,1949,13.583908271789474,108.67126617431579
672,84.0,473,872,606,1882,6.2185401426379165,49.74832114110333
673,84.125,518,363,244,101139,0.0,0.0
673,84.125,519,409,455,29237,0.0,0.0
673,84.125,500,346,703,56267,11.203784752927877,89.63027802342302
673,84.125,497,355,547,16221,2.557720369707049,20.461762957656394
673,84.125,520,573,454,27875,0.0,0.0
673,84.125,521,614,180,35105,0.0,0.0
673,84.125,522,721,469,19748,0.0,0.0
673,84.125,523,746,630,39063,0.0,0.0
673,84.125,462,567,687,39415,26.37769980089866,211.0215984071893
673,84.125,489,643,320,16593,22.265746853209507,178.12597482567605
673,84.125,481,201,567,21197,17.21231546941112,137.69852375528896
673,84.125,499,183,437,13274,25.322190715003934,202.57752572003147
673,84.125,451,121,328,20179,3.5034357337453113,28.02748586996249
673,84.125,498,842,406,23757,36.90535471324475,295.242837705958
673,84.125,457,99,582,12338,7.637254860397526,61.09803888318021
673,84.125,524,792,266,13849,0.0,0.0
673,84.125,482,671,729,4940,17.722601474205636,141.78081179364509
673,84.125,516,467,799,9985,13.694456180183607,109.55564944146886
673,84.125,432,876,553,9892,13.767754249931585,110.14203399945268
673,84.125,445,722,369,3902,39.9082578397468,319.2660627179744
673,84.125,458,77,456,7116,11.063835062983884,88.51068050387107
673,84.125,438,166,697,6513,10.507763634449859,84.06210907559887
673,84.125,484,767,181,3444,3.3217138102066217,26.573710481652974
674,84.25,500,373,669,89012,42.94891638521292,343.59133108170334
674,84.25,503,704,583,98090,26.983122773595973,215.86498218876778
674,84.25,525,214,521,45436,0.0,0.0
674,84.25,496,464,208,78063,43.753962011639594,350.03169609311675
674,84.25,526,513,438,43055,0.0,0.0
674,84.25,527,188,320,47620,0.0,0.0
674,84.25,466,297,218,15341,35.90650839927343,287.2520671941874
674,84.25,528,720,269,28646,0.0,0.0
674,84.25,493,658,169,13563,5.646929273052832,45.175434184422656
674,84.25,462,547,689,8521,20.031195022785685,160.24956018228548
674,84.25,502,537,790,9950,19.92892593411743,159.43140747293944
674,84.25,529,790,337,6423,0.0,0.0
674,84.25,498,810,389,3883,36.98316963586381,295.8653570869105
674,84.25,452,887,460,10984,16.687312545765796,133.49850036612636
674,84.25,432,877,561,6521,8.424859744705925,67.3988779576474
674,84.25,458,75,465,8725,9.84905952137988,78.79247617103904
674,84.25,457,93,598,9140,17.293917541144886,138.3513403291591
674,84.25,530,844,286,5734,0.0,0.0
674,84.25,438,164,700,6811,3.039397533210476,24.315180265683807
674,84.25,531,867,375,2888,0.0,0.0
675,84.375,350,399,730,75996,36.90589508881605,295.2471607105284
675,84.375,532,418,203,51233,0.0,0.0
675,84.375,481,200,545,62855,21.62749993076581,173.0199994461265
675,84.375,533,262,264,38291,0.0,0.0
675,84.375,497,384,528,27746,35.05044973706582,280.40359789652655
675,84.375,534,485,373,27527,0.0,0.0
675,84.375,535,596,519,42218,0.0,0.0
675,84.375,536,766,418,34408,0.0,0.0
675,84.375,521,611,158,28975,22.30121066637268,178.40968533098143
675,84.375,494,729,674,31249,43.346382144706396,346.77105715765117
675,84.375,506,629,298,18668,21.64971815205052,173.19774521640417
675,84.375,451,117,327,20371,4.122331619266311,32.97865295413049
675,84.375,501,756,225,14123,12.96453930246109,103.71631441968871
675,84.375,530,817,295,10256,28.229511116056436,225.8360889284515
675,84.375,483,777,549,6521,6.6423444582864875,53.1387556662919
675,84.375,462,572,676,7656,28.289598962133933,226.31679169707147
675,84.375,432,867,570,9794,13.649832664471207,109.19866131576966
675,84.375,537,616,752,7739,0.0,0.0
675,84.375,452,889,458,11011,2.2342980325215422,17.874384260172338
675,84.375,458,72,465,8929,3.234911057061242,25.879288456489935
675,84.375,538,842,656,2501,0.0,0.0
675,84.375,457,76,574,5061,29.32703065559157,234.61624524473257
676,84.5,534,465,394,32244,28.068367853914356,224.54694283131485
676,84.5,539,633,413,49413,0.0,0.0
676,84.5,532,411,205,53167,6.948862266957452,55.590898135659614
676,84.5,512,446,559,29699,34.33839191528872,274.70713532230974
676,84.5,527,180,327,50207,11.02380315501351,88.19042524010808
676,84.5,466,289,227,15474,12.547576568513918,100.38061254811134
676,84.5,481,211,573,67960,30.14704798943993,241.17638391551944
676,84.5,350,434,744,59512,37.98140987937756,303.85127903502047
676,84.5,521,615,182,37450,23.514554685287283,188.11643748229827
676,84.5,540,683,677,50693,0.0,0.0
676,84.5,541,824,514,40229,0.0,0.0
676,84.5,524,787,271,28869,6.512499148148181,52.09999318518545
676,84.5,542,234,745,11070,0.0,0.0
676,84.5,458,85,457,12092,15.595217118322404,124.76173694657923
676,84.5,531,877,394,7371,21.57165625515307,172.57325004122455
676,84.5,511,579,582,1953,27.5417038128914,220.3336305031312
676,84.5,538,843,665,2059,9.443553471758532,75.54842777406826
677,84.625,543,341,446,165303,0.0,0.0
677,84.625,544,265,619,15329,0.0,0.0
677,84.625,540,694,674,50149,11.723337420041997,93.78669936033597
677,84.625,521,583,181,41208,31.810691295217683,254.48553036174147
677,84.625,545,362,178,23087,0.0,0.0
677,84.625,546,456,154,14663,0.0,0.0
677,84.625,547,131,607,28932,0.0,0.0
677,84.625,548,392,769,29950,0.0,0.0
677,84.625,541,819,514,34753,4.948488502111296,39.58790801689037
677,84.625,542,252,734,15979,21.404138953963397,171.23311163170717
677,84.625,528,702,245,13145,29.358433733405533,234.86746986724427
677,84.625,458,96,458,15317,11.123938466941294,88.99150773553035
677,84.625,549,537,354,16264,0.0,0.0
677,84.625,535,608,493,10068,28.420610473198415,227.36488378558732
677,84.625,445,692,376,12424,31.17154755826485,249.3723804661188
677,84.625,501,776,223,9676,19.83685836283155,158.6948669026524
677,84.625,539,617,392,5476,26.892869490998468,215.14295592798774
677,84.625,502,538,790,10886,1.1455355809204246,9.164284647363397
677,84.625,530,820,315,13869,21.004128822135126,168.033030577081
677,84.625,550,680,497,6255,0.0,0.0
677,84.625,551,270,162,5633,0.0,0.0
677,84.625,510,904,436,5887,22.863800930534694,182.91040744427755
677,84.625,531,859,381,4290,22.21081313198267,177.68650505586135
677,84.625,538,845,665,2188,1.7573523570789071,14.058818856631257
678,84.75,552,521,207,98947,0.0,0.0
678,84.75,540,682,669,57657,13.39680327238726,107.17442617909808
678,84.75,553,500,641,15427,0.0,0.0
678,84.75,548,394,765,37184,5.352823628027957,42.82258902422365
678,84.75,554,639,433,37779,0.0,0.0
678,84.75,555,511,731,7265,0.0,0.0
678,84.75,501,755,239,17693,26.977288672970214,215.81830938376172
678,84.75,483,782,548,6627,4.780280116019432,38.242240928155454
678,84.75,536,779,456,14620,39.989041999572805,319.91233599658244
678,84.75,530,822,315,13325,2.0222893374054682,16.178314699243746
678,84.75,452,886,477,7484,18.658933242937547,149.27146594350037
678,84.75,432,866,590,12569,19.921385202697945,159.37108162158356
678,84.75,542,241,752,9825,21.441639241366037,171.5331139309283
678,84.75,502,558,803,4525,24.179015037378115,193.43212029902492
678,84.75,531,862,378,4564,3.724730659437477,29.797845275499817
678,84.75,510,903,410,2916,25.66181247969032,205.29449983752255
678,84.75,556,37,357,1471,0.0,0.0
679,84.875,549,506,322,51836,44.191404690166735,353.5312375213339
679,84.875,557,314,555,34788,0.0,0.0
679,84.875,558,329,360,30635,0.0,0.0
679,84.875,553,463,625,46442,40.435912654110176,323.4873012328814
679,84.875,559,749,593,41991,0.0,0.0
679,84.875,535,569,484,14378,40.28213505656976,322.25708045255806
679,84.875,521,599,149,26301,36.103405336113354,288.82724268890684
679,84.875,545,391,152,33195,38.75881857565379,310.07054860523033
679,84.875,524,765,262,39685,24.028849573493133,192.23079658794506
679,84.875,554,656,461,9473,32.09038409560061,256.7230727648049
679,84.875,537,650,739,20794,36.78519392755984,294.2815514204787
679,84.875,560,201,266,19780,0.0,0.0
679,84.875,561,874,544,21295,0.0,0.0
679,84.875,562,631,625,6298,0.0,0.0
679,84.875,563,139,393,12366,0.0,0.0
679,84.875,481,197,612,11864,41.887599745571364,335.1007979645709
679,84.875,564,424,803,14354,0.0,0.0
679,84.875,502,534,784,11653,30.850138058600518,246.80110446880414
679,84.875,565,213,425,8987,0.0,0.0
679,84.875,445,692,366,12475,9.380439200736902,75.04351360589521
679,84.875,542,241,742,11727,9.559167486656193,76.47333989324954
679,84.875,566,317,776,8893,0.0,0.0
679,84.875,457,97,602,12315,34.461319949920565,275.6905595993645
679,84.875,536,791,427,6314,32.01351920033529,256.1081536026823
679,84.875,556,67,347,7359,31.548588046067408,252.38870436853927
679,84.875,551,266,158,5836,5.828961769638229,46.631694157105834
679,84.875,567,132,502,8020,0.0,0.0
679,84.875,462,557,698,2438,27.363839858222114,218.91071886577691
679,84.875,438,155,705,6944,10.211875362152066,81.69500289721653
679,84.875,568,99,261,4317,0.0,0.0
679,84.875,531,844,386,2008,19.51397748020467,156.11181984163736
679,84.875,510,890,384,4854,29.42212399384253,235.37699195074023
679,84.875,569,59,514,3691,0.0,0.0
679,84.875,570,43,444,4885,0.0,0.0
680,85.0,571,412,678,119859,0.0,0.0
680,85.0,527,209,351,82209,37.645384163871725,301.1630733109738
680,85.0,572,263,510,24583,0.0,0.0
680,85.0,494,714,646,65979,32.071618224173314,256.5729457933865
680,85.0,549,467,323,28869,39.18296872818084,313.4637498254467
680,85.0,573,560,435,17443,0.0,0.0
680,85.0,574,621,558,8506,0.0,0.0
680,85.0,554,655,444,13098,17.220859083641674,137.7668726691334
680,85.0,546,435,152,19909,21.903283011948297,175.22626409558637
680,85.0,521,591,178,36264,30.897468396933185,247.17974717546548
680,85.0,575,314,162,20449,0.0,0.0
680,85.0,561,876,546,21850,2.4216643306757515,19.373314645406012
680,85.0,547,128,619,31292,12.307956280695633,98.46365024556506
680,85.0,530,851,334,18946,34.44857201911466,275.58857615291726
680,85.0,528,680,241,6365,22.316947103089408,178.53557682471526
680,85.0,524,777,249,7930,16.696986567042714,133.5758925363417
680,85.0,536,806,435,4583,16.965784802984814,135.7262784238785
680,85.0,576,759,365,4525,0.0,0.0
680,85.0,577,752,416,3523,0.0,0.0
680,85.0,578,762,180,4372,0.0,0.0
680,85.0,579,248,661,2728,0.0,0.0
680,85.0,580,711,174,3370,0.0,0.0
680,85.0,567,129,510,5143,8.882446479306651,71.05957183445321
680,85.0,581,718,289,2888,0.0,0.0
680,85.0,568,96,262,4008,2.771646593061784,22.173172744494273
680,85.0,445,670,338,6267,35.48483962903804,283.87871703230434
680,85.0,582,493,69,1115,0.0,0.0
681,85.125,583,312,502,47025,0.0,0.0
681,85.125,584,470,510,29950,0.0,0.0
681,85.125,549,478,309,50415,17.83139740618981,142.6511792495185
681,85.125,553,493,638,19639,33.30566143206163,266.44529145649307
681,85.125,350,460,771,37035,37.29269310526589,298.3415448421271
681,85.125,563,126,418,49565,28.576802008120183,228.61441606496146
681,85.125,541,820,549,49522,34.98337105413966,279.8669684331173
681,85.125,585,683,579,9524,0.0,0.0
681,85.125,521,603,162,28654,20.59512626748926,164.76101013991408
681,85.125,586,628,498,22285,0.0,0.0
681,85.125,542,276,748,26520,35.63096033991116,285.0476827192893
681,85.125,524,775,253,31386,4.232991709133815,33.86393367307052
681,85.125,560,226,269,22806,25.31846524954084,202.54772199632671
681,85.125,537,667,730,30572,19.05910894078203,152.47287152625623
681,85.125,546,433,131,20688,20.260579493285306,162.08463594628245
681,85.125,528,669,279,9813,39.29411525380341,314.3529220304273
681,85.125,575,306,154,17008,12.06780124118587,96.54240992948696
681,85.125,577,738,393,11927,26.954621808458114,215.6369744676649
681,85.125,539,615,378,4556,14.309326881209552,114.47461504967642
681,85.125,547,129,635,20187,16.56481315525476,132.5185052420381
681,85.125,481,213,632,6866,25.097110411354947,200.77688329083958
681,85.125,530,871,355,8392,29.080819124851715,232.64655299881372
681,85.125,568,101,263,5284,4.663412474471268,37.30729979577014
681,85.125,466,323,255,2791,43.74554406167923,349.96435249343386
681,85.125,536,830,424,2062,25.591084224969066,204.72867379975253
681,85.125,538,853,663,2693,8.617458340972947,68.93966672778357
681,85.125,569,51,533,3757,20.875502383378844,167.00401906703075
681,85.125,587,48,598,2031,0.0,0.0
682,85.25,584,446,509,39599,23.896968307483125,191.175746459865
682,85.25,350,444,762,41999,18.311975021329346,146.49580017063477
682,85.25,553,475,632,14628,19.0455664028021,152.3645312224168
682,85.25,572,269,521,36491,11.755606660462727,94.04485328370181
682,85.25,521,608,195,46970,33.19830584220647,265.5864467376518
682,85.25,549,437,324,29899,43.740683767852836,349.9254701428227
682,85.25,560,196,274,24912,29.717993481503786,237.7439478520303
682,85.25,562,637,613,20903,13.543535142090983,108.34828113672786
682,85.25,542,260,746,24837,16.75014547126774,134.00116377014191
682,85.25,501,762,210,14346,30.088968951660924,240.7117516132874
682,85.25,546,439,144,24849,13.588772305790192,108.71017844632154
682,85.25,588,788,639,17670,0.0,0.0
682,85.25,541,844,520,31774,37.77350869448113,302.18806955584904
682,85.25,589,309,318,15372,0.0,0.0
682,85.25,586,640,470,22171,29.925468347338658,239.40374677870926
682,85.25,590,796,304,16437,0.0,0.0
682,85.25,563,157,387,11735,44.066392477767906,352.53113982214325
682,85.25,591,627,756,19075,0.0,0.0
682,85.25,575,306,154,17552,0.47105812638425204,3.7684650110740163
682,85.25,577,758,406,16276,23.809265425026375,190.474123400211
682,85.25,457,102,624,22782,23.018321011122598,184.14656808898079
682,85.25,481,200,617,8294,19.645713662774753,157.16570930219802
682,85.25,592,743,737,9508,0.0,0.0
682,85.25,570,62,436,11035,20.833127492624513,166.6650199409961
682,85.25,573,551,396,5304,40.7602400917612,326.0819207340896
682,85.25,567,134,516,7312,8.119459061119011,64.95567248895209
682,85.25,530,875,356,8463,4.269655112684737,34.1572409014779
682,85.25,568,82,283,6971,27.791206487758082,222.32965190206465
682,85.25,593,576,344,2372,0.0,0.0
682,85.25,445,643,347,3503,28.704360642504216,229.63488514003373
682,85.25,556,32,356,3793,36.240230530176426,289.9218442414114
682,85.25,569,55,513,2708,20.382097301378103,163.05677841102482
683,85.375,581,703,274,71487,20.94843608334815,167.5874886667852
683,85.375,594,106,386,43729,0.0,0.0
683,85.375,557,347,538,49276,36.92261667722421,295.3809334177937
683,85.375,527,232,320,35904,37.589104084465234,300.71283267572187
683,85.375,548,384,760,71667,10.531585123764835,84.25268099011868
683,85.375,553,481,614,20899,19.42245129254684,155.3796103403747
683,85.375,595,441,370,38577,0.0,0.0
683,85.375,552,544,180,26117,35.014765250490996,280.11812200392797
683,85.375,546,430,158,26039,16.6859437367005,133.487549893604
683,85.375,541,842,516,30936,4.422471896432908,35.379775171463265
683,85.375,562,637,618,21557,4.6768795275604225,37.41503622048338
683,85.375,588,789,641,17454,1.3596860621524776,10.87748849721982
683,85.375,457,118,607,38186,23.89607601409551,191.16860811276408
683,85.375,586,637,494,17979,23.455902286172737,187.6472182893819
683,85.375,591,651,751,17959,24.771870653133938,198.1749652250715
683,85.375,575,303,156,17631,3.5902490815032677,28.72199265202614
683,85.375,573,580,389,5809,29.770148849504707,238.16119079603766
683,85.375,466,321,277,5355,22.611764631781508,180.89411705425206
683,85.375,592,758,739,6662,15.107997257145053,120.86397805716042
683,85.375,536,801,435,3397,30.203630224390643,241.62904179512515
683,85.375,531,856,404,4364,21.72665902890561,173.81327223124487
683,85.375,530,886,361,2826,12.659615810105478,101.27692648084383
683,85.375,596,869,309,5405,0.0,0.0
683,85.375,597,857,254,2916,0.0,0.0
683,85.375,432,890,627,1738,44.531490768156175,356.2519261452494
684,85.5,576,730,339,100732,38.844274702510695,310.75419762008556
684,85.5,553,479,578,48289,35.645997104658456,285.16797683726764
684,85.5,350,444,775,41701,12.725398431664225,101.8031874533138
684,85.5,598,266,276,64448,0.0,0.0
684,85.5,549,444,322,35657,7.087450772285263,56.6996061782821
684,85.5,572,272,552,26106,30.952067465635846,247.61653972508677
684,85.5,542,256,748,25033,4.775233118238255,38.20186494590604
684,85.5,557,359,532,8658,14.246256500197887,113.9700520015831
684,85.5,521,577,225,10087,43.24729978862683,345.97839830901466
684,85.5,591,646,737,26344,15.275271325111316,122.20217060089053
684,85.5,561,872,531,25056,14.58878461550613,116.71027692404904
684,85.5,599,600,122,18762,0.0,0.0
684,85.5,457,129,610,35767,11.473304901792398,91.78643921433918
684,85.5,600,770,541,6271,0.0,0.0
684,85.5,574,632,551,12679,12.716964389762898,101.73571511810319
684,85.5,594,80,363,31038,34.52718936888474,276.21751495107793
684,85.5,601,480,130,11093,0.0,0.0
684,85.5,545,402,116,9935,38.20449104544001,305.63592836352007
684,85.5,585,700,609,8972,34.57613416135031,276.6090732908025
684,85.5,563,171,396,5214,17.28100713635923,138.24805709087383
684,85.5,588,771,665,6251,30.24458352889227,241.95666823113817
684,85.5,592,762,735,6032,6.089644156371724,48.717153250973794
684,85.5,538,838,654,5417,17.35439743240193,138.83517945921545
684,85.5,602,523,407,4493,0.0,0.0
684,85.5,603,389,195,3887,0.0,0.0
684,85.5,604,181,483,2939,0.0,0.0
684,85.5,535,577,486,2051,8.18223678922122,65.45789431376976
684,85.5,569,42,530,4959,21.211845191649584,169.69476153319667
685,85.625,598,259,253,63063,24.190000071514955,193.52000057211964
685,85.625,583,318,535,44159,33.796519053229645,270.37215242583716
685,85.625,605,196,439,23909,0.0,0.0
685,85.625,553,474,598,27934,20.122143181409808,160.97714545127846
685,85.625,546,451,179,39846,29.354119785888887,234.8329582871111
685,85.625,548,366,759,66535,18.82176940228859,150.57415521830873
685,85.625,590,769,294,62370,29.248702163516896,233.98961730813517
685,85.625,606,601,180,33594,0.0,0.0
685,85.625,607,680,678,55191,0.0,0.0
685,85.625,602,487,381,32318,44.397763347233756,355.18210677787005
685,85.625,457,128,620,33191,9.997819155269815,79.98255324215852
685,85.625,536,768,456,15168,39.15425129348669,313.2340103478935
685,85.625,586,628,474,18930,21.097899161093878,168.78319328875102
685,85.625,600,809,552,15806,40.95732742809696,327.6586194247757
685,85.625,568,76,298,11442,16.421896339122803,131.37517071298242
685,85.625,570,58,417,10862,19.254252329643908,154.03401863715126
685,85.625,561,900,500,12013,42.002570443926125,336.020563551409
685,85.625,608,529,495,4212,0.0,0.0
685,85.625,538,839,655,5644,1.0942911172519545,8.754328938015636
685,85.625,609,570,793,7907,0.0,0.0
685,85.625,569,39,521,4791,9.021004828525301,72.16803862820241
685,85.625,432,893,627,1718,3.3222320578858295,26.577856463086636
686,85.75,527,238,308,90190,13.62679828446588,109.01438627572703
686,85.75,584,443,554,74027,44.8493415180396,358.7947321443168
686,85.75,574,628,534,29370,18.381242863067488,147.0499429045399
686,85.75,577,718,412,22950,40.232773292325355,321.86218633860284
686,85.75,528,654,281,21573,15.187073734811747,121.49658987849398
686,85.75,548,360,770,50254,12.328133718701865,98.62506974961492
686,85.75,541,845,530,44625,14.159045121240554,113.27236096992443
686,85.75,457,131,621,31093,3.399226385912611,27.193811087300887
686,85.75,606,587,154,31104,30.062732325992073,240.50185860793658
686,85.75,545,423,135,19016,28.961944675559177,231.69555740447342
686,85.75,591,646,716,15810,21.158679653327034,169.26943722661628
686,85.75,572,262,582,16507,32.0895665022841,256.7165320182728
686,85.75,592,748,701,20578,36.2250839754832,289.8006718038656
686,85.75,610,466,244,13403,0.0,0.0
686,85.75,501,760,205,16182,5.271333330177117,42.170666641416936
686,85.75,596,848,311,19607,21.018944804025484,168.15155843220387
686,85.75,549,408,326,10475,35.893212299972625,287.145698399781
686,85.75,611,181,744,6952,0.0,0.0
686,85.75,568,72,299,11219,4.689483836952058,37.515870695616464
686,85.75,570,52,421,11289,6.997571648544635,55.98057318835708
686,85.75,595,464,374,5973,22.666002918571795,181.32802334857436
686,85.75,609,581,793,11375,11.025342592065847,88.20274073652678
686,85.75,585,731,580,2473,42.186887470448674,337.4950997635894
686,85.75,612,527,346,4670,0.0,0.0
686,85.75,613,518,760,2313,0.0,0.0
686,85.75,573,562,394,3844,18.47219484563814,147.7775587651051
686,85.75,569,43,528,4756,7.668033353911686,61.34426683129349
686,85.75,587,25,588,1604,24.458123420562217,195.66498736449773
686,85.75,614,491,64,1311,0.0,0.0
687,85.875,584,401,564,96736,43.104239164647645,344.83391331718116
687,85.875,598,255,257,67467,5.907557992427772,47.26046393942217
687,85.875,548,363,783,45252,13.700547075237424,109.60437660189939
687,85.875,581,732,277,77100,29.264267561338155,234.11414049070524
687,85.875,605,191,455,28215,16.749111257430126,133.992890059441
687,85.875,586,663,460,31680,37.7069355842032,301.6554846736256
687,85.875,541,827,493,30114,40.75283763713388,326.02270109707104
687,85.875,588,796,632,26141,41.34194128260035,330.7355302608028
687,85.875,562,623,645,20535,30.152462248820786,241.2196979905663
687,85.875,457,101,627,22465,30.64731404531079,245.17851236248632
687,85.875,603,407,221,9794,31.87260983356466,254.98087866851728
687,85.875,481,191,650,7664,33.561638904669984,268.49311123735987
687,85.875,611,179,749,6854,5.5774880487695135,44.61990439015611
687,85.875,599,632,123,12757,32.14608447337564,257.1686757870051
687,85.875,545,423,111,12350,24.006680057043145,192.05344045634516
687,85.875,568,80,287,8897,14.116488323720647,112.93190658976518
687,85.875,615,659,767,15478,0.0,0.0
687,85.875,616,467,327,12722,0.0,0.0
687,85.875,610,466,249,4255,5.094678709227562,40.757429673820496
687,85.875,617,529,126,10717,0.0,0.0
687,85.875,609,551,789,10549,30.009824118564158,240.07859294851326
687,85.875,570,53,444,9481,23.001242775304668,184.00994220243734
687,85.875,618,762,744,7508,0.0,0.0
687,85.875,556,46,356,5323,13.71964511298133,109.75716090385065
687,85.875,573,553,381,6823,15.786527692934799,126.29222154347839
687,85.875,552,512,208,3092,42.59675351125942,340.7740280900754
687,85.875,549,385,363,3526,43.864792752488164,350.9183420199053
687,85.875,432,905,584,2998,44.072796902963915,352.5823752237113
687,85.875,569,31,544,3378,19.30575010050279,154.44600080402233
687,85.875,614,495,65,1240,3.6421720967652447,29.137376774121957
688,86.0,527,214,343,124407,41.6870854033414,333.4966832267312
688,86.0,581,733,263,45608,14.486574907894822,115.89259926315857
688,86.0,586,648,442,41028,23.36763294318449,186.9410635454759
688,86.0,600,832,534,61011,28.92535894409394,231.40287155275152
688,86.0,606,574,160,41055,13.984222570075248,111.87378056060199
688,86.0,553,436,610,29057,40.1851154837041,321.4809238696328
688,86.0,542,286,730,63290,34.99769988056275,279.981599044502
688,86.0,607,698,697,33888,25.377034248694102,203.01627398955281
688,86.0,619,443,470,26783,0.0,0.0
688,86.0,616,450,299,36671,32.85778075184849,262.8622460147879
688,86.0,457,101,621,23898,6.013524541475085,48.10819633180068
688,86.0,609,580,766,19502,37.07834326901267,296.62674615210136
688,86.0,620,567,610,10827,0.0,0.0
688,86.0,350,478,788,15020,36.745563027875335,293.9645042230027
688,86.0,596,874,294,10855,30.586008349721116,244.68806679776893
688,86.0,621,382,174,3926,0.0,0.0
688,86.0,570,43,435,5370,13.60903524288428,108.87228194307424
688,86.0,545,407,93,9011,24.77538947506906,198.20311580055247
688,86.0,569,36,525,4705,18.849165680846124,150.793325446769
688,86.0,614,492,62,1491,4.031921488099961,32.25537190479969
689,86.125,527,248,326,101206,37.96964293191365,303.7571434553092
689,86.125,542,318,727,87936,32.38113764411799,259.04910115294393
689,86.125,622,458,553,37826,0.0,0.0
689,86.125,623,828,580,43365,0.0,0.0
689,86.125,606,573,174,48411,13.964944058285147,111.71955246628117
689,86.125,581,745,234,30686,31.644056997519506,253.15245598015605
689,86.125,607,697,702,35266,5.3534072180855485,42.82725774468439
689,86.125,536,774,456,16476,5.480185706195743,43.841485649565946
689,86.125,576,729,369,16934,30.16348041052633,241.30784328421063
689,86.125,624,562,662,18171,0.0,0.0
689,86.125,457,92,652,16581,32.598531550694936,260.7882524055595
689,86.125,603,390,213,7429,19.108015769357923,152.86412615486338
689,86.125,594,59,377,20108,25.16449062250474,201.31592498003792
689,86.125,609,573,798,14370,32.7960439167189,262.3683513337512
689,86.125,625,364,461,7946,0.0,0.0
689,86.125,610,440,243,8377,26.571224636039524,212.5697970883162
689,86.125,626,597,382,12135,0.0,0.0
689,86.125,574,621,504,14714,30.41289039104578,243.30312312836625
689,86.125,627,110,514,7218,0.0,0.0
689,86.125,628,105,575,4376,0.0,0.0
689,86.125,629,882,339,12522,0.0,0.0
689,86.125,595,435,376,8991,28.65686317552112,229.25490540416897
689,86.125,612,497,338,7531,31.24538663243237,249.96309305945897
689,86.125,573,528,400,4188,31.386314580270845,251.09051664216676
689,86.125,596,859,260,4219,37.45425165712628,299.6340132570102
689,86.125,568,83,249,3891,38.23416319414679,305.8733055531743
689,86.125,545,418,89,10659,11.820930258523283,94.56744206818627
689,86.125,630,901,427,2826,0.0,0.0
689,86.125,569,33,520,4693,6.069230236276825,48.5538418902146
690,86.25,542,303,734,68633,16.702077539005398,133.61662031204318
690,86.25,584,387,547,51472,22.20478426723008,177.63827413784065
690,86.25,527,223,345,72321,31.792833919196195,254.34267135356956
690,86.25,586,670,421,51515,30.95129294650158,247.61034357201265
690,86.25,616,462,290,29633,14.529624844072439,116.23699875257951
690,86.25,606,568,158,39505,16.659708023523038,133.2776641881843
690,86.25,541,828,495,30040,2.107230762575739,16.85784610060591
690,86.25,457,111,617,31335,40.21125389570814,321.6900311656651
690,86.25,588,799,632,26094,3.0048389084963985,24.038711267971188
690,86.25,631,690,243,18973,0.0,0.0
690,86.25,632,489,427,16135,0.0,0.0
690,86.25,620,549,588,9367,28.93084290847064,231.44674326776513
690,86.25,624,588,664,16174,26.18729130008204,209.49833040065633
690,86.25,607,709,734,24825,33.98127195028699,271.8501756022959
690,86.25,594,61,369,18034,8.095390376950945,64.76312301560756
690,86.25,609,570,795,16985,4.729174857707211,37.833398861657685
690,86.25,350,476,803,9410,15.468382654026088,123.74706123220871
690,86.25,549,371,334,4090,32.45327212714525,259.626177017162
690,86.25,596,829,289,12307,41.71823936369045,333.7459149095236
690,86.25,633,310,188,5726,0.0,0.0
690,86.25,634,284,125,11031,0.0,0.0
690,86.25,629,892,345,10036,11.348936443651802,90.79149154921441
690,86.25,569,48,502,9265,23.330928895400614,186.6474311632049
690,86.25,621,383,171,4435,2.705733157940953,21.645865263527625
690,86.25,501,788,184,8071,34.85311709518859,278.8249367615087
690,86.25,568,82,248,3906,1.3178460337406657,10.542768269925325
690,86.25,545,418,88,10643,1.3614354943641147,10.891483954912918
690,86.25,432,909,590,2998,6.865905877729397,54.92724702183518
690,86.25,635,716,155,2109,0.0,0.0
690,86.25,636,905,261,728,0.0,0.0
691,86.375,600,809,540,72618,23.954846197040645,191.63876957632516
691,86.375,527,238,371,88570,29.65149827183426,237.21198617467408
691,86.375,528,628,292,37857,28.86538021523149,230.92304172185192
691,86.375,610,471,252,59289,31.64153447383991,253.1322757907193
691,86.375,542,341,739,91455,37.601187694011756,300.80950155209405
691,86.375,637,782,282,40648,0.0,0.0
691,86.375,622,458,545,41055,7.425161927520997,59.401295420167976
691,86.375,607,736,729,17325,27.326309427519025,218.6104754201522
691,86.375,624,599,701,38855,39.090314839378124,312.722518715025
691,86.375,457,111,626,28204,9.650027691897915,77.20022153518332
691,86.375,574,608,493,19189,17.035439777767603,136.28351822214083
691,86.375,634,286,144,17443,19.21403459208216,153.7122767366573
691,86.375,556,65,349,13430,20.695211151163246,165.56168920930597
691,86.375,569,50,484,14894,17.753674119540143,142.02939295632115
691,86.375,599,637,112,12154,12.366566452609444,98.93253162087555
691,86.375,621,380,170,4654,2.873646113643449,22.98916890914759
691,86.375,568,80,247,3824,2.4337455793000573,19.46996463440046
691,86.375,545,408,88,9257,10.014533459616423,80.11626767693139
691,86.375,636,904,297,4270,35.25406823450797,282.03254587606375
691,86.375,629,907,359,2657,20.719261243438332,165.75408994750666
691,86.375,635,717,154,2031,1.3510083254086915,10.808066603269532
692,86.5,586,657,389,83853,34.90951370122115,279.2761096097692
692,86.5,605,162,423,62276,42.863687659365304,342.90950127492243
692,86.5,598,265,238,64425,20.93025668853826,167.4420535083061
692,86.5,606,543,183,60436,36.19858779822542,289.58870238580334
692,86.5,623,837,553,51656,28.722593453635426,229.7807476290834
692,86.5,457,106,619,31633,8.95025246308601,71.60201970468808
692,86.5,622,457,556,20429,11.242262990318505,89.93810392254804
692,86.5,638,211,716,27108,0.0,0.0
692,86.5,632,471,435,12236,19.401705567102237,155.2136445368179
692,86.5,607,712,705,33923,34.07216088221113,272.57728705768903
692,86.5,639,547,669,27530,0.0,0.0
692,86.5,640,291,616,11708,0.0,0.0
692,86.5,350,463,799,31574,14.587849714614878,116.70279771691902
692,86.5,625,362,449,8177,11.627080401195087,93.0166432095607
692,86.5,584,361,543,6087,26.372991358447752,210.98393086758202
692,86.5,615,622,768,7609,37.00397157953982,296.0317726363186
692,86.5,548,319,793,12870,44.47194768801983,355.77558150415865
692,86.5,641,360,674,9993,0.0,0.0
692,86.5,629,895,340,10874,23.357218206473366,186.85774565178693
692,86.5,596,842,292,9199,13.111286365784444,104.89029092627555
692,86.5,501,788,200,11583,16.54258154852125,132.34065238817
692,86.5,595,429,357,3573,20.23477519198364,161.87820153586912
692,86.5,549,377,356,3421,22.757926876380097,182.06341501104077
692,86.5,568,79,246,3526,2.0083328732493753,16.066662985995002
692,86.5,545,407,90,9539,1.4342024671266411,11.473619737013129
692,86.5,642,317,95,3444,0.0,0.0
692,86.5,635,716,154,1914,1.1494431544651575,9.19554523572126
692,86.5,569,35,507,2301,27.413330818928234,219.30664655142587
692,86.5,643,25,553,1644,0.0,0.0
693,86.625,527,207,381,125249,32.89974183794078,263.19793470352624
693,86.625,576,699,375,39184,30.676788272551228,245.41430618040982
693,86.625,644,476,199,74317,0.0,0.0
693,86.625,619,480,473,15270,37.2885248579879,298.3081988639032
693,86.625,574,607,480,14644,12.375725479271749,99.00580383417399
693,86.625,645,424,406,11708,0.0,0.0
693,86.625,457,100,632,28188,14.845790179925709,118.76632143940567
693,86.625,638,208,717,27409,3.017499013670891,24.139992109367128
693,86.625,600,780,507,12397,44.2474341043841,353.9794728350728
693,86.625,573,545,434,8940,38.15882498398432,305.27059987187454
693,86.625,588,830,635,19846,31.278211148017927,250.22568918414342
693,86.625,646,689,607,14922,0.0,0.0
693,86.625,647,681,744,36393,0.0,0.0
693,86.625,648,501,615,30173,0.0,0.0
693,86.625,649,883,509,17482,0.0,0.0
693,86.625,640,305,646,14554,34.09642317777896,272.7713854222317
693,86.625,629,864,330,23800,32.56298590893337,260.50388727146697
693,86.625,350,445,789,33884,19.918506361523864,159.3480508921909
693,86.625,634,292,138,14417,7.855660900513164,62.84528720410531
693,86.625,501,757,202,20379,31.831131201542078,254.64904961233663
693,86.625,548,309,799,11743,11.601018629062153,92.80814903249723
693,86.625,650,642,193,4822,0.0,0.0
693,86.625,599,636,111,12389,1.3821530830601354,11.057224664481083
693,86.625,641,383,658,4227,29.004589600261227,232.0367168020898
693,86.625,651,47,287,3194,0.0,0.0
693,86.625,652,541,737,3444,0.0,0.0
693,86.625,569,34,529,3761,21.53988233962416,172.31905871699328
693,86.625,609,576,831,2188,37.042001885724346,296.33601508579477
694,86.75,586,637,420,55711,37.95985053365504,303.67880426924035
694,86.75,541,819,493,60131,9.587668624454299,76.70134899563439
694,86.75,653,269,429,57007,0.0,0.0
694,86.75,639,529,665,33069,18.770398381737618,150.16318705390094
694,86.75,631,647,237,22144,43.697575236447086,349.5806018915767
694,86.75,647,687,725,41184,19.773278558159088,158.1862284652727
694,86.75,644,455,202,53143,20.39915238899299,163.19321911194393
694,86.75,654,357,605,24970,0.0,0.0
694,86.75,622,459,547,12225,9.73618554135764,77.88948433086112
694,86.75,638,208,750,24673,32.43925099287215,259.5140079429772
694,86.75,634,284,163,25244,26.936176493450255,215.48941194760204
694,86.75,457,92,641,23894,11.786848318439635,94.29478654751708
694,86.75,655,150,248,22606,0.0,0.0
694,86.75,632,475,437,8447,4.49537318113401,35.96298544907208
694,86.75,627,140,537,11242,37.312988582224875,298.503908657799
694,86.75,594,53,360,16632,12.56364176379502,100.50913411036016
694,86.75,656,358,798,23831,0.0,0.0
694,86.75,657,129,371,6059,0.0,0.0
694,86.75,658,506,825,16507,0.0,0.0
694,86.75,588,847,664,13426,33.25487626142306,266.03901009138445
694,86.75,595,432,381,6455,24.100546047333683,192.80436837866947
694,86.75,501,772,192,15094,18.485496622560493,147.88397298048395
694,86.75,659,311,279,5566,0.0,0.0
694,86.75,660,540,88,8412,0.0,0.0
694,86.75,661,250,626,7930,0.0,0.0
694,86.75,599,660,118,8298,24.63561660763917,197.08493286111337
694,86.75,636,884,283,9715,24.02589457679129,192.20715661433033
694,86.75,662,604,95,3288,0.0,0.0
694,86.75,569,49,490,6819,41.423489199313096,331.38791359450477
694,86.75,596,812,295,5398,30.347060030813456,242.77648024650765
694,86.75,663,410,701,3393,0.0,0.0
694,86.75,664,42,709,1330,0.0,0.0
695,86.875,665,270,339,33665,0.0,0.0
695,86.875,541,821,486,58999,7.014519491310507,56.116155930484055
695,86.875,666,109,313,45858,0.0,0.0
695,86.875,667,244,497,22504,0.0,0.0
695,86.875,528,664,280,36917,38.52970869041374,308.23766952330993
695,86.875,457,129,634,43893,37.5792484709776,300.6339877678208
695,86.875,501,784,228,22853,37.735763410844925,301.8861072867594
695,86.875,654,345,600,27346,13.0090611267165,104.072489013732
695,86.875,574,620,468,28650,17.717258943848172,141.73807155078538
695,86.875,622,462,552,22845,5.5955217775594415,44.76417422047553
695,86.875,573,517,441,10764,28.631314443192725,229.0505155455418
695,86.875,595,452,356,23722,32.21362238544533,257.70897908356267
695,86.875,652,534,714,42155,23.299270727918934,186.39416582335147
695,86.875,610,436,244,15587,35.75577283124888,286.04618264999107
695,86.875,638,213,771,21443,21.63102191456073,173.04817531648584
695,86.875,634,262,159,17282,22.455210944136873,179.64168755309498
695,86.875,607,723,700,28086,11.690775334582904,93.52620267666323
695,86.875,606,517,147,21529,44.02528067666495,352.2022454133196
695,86.875,615,639,769,13669,16.37357684548273,130.98861476386185
695,86.875,621,368,127,17987,44.255479887542336,354.0438391003387
695,86.875,656,361,798,24567,2.4938324096475033,19.950659277180026
695,86.875,588,851,664,13630,4.627226585075299,37.01781268060239
695,86.875,658,462,831,6486,44.63290659524493,357.06325276195946
695,86.875,662,626,113,10714,28.427641984718143,227.42113587774514
695,86.875,636,886,284,9567,1.8036146885268614,14.42891750821489
695,86.875,569,69,498,12142,22.036050999747108,176.28840799797686
695,86.875,668,459,78,2325,0.0,0.0
695,86.875,599,699,112,2336,40.127847095173784,321.0227767613903
696,87.0,669,701,420,26133,0.0,0.0
696,87.0,574,587,464,31163,32.421937479787076,259.3754998382966
696,87.0,670,475,275,48258,0.0,0.0
696,87.0,671,850,450,36550,0.0,0.0
696,87.0,631,661,249,24892,19.2756709970606,154.2053679764848
696,87.0,672,311,191,45338,0.0,0.0
696,87.0,501,785,227,23647,1.4262536011723177,11.410028809378542
696,87.0,605,172,392,18214,32.464659897189684,259.71727917751747
696,87.0,350,479,788,37536,33.524199221506606,268.19359377205285
696,87.0,648,475,612,19862,26.500265314848825,212.0021225187906
696,87.0,673,302,383,19521,0.0,0.0
696,87.0,542,329,766,24747,29.545915085051533,236.36732068041226
696,87.0,655,115,267,34964,39.68734301025218,317.4987440820174
696,87.0,619,459,496,14472,30.92445671984887,247.39565375879096
696,87.0,638,232,778,13681,21.073506780349273,168.5880542427942
696,87.0,674,73,649,24775,0.0,0.0
696,87.0,675,185,651,11438,0.0,0.0
696,87.0,676,163,756,7147,0.0,0.0
696,87.0,627,169,513,14182,37.83236102407837,302.65888819262693
696,87.0,677,834,615,16879,0.0,0.0
696,87.0,660,562,103,15481,26.889136497131467,215.11309197705174
696,87.0,607,742,736,18245,41.30883715379981,330.47069723039846
696,87.0,678,582,642,12463,0.0,0.0
696,87.0,679,322,511,12714,0.0,0.0
696,87.0,654,339,614,12009,15.719406895486811,125.75525516389449
696,87.0,615,637,765,16613,4.230574827855008,33.84459862284007
696,87.0,667,247,537,4822,40.473056952882324,323.7844556230586
696,87.0,646,693,621,8756,14.97179384312683,119.77435074501464
696,87.0,588,836,692,6130,31.869594139307505,254.95675311446004
696,87.0,680,739,584,2395,0.0,0.0
696,87.0,636,889,282,8506,3.618441097693676,28.94752878154941
696,87.0,599,668,113,7100,31.538290979806153,252.30632783844922
696,87.0,681,50,433,8396,0.0,0.0
696,87.0,661,247,608,2489,18.667456461781693,149.33965169425355
696,87.0,569,83,505,3331,15.323494475976029,122.58795580780823
696,87.0,545,407,88,4380,1.3985018350550649,11.188014680440519
696,87.0,668,457,78,2501,2.2465136112397333,17.972108889917866
696,87.0,682,906,588,2156,0.0,0.0
696,87.0,643,35,524,2387,30.85511497675952,246.84091981407616
697,87.125,586,648,458,70418,38.99662988113614,311.9730390490891
697,87.125,683,360,235,92527,0.0,0.0
697,87.125,631,663,255,24806,5.337135689952319,42.697085519618554
697,87.125,542,308,766,49573,20.884021793927776,167.0721743514222
697,87.125,501,779,215,20426,14.04751038122374,112.38008304978992
697,87.125,527,227,398,24070,26.907542208736544,215.26033766989235
697,87.125,684,627,702,45897,0.0,0.0
697,87.125,671,859,471,33641,22.619240096185518,180.95392076948414
697,87.125,666,97,315,39857,11.637244825793362,93.0979586063469
697,87.125,667,272,510,9743,37.414922398811036,299.3193791904883
697,87.125,606,540,143,31253,22.435971607164365,179.48777285731492
697,87.125,679,340,511,9453,18.615897521023438,148.9271801681875
697,87.125,622,472,559,20696,12.735265836953463,101.8821266956277
697,87.125,685,398,484,9504,0.0,0.0
697,87.125,686,528,809,18320,0.0,0.0
697,87.125,687,152,682,20523,0.0,0.0
697,87.125,588,844,666,16844,27.383885999139018,219.07108799311214
697,87.125,569,58,499,12925,25.24170073510117,201.93360588080935
697,87.125,658,435,833,8091,27.103252400994034,216.82601920795227
697,87.125,636,875,292,14577,17.003736913589417,136.02989530871534
697,87.125,661,231,586,9911,27.08631085918568,216.69048687348544
697,87.125,654,336,622,7641,8.361666270126618,66.89333016101294
697,87.125,627,153,528,7723,22.15078209044376,177.20625672355007
697,87.125,677,830,591,3871,24.60388319847106,196.83106558776848
697,87.125,664,52,694,9132,18.14017432138175,145.121394571054
697,87.125,688,45,599,6032,0.0,0.0
697,87.125,607,767,757,9179,32.56391630869421,260.5113304695537
697,87.125,599,668,113,7194,0.8189606134331603,6.551684907465282
697,87.125,689,463,687,4846,0.0,0.0
697,87.125,690,112,586,2387,0.0,0.0
697,87.125,691,755,638,2470,0.0,0.0
697,87.125,668,456,77,2403,1.6572709123853142,13.258167299082514
697,87.125,692,214,259,1597,0.0,0.0
698,87.25,693,648,404,99605,0.0,0.0
698,87.25,694,369,296,61477,0.0,0.0
698,87.25,654,365,622,40942,28.68284633351155,229.4627706680924
698,87.25,678,561,661,25538,28.245487870484464,225.9639029638757
698,87.25,695,598,790,26548,0.0,0.0
698,87.25,527,216,361,9751,38.703758132367206,309.63006505893765
698,87.25,696,173,477,24446,0.0,0.0
698,87.25,666,105,299,36409,17.794863534483248,142.35890827586599
698,87.25,671,860,448,29887,23.554409847866147,188.43527878292917
698,87.25,619,467,518,22477,23.344338057185347,186.75470445748277
698,87.25,662,600,122,28384,26.985235964437596,215.88188771550077
698,87.25,675,176,664,9696,15.29848525547146,122.38788204377168
698,87.25,638,204,763,20974,31.90932385364156,255.27459082913248
698,87.25,697,505,180,13888,0.0,0.0
698,87.25,674,74,648,23788,1.0971278657674173,8.777022926139338
698,87.25,698,746,717,24203,0.0,0.0
698,87.25,501,770,188,14068,28.35064203016667,226.80513624133337
698,87.25,588,854,653,16488,16.679223115799818,133.43378492639854
698,87.25,548,317,809,15810,12.925215982817313,103.40172786253851
698,87.25,656,399,797,7359,38.02178092610008,304.1742474088006
698,87.25,699,221,554,5362,0.0,0.0
698,87.25,661,226,610,7022,24.371485270162612,194.9718821613009
698,87.25,596,833,272,10177,30.94839246463945,247.5871397171156
698,87.25,545,379,96,16018,29.47500739724812,235.80005917798496
698,87.25,653,291,449,4658,29.699981245956984,237.59984996765587
698,87.25,636,897,291,7711,22.152565718279597,177.22052574623677
698,87.25,658,438,845,6079,12.141044585691766,97.12835668553413
698,87.25,634,256,140,9958,19.825185009561675,158.6014800764934
698,87.25,569,43,477,11767,27.366423202488534,218.93138561990827
698,87.25,700,491,834,4932,0.0,0.0
698,87.25,677,823,561,3566,29.799760059299658,238.39808047439726
698,87.25,701,180,179,6776,0.0,0.0
698,87.25,646,685,629,2638,11.597035025305615,92.77628020244492
698,87.25,682,911,587,2192,5.460582248437242,43.684657987497935
699,87.375,586,631,478,25013,26.71314621050118,213.70516968400943
699,87.375,669,718,410,24164,19.147885455844463,153.1830836467557
699,87.375,673,315,370,33884,18.596496760207113,148.7719740816569
699,87.375,605,174,394,19275,2.1156891163684883,16.925512930947907
699,87.375,528,682,267,17411,21.801920339338253,174.41536271470602
699,87.375,573,519,422,19803,19.497135947073566,155.97708757658853
699,87.375,662,590,153,39834,32.12037260100082,256.96298080800653
699,87.375,679,317,525,13732,27.153033629979053,217.22426903983242
699,87.375,702,404,564,20848,0.0,0.0
699,87.375,644,426,172,40045,41.6663609525215,333.330887620172
699,87.375,627,173,508,10079,28.557651309185143,228.46121047348115
699,87.375,643,66,505,24708,36.22925890926535,289.8340712741228
699,87.375,646,673,643,23839,18.317599783702022,146.54079826961618
699,87.375,622,512,572,21389,41.95794885475815,335.6635908380652
699,87.375,655,120,262,39070,7.502355869614196,60.01884695691357
699,87.375,596,818,246,35399,29.714625826657578,237.71700661326062
699,87.375,703,800,693,37325,0.0,0.0
699,87.375,687,122,687,36976,30.876770705106896,247.01416564085517
699,87.375,671,857,475,34698,27.27892432807882,218.23139462463055
699,87.375,704,257,769,24634,0.0,0.0
699,87.375,595,429,340,6556,28.070632848920035,224.56506279136028
699,87.375,672,289,202,14475,24.885811328727744,199.08649062982195
699,87.375,652,554,746,7496,37.45196188862237,299.61569510897897
699,87.375,656,393,814,16926,17.920879848349962,143.3670387867997
699,87.375,615,610,746,5272,33.04177664407595,264.3342131526076
699,87.375,689,472,696,6779,13.091448754395332,104.73159003516265
699,87.375,350,500,752,3910,41.52470140193996,332.19761121551966
699,87.375,686,553,843,7868,41.94223716740132,335.5378973392106
699,87.375,700,477,838,5589,14.279021658159333,114.23217326527467
699,87.375,634,274,107,7382,37.56272792211494,300.5018233769195
699,87.375,548,322,841,3460,32.199450911126114,257.5956072890089
699,87.375,661,260,619,5636,35.61851625242958,284.94813001943663
699,87.375,699,234,563,2881,16.134849995914294,129.07879996731435
699,87.375,663,398,706,5296,13.910131100322406,111.28104880257925
699,87.375,705,322,656,3409,0.0,0.0
699,87.375,706,650,822,5910,0.0,0.0
699,87.375,707,539,306,2603,0.0,0.0
700,87.5,595,414,348,151508,17.759997481799523,142.07997985439619
700,87.5,605,131,406,107516,44.91590681108359,359.3272544886687
700,87.5,662,595,150,37356,6.500750732306313,52.00600585845051
700,87.5,542,344,739,79132,44.96216938376722,359.69735507013775
700,87.5,528,683,267,17732,1.5789780177193249,12.631824141754599
700,87.5,708,679,370,14280,0.0,0.0
700,87.5,687,116,701,30138,15.277855499406236,122.22284399524989
700,87.5,709,717,461,14088,0.0,0.0
700,87.5,596,820,243,34878,3.8015411405512087,30.41232912440967
700,87.5,671,846,458,33614,19.969180038079877,159.753440304639
700,87.5,678,546,685,27440,27.967087447013995,223.73669957611196
700,87.5,615,639,770,15145,37.648890184977496,301.19112147981997
700,87.5,710,703,696,19345,0.0,0.0
700,87.5,588,835,648,25667,19.884555936891864,159.07644749513491
700,87.5,634,255,138,9809,36.213468577875794,289.70774862300635
700,87.5,711,657,535,7237,0.0,0.0
700,87.5,712,609,535,3511,0.0,0.0
700,87.5,622,504,587,4419,17.130133527851203,137.04106822280963
700,87.5,607,788,758,5766,20.759867492486197,166.07893993988958
700,87.5,545,335,91,7355,44.15586504169807,353.24692033358457
700,87.5,680,741,579,3648,5.180434943785335,41.44347955028268
700,87.5,686,530,837,3354,23.50516672833277,188.04133382666217
700,87.5,713,579,843,3867,0.0,0.0
700,87.5,682,910,589,2039,2.2076320813376578,17.661056650701262
700,87.5,714,487,882,2301,0.0,0.0
701,87.625,708,659,376,87650,20.593490969792835,164.74792775834268
701,87.625,697,480,202,22935,33.32282005275693,266.58256042205545
701,87.625,715,334,196,62209,0.0,0.0
701,87.625,716,468,400,37368,0.0,0.0
701,87.625,671,836,490,40120,33.47662086179934,267.8129668943947
701,87.625,667,229,504,33285,43.820799187584655,350.56639350067724
701,87.625,527,233,334,13728,31.92163346100407,255.37306768803256
701,87.625,679,358,533,19603,41.60763421393245,332.8610737114596
701,87.625,678,553,691,30263,9.331693304685395,74.65354643748316
701,87.625,655,151,239,22661,38.691582795309486,309.5326623624759
701,87.625,717,68,345,25667,0.0,0.0
701,87.625,643,80,521,23146,20.926544720190225,167.4123577615218
701,87.625,663,407,663,20743,43.79095615606788,350.327649248543
701,87.625,664,83,681,22653,33.1310669087155,265.048535269724
701,87.625,501,773,185,14593,3.570623495530493,28.564987964243944
701,87.625,548,321,805,22074,35.95303488479974,287.62427907839793
701,87.625,615,670,773,18370,30.825188917046983,246.60151133637586
701,87.625,660,543,90,9790,22.9195198777622,183.3561590220976
701,87.625,588,875,654,15732,40.97451133902263,327.796090712181
701,87.625,599,645,113,13442,23.53387951952313,188.27103615618503
701,87.625,636,871,284,17384,27.172101543596288,217.3768123487703
701,87.625,675,190,663,5899,13.89388723736268,111.15109789890144
701,87.625,713,559,835,8326,21.63666686288561,173.09333490308487
701,87.625,622,508,566,8020,21.67733636739435,173.4186909391548
701,87.625,646,695,642,11892,22.19565556743454,177.5652445394763
701,87.625,703,786,669,7077,28.02199200415007,224.17593603320057
701,87.625,658,423,832,9594,19.809858020355176,158.4788641628414
701,87.625,718,196,806,9152,0.0,0.0
701,87.625,638,225,727,6631,41.712569612657425,333.7005569012594
701,87.625,607,778,755,7789,9.96365393653299,79.70923149226392
701,87.625,700,488,852,5766,17.482959662330416,139.86367729864332
701,87.625,705,286,659,7222,35.8041737352649,286.4333898821192
701,87.625,719,123,792,2728,0.0,0.0
702,87.75,715,363,196,78674,28.301187095868695,226.40949676694956
702,87.75,653,314,441,71193,24.040133412676322,192.32106730141058
702,87.75,709,677,443,110002,43.02071360966435,344.1657088773148
702,87.75,720,516,240,9864,0.0,0.0
702,87.75,662,596,151,38988,1.2925102363851557,10.340081891081246
702,87.75,687,133,665,45463,40.17538388677798,321.40307109422383
702,87.75,643,99,492,34001,34.60146810739456,276.8117448591565
702,87.75,705,279,698,13364,39.42297118432813,315.383769474625
702,87.75,528,697,248,12248,23.680954220968843,189.44763376775074
702,87.75,655,143,246,20054,11.166848077692032,89.33478462153626
702,87.75,717,65,322,20128,23.109739907128937,184.8779192570315
702,87.75,654,353,648,11132,28.069968587300632,224.55974869840506
702,87.75,501,788,195,18617,17.800287694934845,142.40230155947876
702,87.75,710,705,700,20993,4.005439880823562,32.04351904658849
702,87.75,721,243,821,18167,0.0,0.0
702,87.75,689,456,717,21013,26.478384065374375,211.827072522995
702,87.75,615,644,760,8287,28.953652342970575,231.6292187437646
702,87.75,684,597,706,8185,30.284973499151057,242.27978799320846
702,87.75,652,553,753,6329,7.307090606517134,58.45672485213707
702,87.75,622,519,608,13238,43.75448484317502,350.03587874540017
702,87.75,656,365,817,10968,28.175754508088612,225.4060360647089
702,87.75,588,882,636,15129,19.224247826563644,153.79398261250915
702,87.75,703,815,689,7171,35.53267095563786,284.2613676451029
702,87.75,700,481,850,8803,6.761774232282541,54.094193858260326
702,87.75,722,883,512,9015,0.0,0.0
702,87.75,713,571,842,6760,14.043491153825343,112.34792923060274
702,87.75,607,790,757,5805,12.053605124914212,96.42884099931369
702,87.75,723,884,315,6192,0.0,0.0
702,87.75,636,886,255,4227,32.80899718990977,262.47197751927814
702,87.75,658,416,866,4000,34.46633432040242,275.73067456321934
702,87.75,691,770,629,4814,17.93343312535011,143.46746500280088
702,87.75,719,114,795,2246,8.931936293690969,71.45549034952775
702,87.75,724,915,376,1554,0.0,0.0
702,87.75,706,650,863,1792,41.011565495761985,328.0925239660959
702,87.75,725,697,833,869,0.0,0.0
703,87.875,715,398,196,87607,34.98364777265975,279.869182181278
703,87.875,673,281,359,51307,35.17362588266836,281.3890070613469
703,87.875,726,798,462,61536,0.0,0.0
703,87.875,679,340,524,27640,20.134168610330978,161.07334888264782
703,87.875,704,245,752,58964,21.299766090434645,170.39812872347716
703,87.875,711,651,538,21068,6.801140162882034,54.409121303056274
703,87.875,727,564,429,24250,0.0,0.0
703,87.875,501,757,216,31723,37.137643811673456,297.10115049338765
703,87.875,728,700,327,8705,0.0,0.0
703,87.875,678,548,702,31081,11.535018351028048,92.28014680822439
703,87.875,662,612,158,33841,17.9214706221735,143.371764977388
703,87.875,619,486,539,17654,28.068084116614486,224.5446729329159
703,87.875,710,703,733,15380,33.24941591506554,265.9953273205243
703,87.875,654,351,649,11504,2.2572608735037667,18.058086988030134
703,87.875,655,137,233,17736,14.677560048370717,117.42048038696574
703,87.875,703,794,708,18218,28.074567743280202,224.59654194624162
703,87.875,664,69,682,18707,14.265617922075164,114.12494337660131
703,87.875,717,55,293,13869,31.045607646459814,248.3648611716785
703,87.875,729,75,408,14409,0.0,0.0
703,87.875,615,644,781,10647,21.38341957410994,171.06735659287952
703,87.875,627,150,506,13469,23.65255381546998,189.22043052375983
703,87.875,730,57,540,14221,0.0,0.0
703,87.875,663,428,688,9328,32.78831894940136,262.30655159521086
703,87.875,699,214,561,5664,20.139012832286184,161.11210265828947
703,87.875,723,886,293,11551,22.050139760683027,176.40111808546422
703,87.875,713,557,844,7445,13.457275689596901,107.65820551677521
703,87.875,588,889,679,5985,43.72151946590009,349.7721557272007
703,87.875,682,885,604,7191,29.39575566373494,235.1660453098795
703,87.875,731,404,775,5899,0.0,0.0
703,87.875,732,476,814,3108,0.0,0.0
703,87.875,658,415,867,4619,1.0255744725238831,8.204595780191065
703,87.875,733,504,64,2415,0.0,0.0
703,87.875,700,467,870,2520,24.868964155029367,198.95171324023494
703,87.875,719,106,795,1804,8.624887089237292,68.99909671389834
703,87.875,714,507,892,990,22.297040689725268,178.37632551780214
703,87.875,734,761,825,661,0.0,0.0
704,88.0,679,360,502,42139,29.284079341075678,234.27263472860542
704,88.0,673,285,344,48986,15.774116198567363,126.1929295885389
704,88.0,735,599,216,57539,0.0,0.0
704,88.0,726,803,444,79038,19.167277337782814,153.3382187022625
704,88.0,715,370,166,68292,40.61951098555704,324.95608788445634
704,88.0,736,528,473,29648,0.0,0.0
704,88.0,501,755,235,37696,19.08798134475113,152.70385075800905
704,88.0,737,382,692,26830,0.0,0.0
704,88.0,615,604,792,23933,41.31524552493769,330.5219641995015
704,88.0,678,526,679,27910,32.143852024860976,257.1508161988878
704,88.0,675,230,661,17834,40.32431249609483,322.5944999687586
704,88.0,548,286,810,28662,35.04231672930244,280.33853383441954
704,88.0,738,695,782,7766,0.0,0.0
704,88.0,605,140,436,10091,31.59549116529422,252.76392932235376
704,88.0,646,704,678,10937,37.161674839893664,297.2933987191493
704,88.0,655,134,233,18038,2.454221328157219,19.633770625257753
704,88.0,703,820,695,27350,29.495642923823407,235.96514339058726
704,88.0,664,79,679,22164,10.839699896052936,86.71759916842349
704,88.0,627,150,529,8330,22.565423996021,180.523391968168
704,88.0,712,625,548,11720,20.41190910206365,163.2952728165092
704,88.0,717,53,297,14871,4.815562449571919,38.52449959657535
704,88.0,729,58,417,9778,19.202842816771785,153.62274253417428
704,88.0,730,56,544,13274,3.777279297033743,30.218234376269944
704,88.0,719,148,784,10534,43.65776123251109,349.26208986008874
704,88.0,699,211,558,5186,4.166333643396193,33.330669147169544
704,88.0,700,483,848,8314,27.652753786374753,221.22203029099802
704,88.0,682,905,596,4110,22.05731597289645,176.4585277831716
704,88.0,658,415,867,4212,0.707294260791443,5.658354086331544
704,88.0,733,504,63,2180,0.9092358231141736,7.273886584913389
705,88.125,739,351,211,87912,0.0,0.0
705,88.125,735,589,231,83097,18.329437444661462,146.6354995572917
705,88.125,679,344,487,49922,21.873483900367134,174.98787120293707
705,88.125,740,130,578,51883,0.0,0.0
705,88.125,736,549,497,15106,32.07985973498253,256.6388778798602
705,88.125,712,619,552,18179,7.778481010999845,62.22784808799876
705,88.125,741,730,496,28850,0.0,0.0
705,88.125,678,536,711,32114,33.50359065604096,268.0287252483277
705,88.125,654,345,664,11954,15.980127328468475,127.8410186277478
705,88.125,742,852,364,35829,0.0,0.0
705,88.125,501,774,221,28807,23.370791755642795,186.96633404514236
705,88.125,705,265,684,9766,20.196745029896803,161.57396023917443
705,88.125,743,198,384,13473,0.0,0.0
705,88.125,710,707,712,15321,21.446995817214145,171.57596653771316
705,88.125,548,271,815,35101,16.285586602912627,130.28469282330101
705,88.125,703,820,701,26560,6.281084127551412,50.248673020411296
705,88.125,619,479,534,8255,8.129978444800289,65.03982755840231
705,88.125,605,134,422,7167,15.728254198119009,125.82603358495207
705,88.125,738,654,787,13250,41.21650208680293,329.73201669442346
705,88.125,663,408,700,8189,23.031356791638082,184.25085433310466
705,88.125,717,65,320,26395,25.554273873942336,204.43419099153869
705,88.125,664,50,696,11630,33.51719513525508,268.13756108204063
705,88.125,744,201,280,4016,0.0,0.0
705,88.125,731,406,785,4325,10.006823151759594,80.05458521407675
705,88.125,655,154,208,8917,31.5795587708263,252.6364701666104
705,88.125,722,856,544,14362,42.020839559179514,336.1667164734361
705,88.125,713,567,846,6329,9.666697897854776,77.33358318283821
705,88.125,700,485,847,8557,1.5101952118999635,12.081561695199708
705,88.125,682,906,597,4215,1.0883974760852493,8.707179808681994
705,88.125,745,92,197,2834,0.0,0.0
705,88.125,746,117,736,1843,0.0,0.0
705,88.125,719,110,796,2834,39.58772057485998,316.70176459887983
705,88.125,658,421,893,3119,26.76252768204087,214.10022145632695
706,88.25,739,353,190,76908,20.94639446578985,167.5711557263188
706,88.25,679,356,512,66237,27.740335087168734,221.92268069734988
706,88.25,684,624,710,86033,27.96923963801855,223.7539171041484
706,88.25,747,391,364,12769,0.0,0.0
706,88.25,748,296,777,58216,0.0,0.0
706,88.25,749,568,150,39403,0.0,0.0
706,88.25,750,730,282,62346,0.0,0.0
706,88.25,711,677,512,29128,36.4347164008417,291.4777312067336
706,88.25,740,125,579,50689,5.15956692690434,41.27653541523472
706,88.25,751,573,319,11970,0.0,0.0
706,88.25,742,865,364,30756,12.274819968461106,98.19855974768885
706,88.25,743,196,385,13008,2.157772704296232,17.262181634369856
706,88.25,605,132,421,7136,2.4771287476266566,19.817029981013253
706,88.25,736,539,497,13857,10.314394323610722,82.51515458888578
706,88.25,752,74,273,15857,0.0,0.0
706,88.25,722,865,551,21173,11.812925025727903,94.50340020582323
706,88.25,753,530,393,5366,0.0,0.0
706,88.25,729,53,381,10545,36.23257553523286,289.8606042818629
706,88.25,744,200,280,4411,1.2838235443163062,10.27058835453045
706,88.25,588,860,695,14350,33.252429442671136,266.0194355413691
706,88.25,655,148,196,13415,13.526584659636104,108.21267727708883
706,88.25,664,43,698,10463,7.271343081208799,58.17074464967039
706,88.25,713,569,851,5636,5.490875439140991,43.92700351312793
706,88.25,700,484,846,8972,0.8865090966561867,7.092072773249494
706,88.25,746,106,737,2454,11.263468674842752,90.10774939874202
706,88.25,754,702,109,2732,0.0,0.0
706,88.25,719,111,796,3162,1.2062861959487416,9.650289567589933
706,88.25,658,427,893,2720,5.847490172251471,46.77992137801177
707,88.375,739,375,220,106819,37.41997878885792,299.35983031086334
707,88.375,711,663,479,66973,35.97917592608871,287.83340740870966
707,88.375,679,356,488,55003,23.452492527746116,187.61994022196893
707,88.375,755,776,274,69545,0.0,0.0
707,88.375,684,654,729,77355,35.72328867208295,285.7863093766636
707,88.375,749,588,156,38691,21.20780474708453,169.66243797667624
707,88.375,656,333,818,39207,31.64802589135957,253.18420713087656
707,88.375,737,394,692,14268,11.533841529200735,92.27073223360588
707,88.375,740,165,568,24520,41.508243182543865,332.0659454603509
707,88.375,743,169,411,16746,37.390627456759496,299.12501965407597
707,88.375,675,231,660,7461,0.929783339793567,7.438266718348536
707,88.375,756,203,732,10119,0.0,0.0
707,88.375,654,333,635,8823,31.91518166565348,255.32145332522785
707,88.375,664,68,706,17936,26.498460151142698,211.98768120914158
707,88.375,744,175,289,12733,26.952443821089282,215.61955056871426
707,88.375,757,488,673,7844,0.0,0.0
707,88.375,758,77,615,4920,0.0,0.0
707,88.375,729,54,366,11156,15.46875147565474,123.75001180523792
707,88.375,643,59,487,9852,40.13835642267278,321.1068513813822
707,88.375,588,863,687,13125,8.35060862073608,66.80486896588864
707,88.375,752,91,278,5276,17.969968316114347,143.75974652891477
707,88.375,759,895,509,7151,0.0,0.0
707,88.375,655,151,186,5417,9.821292986540945,78.57034389232756
707,88.375,722,846,570,7848,26.516118576587534,212.12894861270027
707,88.375,700,487,847,8768,2.2301275205430495,17.841020164344396
707,88.375,622,526,589,4470,20.878963697444537,167.0317095795563
707,88.375,760,859,440,4650,0.0,0.0
707,88.375,745,92,194,4454,3.277156315911915,26.21725052729532
707,88.375,730,30,566,3863,33.616367063252255,268.93093650601804
707,88.375,761,909,426,2290,0.0,0.0
707,88.375,682,908,602,3511,5.232033322936709,41.85626658349367
707,88.375,719,110,806,3229,10.714675773398826,85.7174061871906
707,88.375,754,702,110,3045,1.370849711541466,10.966797692331728
707,88.375,762,160,807,1894,0.0,0.0
707,88.375,763,30,277,2783,0.0,0.0
707,88.375,764,172,847,1992,0.0,0.0
707,88.375,765,29,214,1581,0.0,0.0
707,88.375,706,647,873,1409,10.924854220377934,87.39883376302348
708,88.5,766,693,533,37920,0.0,0.0
708,88.5,767,155,467,47647,0.0,0.0
708,88.5,768,140,688,56028,0.0,0.0
708,88.5,755,771,258,61188,16.235724184960812,129.8857934796865
708,88.5,769,616,419,16319,0.0,0.0
708,88.5,703,790,693,34189,31.859535451130938,254.8762836090475
708,88.5,760,831,442,25816,27.40562421805034,219.24499374440273
708,88.5,770,699,786,16570,0.0,0.0
708,88.5,615,586,786,24630,19.209048282145197,153.67238625716158
708,88.5,656,344,809,50485,14.276145975305253,114.20916780244202
708,88.5,757,519,663,19795,32.999461422273114,263.9956913781849
708,88.5,771,242,135,15509,0.0,0.0
708,88.5,744,170,289,12816,4.772017463288883,38.17613970631106
708,88.5,722,878,564,15207,32.880998077265794,263.04798461812635
708,88.5,717,56,326,21021,10.826753206087849,86.61402564870279
708,88.5,663,433,685,4752,28.941221415266952,231.52977132213562
708,88.5,700,507,854,6134,21.576739954820376,172.613919638563
708,88.5,655,149,187,5699,2.1837123006634314,17.46969840530745
708,88.5,745,84,192,4654,8.478821509895104,67.83057207916083
708,88.5,730,28,567,3832,3.0218936149514035,24.175148919611228
708,88.5,754,701,109,3159,0.9637583686260264,7.710066949008211
708,88.5,764,165,844,1706,7.848548654602323,62.78838923681858
708,88.5,772,911,236,2156,0.0,0.0
709,88.625,773,679,294,30948,0.0,0.0
709,88.625,774,606,476,71197,0.0,0.0
709,88.625,742,833,359,84945,32.368409869901576,258.9472789592126
709,88.625,739,361,215,103234,14.6209840991706,116.9678727933648
709,88.625,679,363,522,67361,33.94353678179902,271.54829425439215
709,88.625,627,133,526,32063,16.86989676292398,134.95917410339183
709,88.625,756,192,767,33531,36.41251927242642,291.3001541794114
709,88.625,703,790,693,46164,0.4195255484442223,3.3562043875537784
709,88.625,743,174,388,22297,23.65628042752878,189.25024342023025
709,88.625,749,584,117,30012,39.475400459427206,315.80320367541765
709,88.625,656,341,791,30447,17.845376600121106,142.76301280096885
709,88.625,664,74,674,23565,31.933248087346044,255.46598469876835
709,88.625,663,475,701,20359,44.87603698866179,359.0082959092943
709,88.625,713,602,826,13630,40.93052966115044,327.4442372892035
709,88.625,678,572,726,11125,39.31785690970192,314.5428552776154
709,88.625,738,676,781,10459,23.294679603248234,186.35743682598587
709,88.625,729,51,378,8392,12.321415214866594,98.57132171893275
709,88.625,752,63,276,13563,28.337120509484084,226.69696407587267
709,88.625,744,190,273,3707,26.035532681946908,208.28426145557526
709,88.625,700,465,858,15309,42.488015226650205,339.90412181320164
709,88.625,675,228,619,3088,41.618680052330966,332.9494404186477
709,88.625,655,145,229,6263,42.41763182853115,339.3410546282492
709,88.625,745,96,188,4991,12.681243159987202,101.44994527989762
709,88.625,730,29,566,3597,1.9527018146036503,15.621614516829203
709,88.625,754,704,96,1922,13.981364465063287,111.8509157205063
709,88.625,775,645,682,1440,0.0,0.0
709,88.625,776,245,71,916,0.0,0.0
710,88.75,777,408,241,128964,0.0,0.0
710,88.75,778,775,329,109924,0.0,0.0
710,88.75,779,327,485,57038,0.0,0.0
710,88.75,780,345,373,5190,0.0,0.0
710,88.75,781,477,766,85082,0.0,0.0
710,88.75,768,137,682,60072,7.289703850003684,58.31763080002947
710,88.75,703,798,699,51515,9.873307299134796,78.98645839307837
710,88.75,782,681,585,23162,0.0,0.0
710,88.75,622,546,603,14992,24.35640221802692,194.85121774421535
710,88.75,736,518,515,12330,27.269965108172705,218.15972086538164
710,88.75,749,601,116,32048,17.36449200949002,138.91593607592017
710,88.75,548,269,821,20927,6.032202604717345,48.25762083773876
710,88.75,605,142,429,13693,12.523489785498235,100.18791828398588
710,88.75,722,877,535,9383,29.019905585804185,232.15924468643348
710,88.75,738,673,812,5519,30.582595301807554,244.66076241446044
710,88.75,654,290,630,7210,43.11393730810755,344.9114984648604
710,88.75,783,91,503,7680,0.0,0.0
710,88.75,729,49,375,7531,2.8493276631472226,22.79462130517778
710,88.75,744,201,299,8960,28.604818574469846,228.83854859575877
710,88.75,717,81,308,6419,30.74700848404098,245.97606787232783
710,88.75,784,149,336,3014,0.0,0.0
710,88.75,763,37,248,6658,29.31819277382653,234.54554219061225
710,88.75,655,142,230,6302,3.151768075513345,25.21414460410676
710,88.75,643,27,476,4376,33.26318146922928,266.10545175383425
710,88.75,745,93,193,5679,6.117544629669829,48.94035703735863
710,88.75,730,28,570,3523,4.119397388867163,32.9551791109373
710,88.75,764,165,848,1726,3.8957826479183293,31.166261183346634
710,88.75,785,375,911,1076,0.0,0.0
711,88.875,739,381,228,92700,23.57935773432855,188.6348618746284
711,88.875,779,349,488,55269,22.154309145449037,177.2344731635923
711,88.875,748,276,743,45905,40.348384432765144,322.78707546212115
711,88.875,781,503,767,66096,26.427325271124193,211.41860216899354
711,88.875,737,381,713,15160,23.798887362909188,190.3910989032735
711,88.875,768,111,685,49307,25.40235010182069,203.21880081456553
711,88.875,751,566,352,18648,34.63317315886719,277.0653852709375
711,88.875,782,663,568,44629,24.953622429921584,199.62897943937267
711,88.875,773,660,281,24978,22.544546331100474,180.3563706488038
711,88.875,774,568,470,13806,38.39712823350367,307.1770258680294
711,88.875,742,844,397,35563,39.08258382445181,312.6606705956145
711,88.875,767,121,468,35097,34.27867493295391,274.2293994636313
711,88.875,786,853,240,16934,0.0,0.0
711,88.875,787,539,118,15384,0.0,0.0
711,88.875,749,641,120,19012,40.631561472076676,325.0524917766134
711,88.875,788,761,179,14350,0.0,0.0
711,88.875,789,720,390,9461,0.0,0.0
711,88.875,703,816,713,14303,23.030257246660476,184.2420579732838
711,88.875,790,736,703,9093,0.0,0.0
711,88.875,738,658,800,14080,18.250996663841146,146.00797331072917
711,88.875,588,893,684,8107,30.198585077194284,241.58868061755427
711,88.875,722,873,571,13967,35.601890189986996,284.81512151989597
711,88.875,744,187,277,4760,26.652678088612358,213.22142470889887
711,88.875,791,200,157,9394,0.0,0.0
711,88.875,792,201,343,4075,0.0,0.0
711,88.875,784,145,341,3386,6.833173616848871,54.66538893479097
711,88.875,717,65,322,10878,20.665750772394112,165.3260061791529
711,88.875,655,141,228,6208,2.241448477123811,17.931587816990486
711,88.875,776,241,98,4873,27.808965072312315,222.47172057849852
711,88.875,770,740,801,6451,43.46425371125849,347.71402969006795
711,88.875,745,88,194,6102,4.481072963315619,35.848583706524956
711,88.875,793,806,529,3249,0.0,0.0
711,88.875,763,39,248,4771,2.1473749405380014,17.17899952430401
711,88.875,764,164,850,1757,2.262805934828687,18.102447478629497
711,88.875,729,20,400,912,37.96005905085008,303.6804724068006
712,89.0,794,371,328,181904,0.0,0.0
712,89.0,778,785,313,99041,19.728651959062127,157.829215672497
712,89.0,615,563,784,56568,23.718089599572664,189.74471679658132
712,89.0,656,330,782,66840,14.765199256524912,118.1215940521993
712,89.0,782,670,553,68480,16.626553538554006,133.01242830843205
712,89.0,768,124,677,56369,15.243809629196518,121.95047703357214
712,89.0,767,106,451,33794,22.679303276468154,181.43442621174523
712,89.0,622,521,589,14616,29.001508578277434,232.01206862621947
712,89.0,749,601,115,32932,40.71000929525774,325.68007436206193
712,89.0,654,287,630,7359,3.2272562698575666,25.818050158860533
712,89.0,588,858,700,17548,37.86938178517152,302.95505428137216
712,89.0,770,746,789,9664,13.596763514472991,108.77410811578393
712,89.0,791,198,156,9308,2.242591256292195,17.94073005033756
712,89.0,717,50,329,8674,16.696415637925995,133.57132510340796
712,89.0,655,112,215,13364,31.854772670520976,254.8381813641678
712,89.0,776,240,97,5069,1.2567272680591495,10.053818144473196
712,89.0,793,794,519,3628,15.520030136631743,124.16024109305394
712,89.0,722,879,557,3938,14.82703088542157,118.61624708337256
712,89.0,795,830,562,4619,0.0,0.0
712,89.0,763,36,249,4987,3.566689650697043,28.533517205576345
712,89.0,796,798,779,1358,0.0,0.0
712,89.0,682,905,611,2955,9.438589306702392,75.50871445361913
713,89.125,794,382,351,76274,25.52580999686133,204.20647997489064
713,89.125,797,565,403,38225,0.0,0.0
713,89.125,605,137,420,51276,10.730617691033611,85.84494152826889
713,89.125,656,327,811,59211,29.27560453577532,234.20483628620255
713,89.125,757,522,673,21631,10.132440168490383,81.05952134792307
713,89.125,768,125,669,60041,7.140981767933544,57.127854143468355
713,89.125,622,504,568,12996,27.00140821657854,216.01126573262832
713,89.125,789,745,411,41521,32.63748328491844,261.0998662793475
713,89.125,713,592,810,40730,19.03227414782584,152.25819318260673
713,89.125,786,844,266,27988,28.062923515254845,224.50338812203876
713,89.125,787,540,117,15802,0.9824948971950814,7.859959177560651
713,89.125,749,624,109,13215,24.320362350237446,194.56289880189956
713,89.125,798,331,608,24187,0.0,0.0
713,89.125,788,748,164,18821,20.09779254604228,160.78234036833825
713,89.125,703,808,718,40382,9.274123310253,74.192986482024
713,89.125,799,645,227,14804,0.0,0.0
713,89.125,800,417,571,7723,0.0,0.0
713,89.125,801,471,146,7531,0.0,0.0
713,89.125,802,256,238,12471,0.0,0.0
713,89.125,795,808,558,12546,22.389727980351495,179.11782384281196
713,89.125,803,747,616,8157,0.0,0.0
713,89.125,804,350,110,20566,0.0,0.0
713,89.125,782,650,593,16441,44.75748686362526,358.0598949090021
713,89.125,744,178,288,5676,14.53292557636759,116.26340461094073
713,89.125,791,196,155,9500,2.2138725931587633,17.710980745270106
713,89.125,655,114,216,13904,1.897298799721672,15.178390397773375
713,89.125,776,239,96,5010,1.591894474363623,12.735155794908984
713,89.125,805,448,75,3440,0.0,0.0
713,89.125,763,32,243,5476,6.774741642132854,54.19793313706283
713,89.125,760,862,438,3609,30.983165411547848,247.86532329238278
713,89.125,806,903,492,4932,0.0,0.0
713,89.125,722,908,565,3182,30.131379522054313,241.0510361764345
713,89.125,807,907,401,3945,0.0,0.0
713,89.125,808,42,512,3589,0.0,0.0
713,89.125,643,20,456,1851,21.25005336092241,170.0004268873793
714,89.25,809,376,297,63024,0.0,0.0
714,89.25,779,326,478,37066,25.49475301001883,203.95802408015064
714,89.25,784,124,356,66973,25.51007292396279,204.08058339170233
714,89.25,789,768,419,45737,24.335192630730898,194.68154104584718
714,89.25,737,402,715,36260,21.138243967935313,169.1059517434825
714,89.25,654,289,617,20512,12.95699921609337,103.65599372874696
714,89.25,751,555,359,21455,13.05095030112089,104.40760240896712
714,89.25,810,300,120,27957,0.0,0.0
714,89.25,757,526,646,20437,27.130037250549233,217.04029800439386
714,89.25,811,104,580,24461,0.0,0.0
714,89.25,756,199,785,35935,19.80295268667085,158.4236214933668
714,89.25,812,809,226,46794,0.0,0.0
714,89.25,738,626,811,47064,33.775053003724146,270.20042402979317
714,89.25,749,588,121,32721,38.764505680096605,310.11604544077284
714,89.25,813,642,336,12459,0.0,0.0
714,89.25,664,77,704,17858,30.154446692814233,241.23557354251386
714,89.25,678,587,709,6987,21.93783595449378,175.50268763595025
714,89.25,803,716,623,35845,31.190154688821444,249.52123751057155
714,89.25,736,552,507,20844,34.628899867346064,277.0311989387685
714,89.25,801,471,149,8157,3.039800030783005,24.31840024626404
714,89.25,799,656,226,6932,11.411409097637176,91.2912727810974
714,89.25,588,870,690,19451,14.758213228256967,118.06570582605573
714,89.25,548,302,850,4591,43.54954975417854,348.39639803342834
714,89.25,814,878,530,15427,0.0,0.0
714,89.25,815,350,852,6646,0.0,0.0
714,89.25,805,432,80,7977,17.4956557110596,139.9652456884768
714,89.25,791,168,147,4634,29.212759124819648,233.70207299855718
714,89.25,816,418,891,6975,0.0,0.0
714,89.25,763,41,229,5566,16.85399467190129,134.83195737521032
714,89.25,817,764,838,2286,0.0,0.0
715,89.375,767,115,434,30705,19.123633375417693,152.98906700334155
715,89.375,781,505,723,23189,44.196599274508124,353.572794196065
715,89.375,812,806,239,49053,13.008367653506074,104.06694122804859
715,89.375,757,524,637,5456,8.765029992181956,70.12023993745565
715,89.375,789,778,422,32232,10.372280640900355,82.97824512720284
715,89.375,803,704,584,36268,40.31509308801831,322.52074470414647
715,89.375,738,631,815,37344,6.644439613006034,53.15551690404827
715,89.375,664,102,732,33140,37.30152075199556,298.4121660159645
715,89.375,811,91,577,21886,12.886457097449862,103.09165677959889
715,89.375,655,138,254,24876,44.75057042382343,358.00456339058746
715,89.375,810,312,103,18237,20.106045596627393,160.84836477301914
715,89.375,818,244,815,26818,0.0,0.0
715,89.375,790,761,725,17024,33.33620292350199,266.68962338801595
715,89.375,819,336,730,5965,0.0,0.0
715,89.375,820,385,782,11450,0.0,0.0
715,89.375,588,871,695,17936,5.482878573909211,43.86302859127369
715,89.375,805,427,78,8486,5.318434843978033,42.547478751824265
715,89.375,791,189,143,9085,21.8098805937334,174.4790447498672
715,89.375,816,448,874,8122,33.692227749712515,269.5378219977001
715,89.375,717,39,315,7660,17.72475961478775,141.798076918302
715,89.375,821,503,884,3072,0.0,0.0
715,89.375,795,842,553,5754,34.48317799764414,275.8654239811531
715,89.375,785,372,884,6188,26.588983923116228,212.71187138492982
715,89.375,722,905,548,5570,17.03291375853122,136.26331006824975
715,89.375,763,39,219,4474,9.382373244975009,75.05898595980007
715,89.375,807,906,399,3554,2.2585693315191797,18.068554652153438
715,89.375,806,908,475,2129,17.61053416854485,140.8842733483588
716,89.5,822,418,261,136585,0.0,0.0
716,89.5,779,290,458,53554,40.43896037600916,323.5116830080733
716,89.5,798,355,594,41748,27.459341026275915,219.67472821020732
716,89.5,823,450,718,58342,0.0,0.0
716,89.5,812,776,251,69236,33.06207034675002,264.49656277400015
716,89.5,789,803,431,31061,26.374599933464566,210.99679946771653
716,89.5,793,798,558,23130,39.2286715541332,313.8293724330656
716,89.5,749,577,117,36076,11.508107356237533,92.06485884990026
716,89.5,738,636,809,40241,7.0694167016203755,56.555333612963004
716,89.5,655,153,222,30693,34.69341323276718,277.5473058621374
716,89.5,818,271,813,15650,26.978380727808354,215.82704582246683
716,89.5,782,672,598,21878,22.354447002774915,178.83557602219932
716,89.5,756,182,793,17881,18.604274594135237,148.8341967530819
716,89.5,811,101,596,30251,21.900708411407997,175.20566729126398
716,89.5,767,95,460,8866,33.070635979645665,264.5650878371653
716,89.5,664,98,772,10706,39.45562635764053,315.64501086112426
716,89.5,588,878,700,15427,8.636403653189738,69.0912292255179
716,89.5,703,797,693,8251,26.988281795399896,215.90625436319917
716,89.5,736,579,521,8200,30.098490189715754,240.78792151772603
716,89.5,729,41,416,7919,26.325953034718836,210.6076242777507
716,89.5,816,463,880,10592,16.402716455677208,131.22173164541766
716,89.5,824,45,695,6686,0.0,0.0
716,89.5,790,731,708,4893,34.01666381236802,272.1333104989442
716,89.5,763,38,245,7766,26.02941700789224,208.2353360631379
716,89.5,717,41,333,5276,18.03479296593452,144.27834372747617
716,89.5,785,372,887,6110,2.7364851871619096,21.891881497295277
716,89.5,722,910,543,4595,7.046040017085795,56.36832013668636
716,89.5,796,789,791,3664,14.922032468916761,119.37625975133409
716,89.5,784,107,343,2078,21.371219464197132,170.96975571357706
716,89.5,825,21,771,2509,0.0,0.0
717,89.625,826,235,447,67827,0.0,0.0
717,89.625,827,422,454,39325,0.0,0.0
717,89.625,828,237,189,73252,0.0,0.0
717,89.625,829,484,306,33571,0.0,0.0
717,89.625,823,444,699,77370,19.82426235302086,158.59409882416688
717,89.625,803,728,608,63313,33.62431566112922,268.9945252890338
717,89.625,789,820,441,30729,20.47982058764353,163.83856470114824
717,89.625,812,801,240,49299,27.780386651287213,222.2430932102977
717,89.625,830,600,358,16409,0.0,0.0
717,89.625,801,466,112,23099,37.33416583965911,298.67332671727286
717,89.625,749,614,119,29770,37.841210372949114,302.7296829835929
717,89.625,799,657,267,13786,40.61963419036966,324.9570735229573
717,89.625,738,618,832,40425,29.015429670546137,232.1234373643691
717,89.625,736,586,502,12123,19.681095056217266,157.44876044973813
717,89.625,811,96,624,39740,27.47781159149368,219.82249273194944
717,89.625,767,69,475,7124,29.61864054459807,236.94912435678455
717,89.625,682,889,626,20152,22.54356627417256,180.34853019338047
717,89.625,664,132,784,15615,35.98944807864617,287.91558462916936
717,89.625,831,219,711,9527,0.0,0.0
717,89.625,818,281,775,5703,39.138096723277215,313.1047737862177
717,89.625,548,276,861,8705,27.946318384579975,223.5705470766398
717,89.625,785,398,888,10917,26.301631697325274,210.4130535786022
717,89.625,832,197,846,6744,0.0,0.0
717,89.625,717,43,293,8040,40.10481612157835,320.8385289726268
717,89.625,833,903,350,2767,0.0,0.0
717,89.625,729,49,392,5723,24.96937100944336,199.75496807554688
717,89.625,796,790,798,3941,7.190764818060558,57.52611854448446
717,89.625,806,910,479,2152,4.535092555048929,36.28074044039143
717,89.625,834,33,196,2356,0.0,0.0
717,89.625,825,21,770,2630,1.9128676298305722,15.302941038644578
718,89.75,787,516,141,68273,34.011737390715,272.09389912572
718,89.75,789,812,453,50243,13.612273536327113,108.8981882906169
718,89.75,812,779,225,51499,26.005630739660152,208.04504591728121
718,89.75,803,704,616,41032,25.426930995631004,203.41544796504803
718,89.75,835,673,163,6380,0.0,0.0
718,89.75,738,624,807,46974,25.765112665058513,206.1209013204681
718,89.75,588,853,694,28552,25.78168534381114,206.25348275048913
718,89.75,785,409,852,24794,36.90420210286058,295.23361682288464
718,89.75,767,79,462,11085,15.791811085824287,126.3344886865943
718,89.75,836,65,585,19294,0.0,0.0
718,89.75,810,309,111,13767,8.463061691130813,67.7044935290465
718,89.75,756,190,791,23224,7.868433116914202,62.94746493531362
718,89.75,837,82,745,16413,0.0,0.0
718,89.75,717,69,270,20429,34.42931541394952,275.43452331159614
718,89.75,838,171,626,11011,0.0,0.0
718,89.75,548,283,846,10487,16.501027634273914,132.0082210741913
718,89.75,776,232,102,5648,9.526111635589132,76.20889308471305
718,89.75,729,41,391,5785,7.705968783865685,61.64775027092548
718,89.75,821,505,889,2622,5.253101584885877,42.02481267908701
718,89.75,833,902,324,6161,26.614021597136137,212.9121727770891
718,89.75,839,95,167,3636,0.0,0.0
718,89.75,825,20,769,2575,0.9141203306493421,7.3129626451947365
719,89.875,809,395,307,28513,21.791546114801328,174.33236891841062
719,89.875,840,518,246,55378,0.0,0.0
719,89.875,841,714,493,97006,0.0,0.0
719,89.875,827,397,478,28439,35.05869754723122,280.46958037784975
719,89.875,842,172,448,28255,0.0,0.0
719,89.875,843,268,531,27135,0.0,0.0
719,89.875,844,473,601,32901,0.0,0.0
719,89.875,781,494,721,23988,11.487386360289083,91.89909088231266
719,89.875,810,307,150,41431,38.88903194061093,311.1122555248874
719,89.875,845,153,301,22191,0.0,0.0
719,89.875,655,175,186,17094,42.54142347851889,340.3313878281511
719,89.875,835,644,145,36350,33.69341808914448,269.54734471315584
719,89.875,846,738,278,14002,0.0,0.0
719,89.875,767,71,502,14151,40.768182534573896,326.14546027659117
719,89.875,738,615,815,33520,12.171336049093528,97.37068839274822
719,89.875,811,91,639,29738,16.298726083010767,130.38980866408613
719,89.875,785,401,838,28666,16.538456208189857,132.30764966551885
719,89.875,847,838,214,23358,0.0,0.0
719,89.875,756,163,781,34588,28.29638960598451,226.37111684787607
719,89.875,796,812,763,12585,40.93372205882047,327.4697764705638
719,89.875,703,780,696,8287,16.86072615474039,134.88580923792313
719,89.875,548,279,846,11430,3.501534299149119,28.012274393192953
719,89.875,848,326,655,4560,0.0,0.0
719,89.875,682,879,642,8341,17.94202675984383,143.53621407875065
719,89.875,849,814,632,3292,0.0,0.0
719,89.875,819,305,738,6807,31.86318147398118,254.90545179184943
719,89.875,807,905,386,5711,13.086970847119558,104.69576677695646
719,89.875,817,757,832,4900,9.033441370281059,72.26753096224847
719,89.875,850,754,125,2881,0.0,0.0
719,89.875,763,35,242,7656,4.794562598303134,38.35650078642507
719,89.875,821,505,894,2744,4.403481593562417,35.22785274849934
719,89.875,833,901,307,4274,16.756715494310697,134.05372395448558
719,89.875,722,892,551,7840,19.20317535469526,153.6254028375621
719,89.875,729,38,374,7136,16.949886864998366,135.59909491998692
719,89.875,851,901,714,3354,0.0,0.0
719,89.875,839,84,183,3405,19.34359802982647,154.74878423861176
719,89.875,805,441,50,4360,30.70454379736426,245.63635037891407
719,89.875,825,20,768,2446,0.8430205589103398,6.744164471282718
719,89.875,806,914,469,1346,11.692216540195483,93.53773232156387
720,90.0,852,260,346,150611,0.0,0.0
720,90.0,853,504,405,90598,0.0,0.0
720,90.0,823,435,731,88558,32.95635821568445,263.6508657254756
720,90.0,812,749,221,72375,30.21808871667248,241.74470973337984
720,90.0,854,702,553,42938,0.0,0.0
720,90.0,801,483,129,24966,23.454538628624068,187.63630902899254
720,90.0,749,585,116,16809,29.899558587681817,239.19646870145453
720,90.0,738,615,816,33332,1.4096521946166087,11.27721755693287
720,90.0,789,829,413,26102,43.45389956181442,347.63119649451534
720,90.0,831,178,712,20860,40.62393807638739,324.9915046110991
720,90.0,839,117,198,13505,36.44442344121069,291.5553875296855
720,90.0,837,70,749,22046,12.572521331699509,100.58017065359607
720,90.0,767,49,493,10044,23.67113505079407,189.36908040635257
720,90.0,722,877,528,13160,27.156474910041698,217.25179928033359
720,90.0,784,65,331,20202,44.12436260791161,352.99490086329286
720,90.0,796,777,757,27820,35.06125873130823,280.49006985046583
720,90.0,832,193,841,10436,6.033933536980139,48.27146829584111
720,90.0,836,64,592,10353,7.151497109860448,57.21197687888358
720,90.0,682,868,658,18226,20.16503740846914,161.32029926775311
720,90.0,548,282,848,10960,3.4475990469296662,27.58079237543733
720,90.0,821,507,896,2748,2.8880093629100423,23.10407490328034
720,90.0,833,903,308,3887,2.1514146947983472,17.211317558386778
720,90.0,834,38,206,4024,11.805584909544017,94.44467927635213
721,90.125,799,624,260,188782,33.5373203877356,268.2985631018848
721,90.125,809,372,320,36162,27.22901308098007,217.83210464784057
721,90.125,855,210,544,143452,0.0,0.0
721,90.125,856,340,705,16304,0.0,0.0
721,90.125,823,459,759,58698,36.59410938360883,292.75287506887065
721,90.125,738,625,803,49178,16.857008189799327,134.85606551839462
721,90.125,854,711,556,38519,9.454234806784642,75.63387845427714
721,90.125,810,307,190,10271,39.67044006373852,317.36352050990814
721,90.125,655,196,173,32451,24.04851840525123,192.38814724200984
721,90.125,857,857,459,32514,0.0,0.0
721,90.125,832,184,830,14702,14.313346936178695,114.50677548942956
721,90.125,845,124,287,9743,31.851358860032086,254.8108708802567
721,90.125,548,281,849,11305,1.0537086934209834,8.429669547367867
721,90.125,682,867,644,17419,14.967008396584832,119.73606717267866
721,90.125,858,341,86,13039,0.0,0.0
721,90.125,831,208,719,8874,30.68734915364388,245.49879322915103
721,90.125,763,48,235,10890,14.533405373153595,116.26724298522876
721,90.125,729,55,359,8839,22.848415964204325,182.7873277136346
721,90.125,790,740,712,5867,9.291453484619188,74.3316278769535
721,90.125,703,798,707,3538,20.6756382829568,165.4051062636544
721,90.125,833,901,312,4533,4.440017989298133,35.520143914385066
721,90.125,796,806,778,6537,35.522093475909685,284.1767478072775
721,90.125,859,879,754,4544,0.0,0.0
721,90.125,664,112,786,2489,20.33170673571418,162.65365388571345
721,90.125,860,97,835,2231,0.0,0.0
721,90.125,817,788,846,1107,33.540825295392615,268.3266023631409
721,90.125,861,21,425,1577,0.0,0.0
722,90.25,840,511,275,104095,29.51961397854509,236.15691182836073
722,90.25,826,224,443,42386,11.804315296220341,94.43452236976273
722,90.25,862,238,630,34103,0.0,0.0
722,90.25,812,765,238,66159,23.464215998259117,187.71372798607294
722,90.25,863,405,612,52521,0.0,0.0
722,90.25,835,634,161,14295,18.410343554656553,147.28274843725242
722,90.25,738,594,787,45349,35.23503870993581,281.88030967948646
722,90.25,785,399,840,25816,2.9645226270808647,23.716181016646917
722,90.25,864,488,836,9954,0.0,0.0
722,90.25,854,698,570,45588,19.89058919607274,159.1247135685819
722,90.25,810,284,152,46066,43.48245343098051,347.8596274478441
722,90.25,767,65,513,26881,25.93773825472381,207.5019060377905
722,90.25,865,341,369,10905,0.0,0.0
722,90.25,866,199,298,10036,0.0,0.0
722,90.25,857,844,473,23874,18.727611741590845,149.82089393272676
722,90.25,867,554,617,10306,0.0,0.0
722,90.25,796,772,778,22191,33.45085194138145,267.6068155310516
722,90.25,868,126,681,9731,0.0,0.0
722,90.25,845,110,265,14299,26.013732117837446,208.10985694269957
722,90.25,869,230,831,19635,0.0,0.0
722,90.25,664,111,804,13242,17.849594495102583,142.79675596082066
722,90.25,588,829,667,6059,35.84007552695315,286.7206042156252
722,90.25,851,891,705,11872,12.944835050383238,103.5586804030659
722,90.25,870,836,587,6114,0.0,0.0
722,90.25,805,447,63,8400,14.122604277901432,112.98083422321146
722,90.25,839,127,163,8792,35.76676630395436,286.1341304316349
722,90.25,871,40,670,9351,0.0,0.0
722,90.25,729,44,345,8009,18.993149319467125,151.945194555737
722,90.25,825,35,756,3593,19.592531659521388,156.7402532761711
722,90.25,736,556,532,4861,41.857554779098066,334.86043823278453
722,90.25,763,31,228,6458,17.88419038891687,143.07352311133496
722,90.25,807,900,385,6000,5.293308381513504,42.34646705210803
722,90.25,833,902,309,3452,2.984412488095193,23.875299904761544
722,90.25,872,296,893,3029,0.0,0.0
722,90.25,873,918,235,2501,0.0,0.0
722,90.25,874,904,594,1851,0.0,0.0
723,90.375,840,492,285,50168,21.729758402060572,173.83806721648457
723,90.375,738,595,784,40989,2.8002560022235365,22.402048017788292
723,90.375,785,397,835,26250,5.314685605439715,42.51748484351772
723,90.375,809,350,322,22645,21.34108220665001,170.7286576532001
723,90.375,864,490,825,14272,10.777645542229187,86.2211643378335
723,90.375,875,388,660,34929,0.0,0.0
723,90.375,866,189,314,14237,19.222435201342414,153.7794816107393
723,90.375,842,181,426,15360,23.99595108988659,191.9676087190927
723,90.375,810,262,159,43697,23.84260532479876,190.7408425983901
723,90.375,717,74,274,37090,6.053277435328685,48.42621948262948
723,90.375,876,655,419,34303,0.0,0.0
723,90.375,877,707,151,21111,0.0,0.0
723,90.375,878,825,266,43650,0.0,0.0
723,90.375,879,118,510,24524,0.0,0.0
723,90.375,832,205,816,40476,24.762895408534813,198.1031632682785
723,90.375,799,655,230,8764,42.681823832587,341.454590660696
723,90.375,880,596,191,8944,0.0,0.0
723,90.375,805,441,89,21232,26.660065692458506,213.28052553966805
723,90.375,854,707,592,29601,24.12613511504578,193.00908092036624
723,90.375,881,289,453,13501,0.0,0.0
723,90.375,796,758,775,27119,15.177931000299441,121.42344800239553
723,90.375,882,496,484,17032,0.0,0.0
723,90.375,811,90,659,24274,20.389037660213177,163.1123012817054
723,90.375,883,791,455,10580,0.0,0.0
723,90.375,806,881,447,14127,39.00753721144236,312.0602976915389
723,90.375,862,245,623,20042,10.16227692787246,81.29821542297968
723,90.375,884,376,533,9199,0.0,0.0
723,90.375,867,560,606,12835,13.096870562039753,104.77496449631802
723,90.375,827,406,468,4642,13.04322164062686,104.34577312501489
723,90.375,874,884,566,9144,33.728667289720626,269.829338317765
723,90.375,851,869,699,17873,23.441123415093323,187.52898732074658
723,90.375,885,552,64,6924,0.0,0.0
723,90.375,870,829,594,3836,10.922051999736386,87.37641599789109
723,90.375,749,588,103,2900,13.13808973660228,105.10471789281824
723,90.375,825,49,783,6165,30.99979241749094,247.99833933992753
723,90.375,886,623,62,3166,0.0,0.0
723,90.375,836,24,591,2211,40.49101299711681,323.9281039769345
723,90.375,887,26,541,2352,0.0,0.0
723,90.375,873,918,241,1910,6.126244609023294,49.00995687218635
724,90.5,799,678,244,154491,26.495718037899383,211.96574430319507
724,90.5,856,320,693,109168,23.74541759347681,189.96334074781447
724,90.5,864,455,850,36205,43.11447886801035,344.9158309440828
724,90.5,796,739,761,39161,23.70263712552907,189.62109700423255
724,90.5,738,601,797,27366,14.384206570436513,115.0736525634921
724,90.5,809,374,319,35363,23.874284080423614,190.9942726433889
724,90.5,841,696,513,29131,27.268056320119285,218.14445056095428
724,90.5,866,184,314,14573,4.21104164566277,33.68833316530216
724,90.5,717,75,268,37238,6.438682041762879,51.509456334103035
724,90.5,810,261,168,38652,8.76108602298263,70.08868818386104
724,90.5,888,119,456,25781,0.0,0.0
724,90.5,882,471,456,25546,37.81919038765387,302.55352310123095
724,90.5,881,268,453,18226,21.341209826071044,170.72967860856835
724,90.5,854,705,618,11606,25.963762442681364,207.71009954145092
724,90.5,889,439,167,8647,0.0,0.0
724,90.5,857,849,451,19388,22.603772718134675,180.8301817450774
724,90.5,868,132,689,12784,10.109746576004895,80.87797260803916
724,90.5,805,401,76,16120,42.192010699312924,337.5360855945034
724,90.5,851,872,704,14933,5.196540973279877,41.572327786239015
724,90.5,874,869,578,15665,18.89032210321486,151.12257682571888
724,90.5,664,120,809,11465,10.496378165734786,83.97102532587829
724,90.5,890,111,583,11876,0.0,0.0
724,90.5,867,559,635,7320,28.90983942439033,231.27871539512265
724,90.5,736,565,550,6729,19.380700591460794,155.04560473168635
724,90.5,871,37,674,8885,4.517943361699517,36.14354689359614
724,90.5,825,44,784,5186,5.122297992524547,40.97838394019637
724,90.5,836,25,576,1953,15.643826539638805,125.15061231711044
724,90.5,887,24,531,1573,10.33847560455872,82.70780483646976
724,90.5,839,140,123,1229,42.031030345150434,336.24824276120347
725,90.625,891,371,710,101989,0.0,0.0
725,90.625,852,270,310,116997,37.58608695571286,300.68869564570286
725,90.625,812,727,252,112041,40.59392129407585,324.7513703526068
725,90.625,796,723,739,46461,26.048440475350535,208.38752380280428
725,90.625,738,625,773,12244,34.36998490365618,274.95987922924945
725,90.625,892,565,802,19944,0.0,0.0
725,90.625,867,545,647,17321,18.78364098550834,150.26912788406673
725,90.625,876,663,457,21385,39.614449400821094,316.91559520656875
725,90.625,893,421,122,33751,0.0,0.0
725,90.625,837,102,731,42413,37.21130540415508,297.6904432332406
725,90.625,749,548,106,19059,40.0619931515873,320.4959452126984
725,90.625,717,91,242,32463,29.999324686065474,239.9945974885238
725,90.625,894,716,564,8999,0.0,0.0
725,90.625,548,257,840,12299,26.038850560822638,208.3108044865811
725,90.625,722,851,518,40511,27.998389173168036,223.9871133853443
725,90.625,841,665,534,5402,37.518322432807906,300.14657946246325
725,90.625,832,191,828,9931,18.65269574417005,149.2215659533604
725,90.625,882,444,474,9081,32.746277134684874,261.970217077479
725,90.625,895,527,480,12659,0.0,0.0
725,90.625,855,226,546,7018,16.621234489180814,132.96987591344651
725,90.625,851,865,725,17239,21.92619580563214,175.40956644505712
725,90.625,890,82,566,15247,33.63462677917361,269.07701423338887
725,90.625,840,488,329,12902,44.25290883230883,354.02327065847066
725,90.625,767,71,479,10154,34.25612101167978,274.04896809343825
725,90.625,821,506,904,3331,7.8223075607070855,62.578460485656684
725,90.625,729,38,383,4552,38.910020295455304,311.28016236364243
725,90.625,886,625,61,2849,2.441423744887152,19.531389959097215
726,90.75,879,134,483,67878,31.17447080931407,249.39576647451256
726,90.75,867,562,677,38487,34.30905399318696,274.47243194549566
726,90.75,891,383,751,66386,43.24574852953542,345.96598823628335
726,90.75,722,837,527,64018,16.488454357946782,131.90763486357426
726,90.75,896,588,849,29617,0.0,0.0
726,90.75,878,782,256,40993,43.95124773885585,351.6099819108468
726,90.75,877,692,156,26074,16.466996608077658,131.73597286462126
726,90.75,876,659,415,14616,43.02378094525989,344.1902475620791
726,90.75,841,678,548,15963,19.061744931834866,152.49395945467893
726,90.75,897,765,768,31515,0.0,0.0
726,90.75,862,231,635,9805,18.783497478921923,150.26797983137538
726,90.75,869,234,835,27495,6.096177478679223,48.76941982943379
726,90.75,664,92,778,23741,41.29458295602637,330.35666364821094
726,90.75,811,122,651,8674,32.88882890662384,263.11063125299074
726,90.75,898,183,679,3710,0.0,0.0
726,90.75,899,680,658,4967,0.0,0.0
726,90.75,900,74,316,6858,0.0,0.0
726,90.75,901,109,178,12796,0.0,0.0
726,90.75,833,888,293,10596,20.87319821175945,166.9855856940756
726,90.75,763,43,244,7261,19.467141804319954,155.73713443455964
726,90.75,845,139,269,4407,28.931071722218995,231.44857377775196
726,90.75,859,889,756,4795,10.56262656122852,84.50101248982816
726,90.75,886,624,59,3135,2.119623510273351,16.956988082186808
726,90.75,871,25,672,4744,12.557842097595094,100.46273678076075
727,90.875,902,440,376,98411,0.0,0.0
727,90.875,812,705,267,118712,26.31746325127574,210.53970601020592
727,90.875,897,775,738,58749,31.178938660951104,249.43150928760883
727,90.875,903,131,324,82925,0.0,0.0
727,90.875,904,174,621,61509,0.0,0.0
727,90.875,722,807,521,58036,31.240770495252185,249.92616396201748
727,90.875,738,610,786,29405,19.952095818989083,159.61676655191266
727,90.875,905,209,487,16037,0.0,0.0
727,90.875,867,532,687,28278,31.219215670355,249.75372536284
727,90.875,891,415,774,56514,39.27916826654645,314.2333461323716
727,90.875,810,283,154,49608,26.161586030210202,209.29268824168162
727,90.875,906,637,517,8326,0.0,0.0
727,90.875,832,204,850,14922,25.399169340188966,203.19335472151172
727,90.875,664,90,784,22778,5.78756694664961,46.30053557319688
727,90.875,907,267,793,9097,0.0,0.0
727,90.875,908,489,70,21255,0.0,0.0
727,90.875,886,624,60,3135,1.20670547797129,9.65364382377032
727,90.875,807,906,377,2818,9.877422814646973,79.01938251717579
727,90.875,909,347,894,1796,0.0,0.0
727,90.875,872,299,897,3746,5.770211510615244,46.16169208492195
727,90.875,910,373,916,2227,0.0,0.0
727,90.875,911,879,216,1389,0.0,0.0
727,90.875,912,889,170,3350,0.0,0.0
727,90.875,871,20,696,2826,24.402214441453797,195.21771553163038
728,91.0,812,715,255,109775,14.755559389922604,118.04447511938083
728,91.0,903,128,339,74658,15.645095018441024,125.1607601475282
728,91.0,738,580,757,50701,41.273736202485686,330.1898896198855
728,91.0,897,762,762,45670,26.590716101012287,212.7257288080983
728,91.0,913,445,271,47596,0.0,0.0
728,91.0,894,736,548,24563,25.781553849780867,206.25243079824693
728,91.0,891,402,774,73456,13.139700808374876,105.117606466999
728,91.0,914,758,640,7061,0.0,0.0
728,91.0,855,207,540,43956,20.454319857893122,163.63455886314497
728,91.0,882,423,495,43204,29.20929062657727,233.67432501261817
728,91.0,915,149,760,69283,0.0,0.0
728,91.0,916,288,260,18351,0.0,0.0
728,91.0,917,866,499,35481,0.0,0.0
728,91.0,906,612,493,25115,34.878287843780235,279.0263027502419
728,91.0,810,283,115,33140,39.247651377133224,313.9812110170658
728,91.0,908,492,72,21573,3.321172380530387,26.569379044243096
728,91.0,749,590,104,3159,42.008554134247184,336.0684330739775
728,91.0,836,37,569,6885,13.647513016427538,109.18010413142031
728,91.0,839,137,156,5848,32.701615484238296,261.61292387390637
728,91.0,851,896,700,6353,39.147506611058915,313.1800528884713
728,91.0,886,625,59,3029,1.5306370714765296,12.245096571812237
728,91.0,872,298,902,3785,4.433588079836043,35.468704638688344
728,91.0,911,880,217,1350,1.832732262651805,14.66185810121444
728,91.0,912,888,170,3409,0.6722265987395604,5.377812789916483
729,91.125,918,602,273,125088,0.0,0.0
729,91.125,891,416,760,79171,20.470152531541647,163.76122025233317
729,91.125,919,626,757,72407,0.0,0.0
729,91.125,882,413,463,50787,33.47354364565996,267.78834916527967
729,91.125,903,125,310,41873,29.477741114641702,235.82192891713362
729,91.125,920,245,190,63282,0.0,0.0
729,91.125,921,142,556,64597,0.0,0.0
729,91.125,922,211,429,18085,0.0,0.0
729,91.125,841,685,539,22199,11.46005832262378,91.68046658099024
729,91.125,722,832,540,43005,31.19128679957802,249.53029439662416
729,91.125,869,209,808,46837,37.53467517660824,300.2774014128659
729,91.125,837,71,740,19459,32.29355391288318,258.34843130306547
729,91.125,878,814,237,20453,36.792003049355145,294.33602439484116
729,91.125,859,853,738,21326,40.11788923400904,320.94311387207233
729,91.125,908,495,72,22473,3.739704326731553,29.917634613852425
729,91.125,807,889,344,13191,37.23661691682481,297.89293533459846
729,91.125,923,759,693,4983,0.0,0.0
729,91.125,924,793,368,2681,0.0,0.0
729,91.125,925,897,444,3503,0.0,0.0
729,91.125,805,357,80,8745,44.11812691425721,352.9450153140577
729,91.125,886,627,59,3151,1.6355229425247566,13.084183540198053
729,91.125,926,783,850,3472,0.0,0.0
729,91.125,749,599,93,1432,14.293251062945137,114.3460085035611
729,91.125,911,898,232,3307,23.38601545661121,187.0881236528897
729,91.125,912,893,172,3977,5.0054928737775155,40.043942990220124
730,91.25,840,496,302,99464,28.299520671431328,226.39616537145062
730,91.25,891,417,755,80533,4.9598762283506375,39.6790098268051
730,91.25,927,429,513,35062,0.0,0.0
730,91.25,919,615,755,58768,11.417523333531538,91.3401866682523
730,91.25,876,687,381,21248,44.08156126094968,352.6524900875974
730,91.25,922,172,448,64691,43.41851592855841,347.3481274284673
730,91.25,898,213,671,36166,31.37324987842381,250.98599902739048
730,91.25,841,696,542,19142,12.090139467076876,96.721115736615
730,91.25,928,793,492,16703,0.0,0.0
730,91.25,929,853,605,30502,0.0,0.0
730,91.25,832,183,836,34295,24.809248011599504,198.47398409279603
730,91.25,810,276,142,28110,28.676620882292013,229.4129670583361
730,91.25,877,699,138,21275,19.1979560151291,153.5836481210328
730,91.25,812,729,253,10111,14.5650141042313,116.5201128338504
730,91.25,878,849,250,38174,37.39782034706208,299.18256277649664
730,91.25,930,171,203,19290,0.0,0.0
730,91.25,890,69,608,18417,44.46076640133292,355.68613121066335
730,91.25,852,268,307,11085,3.702195754669743,29.617566037357943
730,91.25,908,500,73,22923,4.630659003441275,37.0452720275302
730,91.25,763,64,268,19040,31.95343334649429,255.62746677195432
730,91.25,837,40,763,10162,38.978480643458184,311.82784514766547
730,91.25,821,508,910,4075,6.933848698785913,55.4707895902873
730,91.25,805,357,55,6192,25.171809967276673,201.37447973821338
730,91.25,931,371,121,2920,0.0,0.0
730,91.25,932,738,814,7793,0.0,0.0
730,91.25,859,848,781,3695,42.67099859222608,341.3679887378086
730,91.25,897,803,747,5300,43.49971712306169,347.99773698449354
730,91.25,933,893,776,2920,0.0,0.0
730,91.25,851,905,715,4486,17.536164868359027,140.2893189468722
730,91.25,923,746,706,4685,19.06874944435712,152.54999555485696
730,91.25,925,881,423,8138,26.180531392317295,209.44425113853836
730,91.25,886,624,62,3718,3.5669964837774946,28.535971870219957
730,91.25,924,786,377,2517,11.298081429804135,90.38465143843308
730,91.25,934,71,151,3957,0.0,0.0
730,91.25,926,782,867,2560,16.729571933250842,133.83657546600674
730,91.25,935,812,827,1894,0.0,0.0
731,91.375,891,406,756,81508,10.8378004170634,86.7024033365072
731,91.375,936,665,744,99644,0.0,0.0
731,91.375,927,442,485,46218,30.925991562203404,247.40793249762723
731,91.375,913,420,278,56807,25.941774242663207,207.53419394130566
731,91.375,937,127,706,88296,0.0,0.0
731,91.375,918,619,291,21952,24.311426289715588,194.4914103177247
731,91.375,877,702,131,33606,7.937425126538988,63.49940101231191
731,91.375,938,605,188,8885,0.0,0.0
731,91.375,876,666,406,28403,33.274072792317206,266.19258233853765
731,91.375,939,271,528,21287,0.0,0.0
731,91.375,894,768,542,34209,32.25759788043821,258.0607830435057
731,91.375,940,233,365,20786,0.0,0.0
731,91.375,930,147,205,32314,24.35396228191146,194.83169825529168
731,91.375,941,128,415,19666,0.0,0.0
731,91.375,810,274,131,21310,11.362226102521198,90.89780882016959
731,91.375,855,186,546,6580,21.0436687746421,168.3493501971368
731,91.375,929,884,586,14006,36.27001965694896,290.1601572555917
731,91.375,908,499,80,25413,6.30733238938575,50.458659115086
731,91.375,878,831,238,24618,21.500438794838132,172.00351035870506
731,91.375,851,883,704,9434,24.298405070747037,194.3872405659763
731,91.375,872,269,877,7860,38.32158469408463,306.572677552677
731,91.375,763,41,239,7641,36.724615391590255,293.79692313272204
731,91.375,821,508,913,3953,2.435425828795574,19.48340663036459
731,91.375,805,352,76,11058,21.172321115529687,169.3785689242375
731,91.375,807,888,330,8913,14.216170076584179,113.72936061267343
731,91.375,924,804,397,6697,27.013888231986158,216.11110585588926
731,91.375,900,39,330,5472,38.345809449383715,306.7664755950697
731,91.375,925,877,406,2290,17.740187254902537,141.9214980392203
731,91.375,942,899,457,5292,0.0,0.0
731,91.375,943,38,401,3296,0.0,0.0
731,91.375,933,902,783,1777,11.903789169420918,95.23031335536734
731,91.375,944,21,453,1949,0.0,0.0
731,91.375,911,913,251,1988,24.442936381967733,195.54349105574187
732,91.5,906,640,518,51671,37.698891781760075,301.5911342540806
732,91.5,945,512,259,66280,0.0,0.0
732,91.5,882,410,475,49573,12.617033656756856,100.93626925405485
732,91.5,946,512,567,16116,0.0,0.0
732,91.5,947,321,734,36076,0.0,0.0
732,91.5,929,862,601,40973,26.75626354522276,214.0501083617821
732,91.5,928,778,493,20680,15.486235022981022,123.88988018384818
732,91.5,948,455,743,25064,0.0,0.0
732,91.5,949,600,819,38123,0.0,0.0
732,91.5,950,83,675,41881,0.0,0.0
732,91.5,951,159,253,28944,0.0,0.0
732,91.5,832,171,813,28376,26.32457647649301,210.5966118119441
732,91.5,952,657,699,12636,0.0,0.0
732,91.5,810,276,125,34772,6.368412219387843,50.947297755102745
732,91.5,953,231,575,19474,0.0,0.0
732,91.5,922,171,470,16664,22.02327073084828,176.18616584678625
732,91.5,908,474,84,28673,25.333902020265974,202.6712161621278
732,91.5,763,53,240,19940,12.119414406629518,96.95531525303615
732,91.5,954,261,427,9265,0.0,0.0
732,91.5,878,807,275,16006,44.343756546503286,354.7500523720263
732,91.5,852,268,342,10941,34.99686978761118,279.97495830088945
732,91.5,916,319,259,7234,31.256405577427056,250.05124461941645
732,91.5,955,727,333,12961,0.0,0.0
732,91.5,956,846,173,14757,0.0,0.0
732,91.5,859,837,781,12142,11.006200870267087,88.04960696213669
732,91.5,957,433,905,10169,0.0,0.0
732,91.5,958,757,759,7629,0.0,0.0
732,91.5,877,712,148,21866,19.533808887688004,156.27047110150403
732,91.5,872,275,881,8846,7.13472206716611,57.07777653732888
732,91.5,959,85,395,9954,0.0,0.0
732,91.5,960,49,492,8776,0.0,0.0
732,91.5,886,624,61,6815,0.39782518479982687,3.182601478398615
732,91.5,821,507,913,4184,0.5377967241956497,4.302373793565198
732,91.5,932,739,840,5159,26.209364631019536,209.6749170481563
732,91.5,925,892,377,7840,32.42636318878437,259.410905510275
732,91.5,924,837,374,2849,39.747086663037834,317.97669330430267
732,91.5,749,625,125,2701,41.2429165758393,329.9433326067144
732,91.5,910,362,925,2290,14.037293144875296,112.29834515900237
732,91.5,911,909,280,4634,29.492194117823537,235.9375529425883
732,91.5,909,338,894,1910,9.0533117882337,72.4264943058696
732,91.5,926,793,866,1796,10.94178958272961,87.53431666183688
733,91.625,961,421,601,88566,0.0,0.0
733,91.625,919,611,745,62108,10.608654273542417,84.86923418833933
733,91.625,962,294,667,15924,0.0,0.0
733,91.625,963,197,618,37935,0.0,0.0
733,91.625,964,497,395,23213,0.0,0.0
733,91.625,841,705,543,19787,8.853470399709506,70.82776319767605
733,91.625,876,681,395,18010,18.81109418045194,150.4887534436155
733,91.625,965,601,377,18171,0.0,0.0
733,91.625,722,834,547,38115,7.692835247275224,61.54268197820179
733,91.625,913,441,247,38519,37.55355184571482,300.42841476571857
733,91.625,832,127,810,37681,43.2710229099815,346.168183279852
733,91.625,810,242,129,21302,34.211071579748804,273.68857263799043
733,91.625,957,411,884,21255,30.345155497175238,242.7612439774019
733,91.625,916,305,231,12369,30.636667664807753,245.09334131846202
733,91.625,930,152,196,14479,10.075525915229514,80.60420732183611
733,91.625,908,493,81,24806,19.396393357834636,155.1711468626771
733,91.625,872,289,865,15701,21.877022711652142,175.01618169321713
733,91.625,941,107,429,21886,24.820615013092844,198.56492010474275
733,91.625,903,83,317,13497,43.00935608004155,344.0748486403324
733,91.625,897,810,757,17572,12.0762832226014,96.6102657808112
733,91.625,940,246,361,16534,13.249920447729739,105.99936358183791
733,91.625,836,59,576,22144,22.907375349863006,183.25900279890405
733,91.625,763,60,197,11739,43.5241087036682,348.1928696293456
733,91.625,955,742,315,8846,23.395708865474464,187.16567092379572
733,91.625,956,833,196,22332,26.048184243339577,208.38547394671662
733,91.625,877,711,151,23354,3.472549448461893,27.780395587695143
733,91.625,932,726,811,13141,32.3165965868694,258.5327726949552
733,91.625,966,178,304,5856,0.0,0.0
733,91.625,967,834,319,5652,0.0,0.0
733,91.625,807,897,328,10463,8.700848819999262,69.6067905599941
733,91.625,886,624,82,9226,20.645149370116247,165.16119496092998
733,91.625,968,797,346,4000,0.0,0.0
733,91.625,851,884,708,7214,4.001659105198219,32.01327284158575
733,91.625,969,47,704,4067,0.0,0.0
733,91.625,954,265,458,3867,31.480714873225555,251.84571898580444
733,91.625,970,624,224,4489,0.0,0.0
733,91.625,938,589,172,6517,22.8289771425698,182.6318171405584
733,91.625,942,897,442,6560,14.881860824259222,119.05488659407378
733,91.625,821,508,917,3891,4.105275450186013,32.8422036014881
733,91.625,805,348,78,10655,4.901200597934307,39.209604783474454
733,91.625,971,336,359,1663,0.0,0.0
733,91.625,933,900,792,2697,8.672968999090974,69.3837519927278
733,91.625,926,793,867,1867,2.0768838756584804,16.615071005267843
734,91.75,927,423,497,73871,22.998604819441198,183.98883855552958
734,91.75,891,426,762,32956,21.132126683001044,169.05701346400835
734,91.75,949,630,801,58620,35.87018416850299,286.9614733480239
734,91.75,972,424,654,8823,0.0,0.0
734,91.75,973,476,203,87740,0.0,0.0
734,91.75,832,134,785,55347,26.281382340845088,210.2510587267607
734,91.75,974,648,611,24540,0.0,0.0
734,91.75,975,746,390,36894,0.0,0.0
734,91.75,976,609,423,19948,0.0,0.0
734,91.75,953,216,577,19572,15.295399506356555,122.36319605085244
734,91.75,922,204,461,16765,34.31606164732935,274.5284931786348
734,91.75,722,863,547,28325,28.833268567234757,230.66614853787806
734,91.75,977,108,245,44633,0.0,0.0
734,91.75,978,661,181,22081,0.0,0.0
734,91.75,890,76,603,17251,9.227962518713797,73.82370014971038
734,91.75,941,77,441,22958,33.01407447662554,264.1125958130043
734,91.75,947,305,776,8803,44.93940264059828,359.51522112478625
734,91.75,841,734,560,7605,32.83846402566545,262.7077122053236
734,91.75,916,301,219,10741,13.607556955874887,108.8604556469991
734,91.75,979,779,591,5883,0.0,0.0
734,91.75,920,264,160,7621,35.169552002662854,281.35641602130283
734,91.75,810,206,147,7077,40.20060387225302,321.60483097802415
734,91.75,872,302,882,9888,21.596601577735242,172.77281262188194
734,91.75,852,249,339,12867,19.327398475130764,154.6191878010461
734,91.75,957,439,913,15853,40.28017516580129,322.2414013264103
734,91.75,962,267,697,9704,41.195752546017175,329.5660203681374
734,91.75,980,749,111,14178,0.0,0.0
734,91.75,851,879,699,10553,10.71342690393853,85.70741523150824
734,91.75,897,784,736,7786,33.26129338780624,266.0903471024499
734,91.75,859,850,791,10800,17.09704636644967,136.77637093159737
734,91.75,886,625,60,6791,21.916579442934093,175.33263554347275
734,91.75,912,880,197,12761,28.27265787524433,226.18126300195465
734,91.75,981,263,75,5155,0.0,0.0
734,91.75,925,889,359,11516,17.83892243161422,142.71137945291375
734,91.75,805,336,59,7418,22.43414092304858,179.47312738438865
734,91.75,878,802,244,11230,31.415955689486683,251.32764551589347
734,91.75,926,793,868,1761,0.3497635327628713,2.7981082621029705
734,91.75,982,206,63,1084,0.0,0.0
734,91.75,983,19,172,1303,0.0,0.0
735,91.875,984,532,721,124685,0.0,0.0
735,91.875,927,427,489,63893,8.796108255767365,70.36886604613892
735,91.875,985,542,357,29194,0.0,0.0
735,91.875,973,493,211,36953,19.476181259442463,155.8094500755397
735,91.875,876,689,372,25424,24.30006708680353,194.40053669442824
735,91.875,832,133,795,51718,10.242965642281787,81.9437251382543
735,91.875,977,103,271,55433,26.067562700185952,208.54050160148762
735,91.875,841,749,585,17764,29.578400249893008,236.62720199914406
735,91.875,890,82,611,20578,10.453244897712493,83.62595918169994
735,91.875,922,168,466,25769,36.49632283462869,291.97058267702954
735,91.875,971,313,330,14499,37.24134145930795,297.9307316744636
735,91.875,986,359,253,11446,0.0,0.0
735,91.875,908,493,67,20379,13.236889382804764,105.89511506243811
735,91.875,947,305,777,8862,1.6376717570767483,13.101374056613986
735,91.875,877,709,148,23087,3.7004046857293496,29.603237485834796
735,91.875,953,181,585,9113,35.999091901667846,287.99273521334277
735,91.875,924,837,396,30036,21.96545474804043,175.72363798432343
735,91.875,722,884,571,15846,32.33856838945474,258.70854711563794
735,91.875,987,813,560,6776,0.0,0.0
735,91.875,956,836,221,31359,24.645742688411794,197.16594150729435
735,91.875,932,742,820,15912,19.656160401902422,157.24928321521938
735,91.875,938,622,166,6701,33.63615417444102,269.08923339552814
735,91.875,810,207,154,8071,7.178853307258216,57.43082645806573
735,91.875,920,278,125,16030,37.887899400003455,303.10319520002764
735,91.875,988,251,214,3667,0.0,0.0
735,91.875,962,261,699,10827,5.6893436651648726,45.51474932131898
735,91.875,872,304,885,10267,3.6594031453232048,29.275225162585638
735,91.875,940,221,350,6576,27.274516075780802,218.19612860624642
735,91.875,851,888,699,9297,8.330486981494708,66.64389585195767
735,91.875,957,423,912,12557,15.280997112306098,122.24797689844878
735,91.875,989,251,602,5566,0.0,0.0
735,91.875,897,812,721,8561,31.615469316745983,252.92375453396787
735,91.875,886,626,62,6768,1.8280094572228744,14.624075657782996
735,91.875,821,509,919,4270,1.8677200129688374,14.941760103750699
735,91.875,931,368,83,7273,37.857926614356636,302.8634129148531
735,91.875,805,318,62,3891,18.024836383226905,144.19869106581524
735,91.875,859,852,804,9081,12.462133646164558,99.69706916931646
735,91.875,960,33,483,4626,18.93931476321457,151.51451810571655
736,92.0,882,393,514,72066,42.705921287687026,341.6473703014962
736,92.0,948,455,719,60107,24.626281417337115,197.01025133869692
736,92.0,949,652,793,64699,22.85662066901448,182.85296535211583
736,92.0,964,523,391,23655,26.458142721902636,211.6651417752211
736,92.0,990,668,462,26583,0.0,0.0
736,92.0,955,736,351,34862,36.23249664608553,289.85997316868423
736,92.0,971,298,347,13168,22.555769893271137,180.4461591461691
736,92.0,986,330,265,16989,31.584610161242114,252.67688128993692
736,92.0,832,137,801,49487,7.02682844046584,56.21462752372672
736,92.0,945,541,238,21514,35.83410027918778,286.67280223350224
736,92.0,913,437,214,17732,33.79595057917357,270.36760463338857
736,92.0,841,740,602,18801,19.508732040020927,156.06985632016742
736,92.0,890,93,604,30611,13.107923320862449,104.86338656689959
736,92.0,941,105,442,28090,28.046658968820335,224.37327175056268
736,92.0,930,123,187,19870,30.333962707375928,242.67170165900743
736,92.0,920,289,114,27284,15.48083979082497,123.84671832659976
736,92.0,966,153,296,8713,26.17242993101285,209.3794394481028
736,92.0,962,252,666,16182,34.18408177180148,273.47265417441184
736,92.0,877,710,147,23463,0.7239764577575327,5.791811662060262
736,92.0,956,837,214,28654,7.072736418846582,56.58189135077266
736,92.0,722,855,563,18727,30.774057806329534,246.19246245063627
736,92.0,903,63,318,11129,20.051714206221547,160.41371364977238
736,92.0,938,621,166,6877,0.7930851442170971,6.344681153736777
736,92.0,810,200,146,6290,10.130190858866206,81.04152687092964
736,92.0,908,492,73,23318,6.1161856084677195,48.929484867741756
736,92.0,940,201,346,5648,19.857236301319002,158.85789041055202
736,92.0,872,306,885,10025,2.116875113017245,16.93500090413796
736,92.0,947,292,799,5057,25.08847813805047,200.70782510440375
736,92.0,957,424,914,12499,1.7986598196489045,14.389278557191236
736,92.0,953,203,585,3918,22.478210439912406,179.82568351929925
736,92.0,925,890,399,17032,40.058710974543715,320.4696877963497
736,92.0,851,887,683,10416,15.768514506949105,126.14811605559284
736,92.0,897,815,720,8905,2.570723652389645,20.56578921911716
736,92.0,991,214,482,3526,0.0,0.0
736,92.0,886,626,61,6779,0.4758789648080638,3.8070317184645104
736,92.0,821,510,920,4313,1.9410052384558176,15.528041907646541
736,92.0,859,852,803,9289,0.8946991914653684,7.157593531722947
736,92.0,931,371,123,3828,39.82244825755311,318.5795860604249
736,92.0,763,39,229,3115,38.09445964164686,304.75567713317486
736,92.0,983,20,177,1679,5.119862356580882,40.95889885264705
737,92.125,992,647,314,135716,0.0,0.0
737,92.125,891,429,755,102623,7.7062881219597985,61.65030497567839
737,92.125,882,377,484,62029,33.990610030281985,271.9248802422559
737,92.125,949,651,787,67584,6.093092853363591,48.74474282690873
737,92.125,993,311,159,49581,0.0,0.0
737,92.125,994,450,149,27464,0.0,0.0
737,92.125,971,307,339,16307,11.947119864559518,95.57695891647614
737,92.125,995,111,556,56130,0.0,0.0
737,92.125,977,76,249,32056,34.648829796025716,277.1906383682057
737,92.125,996,170,839,30666,0.0,0.0
737,92.125,987,820,571,25229,12.053492217083559,96.42793773666847
737,92.125,940,191,349,11426,10.37266555204354,82.98132441634831
737,92.125,810,178,170,14029,32.589984598281745,260.71987678625396
737,92.125,959,58,397,9375,26.88286883606445,215.0629506885156
737,92.125,878,822,262,18370,26.17895667790703,209.43165342325625
737,92.125,841,711,586,6603,32.69090229865833,261.52721838926664
737,92.125,997,544,70,10138,0.0,0.0
737,92.125,925,887,410,18989,10.914447320912839,87.31557856730271
737,92.125,859,853,769,15485,33.95014627887207,271.60117023097655
737,92.125,998,182,711,5265,0.0,0.0
737,92.125,912,882,187,10393,9.981103299928312,79.8488263994265
737,92.125,989,249,602,5077,2.395768352142784,19.166146817142273
737,92.125,962,263,698,10303,33.77903670968676,270.23229367749406
737,92.125,886,627,62,6979,1.347449982117007,10.779599856936056
737,92.125,851,890,670,7633,12.749101544067068,101.99281235253655
737,92.125,999,38,771,9250,0.0,0.0
737,92.125,1000,90,742,4302,0.0,0.0
737,92.125,1001,907,592,3143,0.0,0.0
737,92.125,897,780,693,2023,43.814333015036745,350.51466412029396
737,92.125,926,794,871,2051,3.153400989612164,25.227207916897314
737,92.125,1002,803,830,1009,0.0,0.0
737,92.125,910,355,949,998,24.979141408183246,199.83313126546597
738,92.25,1003,471,828,100987,0.0,0.0
738,92.25,1004,473,660,26227,0.0,0.0
738,92.25,961,451,583,20797,34.64270891508815,277.1416713207052
738,92.25,927,435,488,23514,8.181328922600047,65.45063138080037
738,92.25,965,588,387,88582,16.26067504373834,130.0854003499067
738,92.25,1005,371,218,39615,0.0,0.0
738,92.25,1006,268,389,41967,0.0,0.0
738,92.25,832,142,800,51785,5.340655642544375,42.725245140355
738,92.25,1007,769,309,32764,0.0,0.0
738,92.25,941,105,424,24806,18.290238679583478,146.32190943666782
738,92.25,841,726,583,9939,15.552221659539512,124.4177732763161
738,92.25,908,461,86,14902,33.17823778524522,265.4259022819618
738,92.25,890,75,619,22481,24.019923156815803,192.15938525452643
738,92.25,722,869,587,24360,27.992282533585705,223.93826026868564
738,92.25,960,61,518,7363,44.862177381430584,358.8974190514447
738,92.25,810,187,186,16233,17.865901507690833,142.92721206152666
738,92.25,979,792,606,5961,19.887195451664,159.097563613312
738,92.25,1008,74,200,21349,0.0,0.0
738,92.25,932,741,801,18801,19.821370573611485,158.57096458889188
738,92.25,962,257,704,10905,8.403845620768424,67.23076496614739
738,92.25,877,715,133,19713,14.997654671212848,119.98123736970278
738,92.25,1009,697,664,10960,0.0,0.0
738,92.25,997,549,70,10686,4.431055142291526,35.44844113833221
738,92.25,924,837,438,10565,42.19194876439343,337.53559011514744
738,92.25,981,286,88,20617,26.146447971251355,209.17158377001084
738,92.25,953,211,586,14021,7.859106976745587,62.8728558139647
738,92.25,1010,288,558,6443,0.0,0.0
738,92.25,859,866,764,14378,13.660584226695887,109.2846738135671
738,92.25,938,627,144,5190,23.194380512841892,185.55504410273514
738,92.25,912,850,166,12459,38.543180573441134,308.3454445875291
738,92.25,903,64,316,8287,1.9501008148156158,15.600806518524927
738,92.25,1011,583,182,7140,0.0,0.0
738,92.25,886,631,61,5977,4.6254654852698165,37.00372388215853
738,92.25,807,888,327,10087,8.499685206388826,67.9974816511106
738,92.25,942,910,450,4427,15.44856138851261,123.58849110810088
738,92.25,897,791,720,3068,28.893226979345876,231.145815834767
738,92.25,966,149,298,2501,4.1192493376476556,32.953994701181244
738,92.25,1012,906,239,3037,0.0,0.0
738,92.25,1002,813,834,1777,11.020942799593753,88.16754239675002
738,92.25,1013,690,886,2192,0.0,0.0
739,92.375,891,464,767,124826,36.954464150498026,295.6357132039842
739,92.375,876,668,392,68249,28.540592444878822,228.32473955903058
739,92.375,1014,510,323,21075,0.0,0.0
739,92.375,927,429,464,42731,24.18508112632893,193.48064901063145
739,92.375,993,317,156,47632,6.634432265612079,53.075458124896635
739,92.375,1015,704,758,44152,0.0,0.0
739,92.375,994,456,140,28360,10.160216115042152,81.28172892033722
739,92.375,995,93,534,54376,28.34823635293668,226.78589082349345
739,92.375,877,693,134,34831,21.331924452942754,170.65539562354203
739,92.375,1011,599,185,9434,15.740510827860227,125.92408662288182
739,92.375,852,273,334,18132,24.56196830059531,196.49574640476249
739,92.375,1016,266,451,16648,0.0,0.0
739,92.375,1017,351,603,11258,0.0,0.0
739,92.375,832,122,769,37469,36.51148950823873,292.09191606590986
739,92.375,989,258,602,14687,8.993239364842866,71.94591491874293
739,92.375,979,775,581,16558,30.198515013405665,241.58812010724532
739,92.375,930,114,176,17243,14.2567748705468,114.0541989643744
739,92.375,997,543,69,10447,5.358195914631593,42.865567317052744
739,92.375,859,854,726,30603,39.948944501502126,319.591556012017
739,92.375,1018,862,491,24896,0.0,0.0
739,92.375,962,248,711,6153,11.712952949067468,93.70362359253974
739,92.375,807,854,313,16343,37.22939988924156,297.8351991139325
739,92.375,1019,223,880,12961,0.0,0.0
739,92.375,763,44,244,11129,16.331321369187176,130.6505709534974
739,92.375,1012,892,234,6302,14.815171413313827,118.52137130651062
739,92.375,912,835,164,11121,14.924147717651545,119.39318174121236
739,92.375,810,198,145,6200,42.70520861156462,341.641668892517
739,92.375,966,181,267,9023,44.685392680720966,357.4831414457677
739,92.375,1020,169,388,7136,0.0,0.0
739,92.375,1021,102,344,7527,0.0,0.0
739,92.375,925,901,398,2908,17.919786293749098,143.35829034999279
739,92.375,1022,45,847,3429,0.0,0.0
739,92.375,1023,635,900,3726,0.0,0.0
739,92.375,1024,913,165,1969,0.0,0.0
739,92.375,980,782,102,1534,33.75865084016613,270.06920672132907
740,92.5,949,673,773,64715,26.602461688998332,212.81969351198666
740,92.5,995,99,536,55649,5.914280973533574,47.314247788268595
740,92.5,920,305,111,33477,16.721611603941795,133.77289283153436
740,92.5,1000,67,739,15783,23.45231735033466,187.61853880267728
740,92.5,913,465,220,11524,29.131871107732966,233.05496886186373
740,92.5,994,442,149,9700,15.684163062824016,125.47330450259213
740,92.5,1011,616,214,32737,33.75319641836628,270.02557134693023
740,92.5,832,143,803,21181,39.0576149024572,312.4609192196576
740,92.5,947,303,773,10549,27.71302521494432,221.70420171955456
740,92.5,872,314,877,12346,10.581968137322697,84.65574509858158
740,92.5,1025,701,501,22156,0.0,0.0
740,92.5,1008,86,197,23448,12.699286270033326,101.59429016026661
740,92.5,997,502,68,20257,41.375410851053275,331.0032868084262
740,92.5,859,856,743,25550,17.30822934841757,138.46583478734055
740,92.5,1007,738,300,25377,32.18611485266446,257.4889188213157
740,92.5,962,242,681,12048,30.622322791545496,244.97858233236397
740,92.5,810,189,171,11379,27.96645022299646,223.73160178397168
740,92.5,957,464,910,16030,39.5373573392324,316.2988587138592
740,92.5,1019,215,871,12440,12.018501037727994,96.14800830182395
740,92.5,877,730,110,13458,44.26730518864669,354.1384415091735
740,92.5,940,170,358,11908,23.268078395940748,186.14462716752598
740,92.5,925,869,392,12405,32.56617485622614,260.5293988498091
740,92.5,1021,115,383,4497,41.10108212175745,328.8086569740596
740,92.5,910,372,920,4474,33.56877068051667,268.55016544413337
740,92.5,886,627,61,6960,4.509794957571064,36.07835966056851
740,92.5,912,846,174,15039,14.659978751561695,117.27983001249356
740,92.5,1026,746,414,3346,0.0,0.0
740,92.5,1001,893,610,7265,22.838993887713798,182.71195110171038
740,92.5,1027,576,907,7672,0.0,0.0
740,92.5,1018,891,512,8823,35.78510233907071,286.2808187125657
740,92.5,841,740,613,4411,32.58208335935579,260.65666687484634
740,92.5,987,810,605,5777,35.215905191220855,281.72724152976684
740,92.5,807,826,319,2466,28.631141911420926,229.0491352913674
740,92.5,903,60,314,5562,4.479671495254998,35.83737196203998
740,92.5,1028,801,539,3037,0.0,0.0
740,92.5,1029,818,482,5781,0.0,0.0
740,92.5,1030,903,325,2779,0.0,0.0
740,92.5,1031,879,276,5370,0.0,0.0
740,92.5,924,796,421,1969,44.835058947178,358.680471577424
740,92.5,1022,39,847,2794,6.366990939057271,50.93592751245817
740,92.5,1012,915,224,2270,25.47924890770672,203.83399126165375
741,92.625,1032,340,684,68285,0.0,0.0
741,92.625,1033,583,514,22770,0.0,0.0
741,92.625,1034,522,436,17615,0.0,0.0
741,92.625,927,409,460,32400,21.052810139477966,168.42248111582373
741,92.625,1035,223,542,16531,0.0,0.0
741,92.625,1036,538,652,13137,0.0,0.0
741,92.625,1025,691,485,17349,19.491489892064514,155.93191913651611
741,92.625,1037,614,723,25655,0.0,0.0
741,92.625,852,232,348,20081,43.738155812267486,349.9052464981399
741,92.625,960,89,506,26517,30.24750018241405,241.9800014593124
741,92.625,1038,378,281,27057,0.0,0.0
741,92.625,955,721,334,29171,22.234588823384463,177.8767105870757
741,92.625,1000,58,755,19110,18.663208611534973,149.30566889227978
741,92.625,1016,255,445,9625,12.995586881075182,103.96469504860146
741,92.625,1008,84,222,32995,25.131672059627796,201.05337647702237
741,92.625,890,67,623,14186,8.807774639973283,70.46219711978627
741,92.625,957,461,880,29965,30.65926772706195,245.2741418164956
741,92.625,810,215,195,16397,35.211454895125314,281.6916391610025
741,92.625,832,163,765,16022,42.729797932999695,341.83838346399756
741,92.625,1021,112,373,14143,9.609051532261995,76.87241225809596
741,92.625,1039,240,90,10725,0.0,0.0
741,92.625,920,334,115,17869,29.08838384637592,232.70707077100735
741,92.625,872,270,881,24364,43.434534103287255,347.47627282629804
741,92.625,979,781,564,28544,18.498184978784167,147.98547983027333
741,92.625,1040,685,100,26857,0.0,0.0
741,92.625,913,461,194,11864,26.403044983012744,211.22435986410196
741,92.625,945,562,214,13105,30.899962298272673,247.19969838618138
741,92.625,859,871,735,20797,17.58189643117765,140.6551714494212
741,92.625,1015,737,738,18453,38.72927081456459,309.83416651651675
741,92.625,997,480,71,26454,22.095534209242,176.764273673936
741,92.625,1041,562,313,8913,0.0,0.0
741,92.625,1011,657,211,8850,41.762364928138474,334.0989194251078
741,92.625,1027,575,886,10674,20.81012062415121,166.48096499320968
741,92.625,1042,778,222,11168,0.0,0.0
741,92.625,925,862,391,13693,6.899699272281362,55.197594178250895
741,92.625,1012,891,238,17509,28.010655422409712,224.0852433792777
741,92.625,1043,117,866,7891,0.0,0.0
741,92.625,1018,882,501,9516,14.563674924785726,116.50939939828581
741,92.625,1013,676,863,11900,27.451493532166552,219.61194825733241
741,92.625,912,820,145,5863,39.138022964329465,313.1041837146357
741,92.625,1001,894,622,3566,12.727481128598635,101.81984902878908
741,92.625,1002,819,829,4086,7.9118483106401625,63.2947864851213
741,92.625,722,908,570,2736,43.539245871927974,348.3139669754238
741,92.625,926,767,863,4713,27.845671023756307,222.76536819005045
742,92.75,927,386,427,37540,39.44959585556624,315.5967668445299
742,92.75,1034,534,455,31613,23.007632686026845,184.06106148821476
742,92.75,1044,433,802,63826,0.0,0.0
742,92.75,945,556,220,14311,8.068935758795442,64.55148607036354
742,92.75,913,455,218,12017,24.515289377422132,196.12231501937706
742,92.75,1017,355,596,22547,8.548693088036208,68.38954470428966
742,92.75,908,470,92,32874,10.58379812522984,84.67038500183872
742,92.75,1045,266,160,52595,0.0,0.0
742,92.75,1041,548,313,11731,13.779686134932561,110.23748907946049
742,92.75,1007,718,288,28689,23.326594836507553,186.61275869206042
742,92.75,960,114,475,25244,39.837940499656185,318.7035239972495
742,92.75,1046,125,600,22050,0.0,0.0
742,92.75,1047,609,633,23518,0.0,0.0
742,92.75,1048,547,713,8510,0.0,0.0
742,92.75,1049,113,772,40249,0.0,0.0
742,92.75,925,861,389,17090,2.5831463851614274,20.66517108129142
742,92.75,1040,685,100,26646,0.08588126278339882,0.6870501022671905
742,92.75,1025,695,497,13755,12.25533988363853,98.04271906910824
742,92.75,1038,376,275,7840,6.383191125399581,51.065529003196644
742,92.75,859,850,748,27585,24.78220028210593,198.25760225684743
742,92.75,1050,832,190,15912,0.0,0.0
742,92.75,930,133,192,10271,25.049871102547527,200.39896882038022
742,92.75,1026,758,398,6768,19.926189082181697,159.40951265745358
742,92.75,1011,648,197,7003,17.17016601999185,137.3613281599348
742,92.75,1021,92,345,21439,34.603444001764025,276.8275520141122
742,92.75,1013,669,826,20426,37.014889630382,296.119117043056
742,92.75,1008,57,198,14452,36.08323944339768,288.66591554718144
742,92.75,979,786,574,20320,11.547956194709352,92.38364955767481
742,92.75,1018,862,491,11089,22.20240497400605,177.6192397920484
742,92.75,1051,637,451,7946,0.0,0.0
742,92.75,947,283,769,10256,20.098424666393427,160.78739733114742
742,92.75,852,233,349,11031,1.7654413565195777,14.123530852156621
742,92.75,1015,735,715,12424,23.299941508634696,186.39953206907757
742,92.75,872,254,886,21847,17.42003327300944,139.36026618407553
742,92.75,1031,891,260,9645,20.44949518438136,163.59596147505087
742,92.75,962,237,670,10369,11.613112253123392,92.90489802498713
742,92.75,1035,254,529,8103,34.012839090684736,272.1027127254779
742,92.75,1052,579,812,7637,0.0,0.0
742,92.75,1016,274,456,3456,22.20526989943546,177.64215919548369
742,92.75,1027,577,908,7864,22.357055304070574,178.8564424325646
742,92.75,1053,241,426,2587,0.0,0.0
742,92.75,1054,22,595,4513,0.0,0.0
742,92.75,1001,904,627,3636,10.539888415520092,84.31910732416074
742,92.75,932,756,833,2610,35.383636957890474,283.0690956631238
742,92.75,722,899,565,3953,10.923343557549789,87.38674846039831
742,92.75,926,783,876,3664,19.74137913240565,157.9310330592452
742,92.75,1022,37,848,2900,2.250284447522821,18.00227558018257
742,92.75,841,711,620,1338,29.78267315457125,238.26138523657
742,92.75,959,24,425,1491,43.47237941890434,347.7790353512347
742,92.75,1024,915,165,1941,1.612625860813268,12.901006886506144
743,92.875,949,658,788,61595,21.40417388249513,171.23339105996104
743,92.875,1055,445,493,29840,0.0,0.0
743,92.875,1056,519,386,35074,0.0,0.0
743,92.875,1057,280,286,41243,0.0,0.0
743,92.875,891,425,754,38883,41.29199128721241,330.3359302976993
743,92.875,1036,553,650,26102,14.943096229861213,119.5447698388897
743,92.875,994,473,131,59348,35.313542949027905,282.50834359222324
743,92.875,1039,237,123,28920,32.60152165510723,260.8121732408578
743,92.875,1058,262,839,39200,0.0,0.0
743,92.875,807,828,359,40507,39.40825631949946,315.26605055599566
743,92.875,1017,342,597,19329,13.242206228797873,105.93764983038298
743,92.875,859,855,737,31746,11.241415729238284,89.93132583390627
743,92.875,1011,644,214,13704,17.076210886872293,136.60968709497834
743,92.875,1040,667,95,22042,18.8681280775103,150.9450246200824
743,92.875,1059,92,714,37434,0.0,0.0
743,92.875,1060,215,481,14483,0.0,0.0
743,92.875,979,782,572,21576,4.506723661900057,36.05378929520045
743,92.875,957,446,919,19341,42.37406989982057,338.99255919856455
743,92.875,1042,789,180,23412,42.949527504017034,343.5962200321363
743,92.875,1016,289,495,9778,42.15909375610612,337.27275004884893
743,92.875,959,45,398,5981,33.924690543273854,271.39752434619083
743,92.875,1061,59,499,16852,0.0,0.0
743,92.875,1021,102,346,18825,9.489618556323496,75.91694845058797
743,92.875,930,129,189,10682,4.993712068961165,39.94969655168932
743,92.875,1025,676,508,14624,21.55102560211509,172.40820481692072
743,92.875,1051,630,439,7230,13.463170372428861,107.70536297943089
743,92.875,1046,148,562,13199,44.79921604389283,358.3937283511426
743,92.875,1008,54,199,14131,2.9267355684258813,23.41388454740705
743,92.875,1018,868,496,11876,8.155242547142493,65.24194037713994
743,92.875,1062,424,272,7010,0.0,0.0
743,92.875,962,232,667,11442,6.244128160255602,49.95302528204481
743,92.875,1063,669,327,13266,0.0,0.0
743,92.875,1064,332,418,5441,0.0,0.0
743,92.875,1043,115,867,7973,2.187985992531895,17.50388794025516
743,92.875,1024,897,183,7594,25.260284086793053,202.08227269434443
743,92.875,722,896,582,4572,17.450821432070015,139.60657145656012
743,92.875,926,785,876,3495,1.848339147933222,14.786713183465777
743,92.875,1022,37,848,2994,0.5512831467285355,4.410265173828284
744,93.0,1065,257,222,70445,0.0,0.0
744,93.0,763,85,238,37481,41.55319697769534,332.42557582156275
744,93.0,1066,481,440,64570,0.0,0.0
744,93.0,891,406,745,34432,20.814728842333615,166.51783073866892
744,93.0,994,465,157,71224,27.44456247549697,219.55649980397575
744,93.0,1035,240,552,48281,27.258029943780627,218.06423955024502
744,93.0,1052,614,820,37990,35.43908619990419,283.5126895992335
744,93.0,1048,520,716,12898,27.854120170163426,222.8329613613074
744,93.0,1017,369,588,11692,28.030109408348967,224.24087526679173
744,93.0,957,448,911,24168,8.651932380925318,69.21545904740255
744,93.0,979,767,551,22790,26.040094358440275,208.3207548675222
744,93.0,1059,75,691,29202,28.777661638266565,230.22129310613252
744,93.0,807,855,336,29550,34.782132394814795,278.25705915851836
744,93.0,1040,656,92,19885,11.72916052117406,93.83328416939248
744,93.0,1011,643,213,13375,1.8364978004313237,14.69198240345059
744,93.0,859,854,753,24461,15.611105187066524,124.8888414965322
744,93.0,832,160,776,13442,11.388918213959354,91.11134571167483
744,93.0,960,87,460,30435,31.367116374150434,250.93693099320348
744,93.0,1015,741,697,14014,19.20727335051765,153.6581868041412
744,93.0,1067,646,663,7363,0.0,0.0
744,93.0,1025,665,497,16593,15.84973591891149,126.79788735129192
744,93.0,1068,526,606,7331,0.0,0.0
744,93.0,980,778,141,16159,40.05007191770148,320.40057534161184
744,93.0,947,289,774,6885,8.134276810646677,65.07421448517341
744,93.0,1069,241,735,6772,0.0,0.0
744,93.0,872,253,887,21956,1.3762984059598957,11.010387247679166
744,93.0,722,880,598,13794,22.993282759304286,183.9462620744343
744,93.0,1026,747,382,8674,19.85222543568413,158.81780348547304
744,93.0,1018,865,476,9328,20.253583979918666,162.02867183934933
744,93.0,1063,673,328,12800,4.309460552254925,34.4756844180394
744,93.0,932,732,820,9128,27.108855519266093,216.87084415412875
744,93.0,1047,613,596,5355,37.50175905144867,300.0140724115894
744,93.0,1043,114,868,7860,0.7983149014705371,6.386519211764297
744,93.0,1070,754,240,5378,0.0,0.0
744,93.0,1024,881,184,10224,15.81836577047547,126.54692616380376
744,93.0,1051,641,410,3601,31.67765750563692,253.42126004509535
744,93.0,926,783,876,3945,1.3668502326552776,10.93480186124222
744,93.0,1022,36,849,3041,0.5156958561153949,4.125566848923159
744,93.0,1054,29,565,1969,30.154011085469136,241.2320886837531
745,93.125,1071,426,127,35391,0.0,0.0
745,93.125,1065,283,231,15137,28.027174145817057,224.21739316653645
745,93.125,763,98,226,36687,17.60363682331406,140.82909458651247
745,93.125,1072,310,830,36824,0.0,0.0
745,93.125,1039,242,117,28012,8.194653374222208,65.55722699377766
745,93.125,1073,716,752,35504,0.0,0.0
745,93.125,1074,222,606,33567,0.0,0.0
745,93.125,1075,392,678,26775,0.0,0.0
745,93.125,852,259,357,25009,26.864523908592627,214.91619126874102
745,93.125,1076,679,445,30670,0.0,0.0
745,93.125,979,780,537,22406,20.035219809938162,160.2817584795053
745,93.125,1018,871,458,16323,18.786801420272926,150.2944113621834
745,93.125,807,834,319,28192,26.834836424671238,214.6786913973699
745,93.125,1077,364,481,23248,0.0,0.0
745,93.125,1059,81,682,44171,10.093856098610152,80.75084878888121
745,93.125,1038,375,239,7406,36.40934785359255,291.2747828287404
745,93.125,959,65,398,20007,20.39099793046919,163.12798344375352
745,93.125,1078,532,77,11610,0.0,0.0
745,93.125,1040,645,110,16296,20.729689728070504,165.83751782456403
745,93.125,1041,554,307,21557,7.842735877314229,62.74188701851383
745,93.125,859,856,745,26309,8.193820574288509,65.55056459430807
745,93.125,957,452,908,22332,5.208138639300541,41.66510911440433
745,93.125,1079,574,157,10753,0.0,0.0
745,93.125,1068,509,578,13912,32.989024538718105,263.91219630974484
745,93.125,1052,590,847,27808,36.58748059343657,292.69984474749253
745,93.125,877,725,103,10898,8.358556398612459,66.86845118889967
745,93.125,1080,501,673,6948,0.0,0.0
745,93.125,1016,264,479,6987,30.237608496512934,241.90086797210347
745,93.125,1047,622,626,15117,31.826235296790397,254.60988237432318
745,93.125,1081,433,353,17380,0.0,0.0
745,93.125,1063,657,288,8087,42.90691581886074,343.2553265508859
745,93.125,1019,188,879,10259,28.05013665707967,224.40109325663735
745,93.125,1082,150,464,9618,0.0,0.0
745,93.125,980,790,158,10988,20.354796340036835,162.83837072029468
745,93.125,1055,459,513,4658,24.130327668979206,193.04262135183365
745,93.125,1083,484,798,5574,0.0,0.0
745,93.125,722,887,594,9907,8.343024191865743,66.74419353492594
745,93.125,1084,565,415,4450,0.0,0.0
745,93.125,1034,558,481,8381,35.057894211533075,280.4631536922646
745,93.125,1024,900,183,7386,19.079618958116566,152.63695166493252
745,93.125,1050,849,185,4090,17.761180526035634,142.08944420828507
745,93.125,832,200,783,3765,40.38650783959658,323.09206271677266
745,93.125,1048,557,707,4470,38.67347907543927,309.38783260351414
745,93.125,1043,107,867,7167,7.545478482989076,60.36382786391261
745,93.125,1070,746,239,4204,7.309622488256716,58.47697990605373
745,93.125,1011,677,223,2610,36.54567116963307,292.36536935706454
745,93.125,1066,482,456,2724,15.931747865262944,127.45398292210355
745,93.125,926,785,875,4055,1.6390767937979989,13.112614350383991
745,93.125,1022,36,850,3025,1.310157226944128,10.481257815553024
745,93.125,1061,89,511,1158,32.198383896501504,257.58707117201203
745,93.125,995,79,541,1045,20.006503687704836,160.05202950163869
746,93.25,1048,570,747,64155,41.754556258359585,334.0364500668767
746,93.25,891,393,713,42879,34.21504272154686,273.72034177237487
746,93.25,1025,680,480,25287,21.96880041030507,175.75040328244057
746,93.25,1065,287,227,14863,5.479123323784736,43.83298659027789
746,93.25,913,416,210,29785,39.685469666562675,317.4837573325014
746,93.25,1085,503,530,14472,0.0,0.0
746,93.25,1084,538,429,22582,30.220712483989068,241.76569987191255
746,93.25,979,794,524,25448,18.56520678579211,148.52165428633688
746,93.25,852,244,350,23808,15.825412225424639,126.60329780339711
746,93.25,1039,231,126,24129,14.678336975037064,117.42669580029651
746,93.25,1040,672,124,35340,30.26325607060693,242.10604856485543
746,93.25,1059,78,684,39752,3.651379228936731,29.211033831493847
746,93.25,1086,385,380,19099,0.0,0.0
746,93.25,1050,825,189,28959,24.23933854458588,193.91470835668704
746,93.25,997,494,78,25534,15.217183338690123,121.73746670952099
746,93.25,1077,330,495,25518,36.68768570415134,293.50148563321073
746,93.25,947,297,778,9387,8.273011070181038,66.1840885614483
746,93.25,955,709,337,13109,12.149732960741515,97.19786368593212
746,93.25,925,861,357,27511,31.417553935588856,251.34043148471085
746,93.25,957,449,916,21960,8.76470034795807,70.11760278366457
746,93.25,872,295,889,15352,41.87199983568551,334.97599868548406
746,93.25,1041,556,284,17607,23.939851179572553,191.51880943658043
746,93.25,930,138,195,12503,10.884790253385466,87.07832202708373
746,93.25,1035,201,563,13160,40.52173625152632,324.17389001221056
746,93.25,960,118,468,15172,31.96122798470518,255.68982387764143
746,93.25,959,60,401,9066,5.908030548961567,47.264244391692536
746,93.25,1015,729,693,18547,12.465483602618317,99.72386882094654
746,93.25,1021,79,313,16754,39.74328402112356,317.94627216898846
746,93.25,1069,235,723,9081,12.568268035432133,100.54614428345707
746,93.25,1008,58,181,12119,18.015153171720545,144.12122537376436
746,93.25,1087,163,630,4114,0.0,0.0
746,93.25,832,184,761,6541,27.50215001087954,220.01720008703631
746,93.25,1063,651,280,6607,9.785293225761285,78.28234580609028
746,93.25,1019,189,879,10322,1.1008011676520868,8.806409341216694
746,93.25,1088,262,630,6177,0.0,0.0
746,93.25,932,718,830,13246,16.87834647836911,135.02677182695288
746,93.25,859,823,715,4928,44.05004369659385,352.4003495727508
746,93.25,1089,861,791,14499,0.0,0.0
746,93.25,1079,560,175,4846,22.749352530719303,181.99482024575443
746,93.25,1047,654,607,4157,37.460855845915134,299.6868467673211
746,93.25,722,891,574,12311,20.139980903782824,161.1198472302626
746,93.25,1090,336,58,7719,0.0,0.0
746,93.25,1091,878,678,7488,0.0,0.0
746,93.25,1043,107,868,7652,0.5946866381375886,4.757493105100709
746,93.25,926,785,876,4118,0.5832354051881783,4.665883241505426
746,93.25,1022,35,851,3123,1.558449626327186,12.467597010617489
746,93.25,1092,24,508,3977,0.0,0.0
747,93.375,1093,233,224,128122,0.0,0.0
747,93.375,1015,701,712,46211,33.968128126064705,271.74502500851764
747,93.375,1055,431,534,42668,34.310066776301966,274.4805342104157
747,93.375,1094,756,555,25734,0.0,0.0
747,93.375,994,465,167,37955,10.287733830005578,82.30187064004463
747,93.375,1036,532,647,22402,21.166937799665618,169.33550239732494
747,93.375,1046,149,520,52215,41.18912598469872,329.51300787758976
747,93.375,1095,528,776,14076,0.0,0.0
747,93.375,1076,668,453,25100,13.539276705592243,108.31421364473795
747,93.375,1044,447,811,12777,16.687451010790763,133.4996080863261
747,93.375,1096,608,112,22359,0.0,0.0
747,93.375,1097,332,661,16390,0.0,0.0
747,93.375,1098,166,824,36201,0.0,0.0
747,93.375,1099,740,149,32874,0.0,0.0
747,93.375,1100,360,788,12585,0.0,0.0
747,93.375,1078,535,92,6705,15.545544453537245,124.36435562829796
747,93.375,962,244,664,11109,13.006201014372229,104.04960811497783
747,93.375,1056,501,389,21616,18.322873792647236,146.5829903411779
747,93.375,807,844,309,22575,13.713181840943882,109.70545472755106
747,93.375,955,701,350,8608,15.373961252766549,122.99169002213239
747,93.375,1101,865,742,26153,0.0,0.0
747,93.375,1018,855,436,19087,27.079589555544146,216.63671644435317
747,93.375,872,297,875,19138,14.184547016207206,113.47637612965765
747,93.375,1063,678,285,7680,27.41688540368923,219.33508322951383
747,93.375,1059,72,719,18993,35.19857933873539,281.58863470988314
747,93.375,1041,592,278,13438,35.77029130394284,286.1623304315427
747,93.375,1052,611,874,22915,34.30519386806744,274.44155094453953
747,93.375,957,452,934,16899,18.081577064637425,144.6526165170994
747,93.375,959,67,381,13571,21.089467115912736,168.7157369273019
747,93.375,1016,296,483,6826,31.696614608776358,253.57291687021086
747,93.375,1024,874,183,11927,26.134682672114742,209.07746137691794
747,93.375,926,785,860,6353,15.582056938681438,124.6564555094515
747,93.375,1102,41,617,6000,0.0,0.0
747,93.375,722,898,597,5844,23.986301705694615,191.89041364555692
747,93.375,1022,33,853,3053,2.3377873582105915,18.70229886568473
747,93.375,1103,908,522,3264,0.0,0.0
748,93.5,1104,282,128,26027,0.0,0.0
748,93.5,1071,402,150,37062,33.38498131153952,267.07985049231615
748,93.5,1093,221,263,41400,40.89629376284492,327.17035010275936
748,93.5,1105,734,306,27648,0.0,0.0
748,93.5,980,772,154,46770,18.9376102368479,151.5008818947832
748,93.5,949,651,824,44308,37.21227056807448,297.69816454459584
748,93.5,1080,526,673,49225,24.78870934018639,198.30967472149112
748,93.5,1078,558,120,40026,36.640255886781055,293.12204709424844
748,93.5,763,78,233,33113,21.080822681923223,168.64658145538579
748,93.5,1084,565,447,41169,32.568483043385605,260.54786434708484
748,93.5,1082,164,481,51213,21.633374101445803,173.06699281156642
748,93.5,1097,329,658,23401,3.9735796775567764,31.78863742045421
748,93.5,1072,317,838,36659,10.61679613140122,84.93436905120976
748,93.5,1106,733,650,27777,0.0,0.0
748,93.5,1107,424,446,10808,0.0,0.0
748,93.5,1086,387,357,19239,23.42134723320218,187.37077786561744
748,93.5,1108,326,551,10252,0.0,0.0
748,93.5,1018,856,463,25734,26.591150524116784,212.72920419293428
748,93.5,807,871,322,13422,30.10288364229972,240.82306913839776
748,93.5,1044,448,818,11958,7.52029996895921,60.16239975167368
748,93.5,1059,87,730,24426,18.48050701681038,147.84405613448305
748,93.5,1101,867,742,25554,2.186229685520838,17.489837484166703
748,93.5,1025,723,483,16883,42.95544341720743,343.6435473376594
748,93.5,1041,587,306,10111,27.69648791131094,221.5719032904875
748,93.5,832,198,763,10980,14.213195818987474,113.70556655189979
748,93.5,1109,526,269,5797,0.0,0.0
748,93.5,957,464,932,16570,11.685655135627453,93.48524108501962
748,93.5,1055,402,533,5687,29.99226317246986,239.93810537975887
748,93.5,1019,187,886,10267,7.321197553584361,58.56958042867489
748,93.5,722,882,596,7218,15.614849945655351,124.91879956524281
748,93.5,962,214,655,4799,32.011577688452476,256.0926215076198
748,93.5,1043,81,860,11708,26.81249255443872,214.49994043550976
748,93.5,1102,51,615,9250,10.174107525456469,81.39286020365175
748,93.5,926,785,859,6451,1.2677313533924768,10.141850827139814
748,93.5,1087,166,621,5656,10.264410692242999,82.11528553794399
748,93.5,1110,819,595,3495,0.0,0.0
748,93.5,959,40,414,6768,42.84531370094197,342.7625096075358
749,93.625,913,400,187,46970,28.316536004670592,226.53228803736474
749,93.625,1079,557,202,60593,26.989399829771756,215.91519863817405
749,93.625,1111,250,177,52337,0.0,0.0
749,93.625,1094,740,519,56592,39.74404047964027,317.95232383712215
749,93.625,1034,566,472,29120,12.634645142062167,101.07716113649734
749,93.625,1068,517,613,26798,35.97497230314467,287.79977842515734
749,93.625,1112,116,766,57101,0.0,0.0
749,93.625,1113,584,808,48082,0.0,0.0
749,93.625,1017,383,607,18511,23.372378208665754,186.97902566932603
749,93.625,1107,384,446,29394,40.014191083021984,320.1135286641759
749,93.625,1097,314,668,15121,18.23419346364975,145.873547709198
749,93.625,1114,751,700,12655,0.0,0.0
749,93.625,932,713,792,15102,37.92679459857248,303.4143567885798
749,93.625,1099,745,150,34357,5.620890865449606,44.96712692359685
749,93.625,962,221,644,11097,13.27606156486094,106.20849251888752
749,93.625,1072,318,847,34052,9.070460047861008,72.56368038288807
749,93.625,1096,637,94,10498,33.81192803269273,270.4954242615418
749,93.625,1115,254,463,14006,0.0,0.0
749,93.625,1044,448,817,11931,1.612048626842188,12.896389014737505
749,93.625,955,709,341,13066,11.496370567187267,91.97096453749813
749,93.625,1021,86,279,23377,35.53763812437438,284.30110499499506
749,93.625,1101,869,745,24763,3.3616727543050686,26.89338203444055
749,93.625,1008,92,155,13246,42.66498944407716,341.31991555261726
749,93.625,807,857,325,26630,14.490491423446704,115.92393138757363
749,93.625,1116,201,369,12702,0.0,0.0
749,93.625,1035,204,551,7296,12.484738427359172,99.87790741887338
749,93.625,957,466,932,17270,1.7455809213243714,13.964647370594971
749,93.625,1046,125,539,12393,30.88782855252401,247.10262842019208
749,93.625,1024,880,178,10400,8.200058830648157,65.60047064518525
749,93.625,1019,193,905,6552,20.35945350204848,162.87562801638785
749,93.625,1092,44,512,11082,20.932716437668176,167.4617315013454
749,93.625,722,880,591,10130,4.841048141224159,38.728385129793274
749,93.625,926,786,859,6517,1.114471104274444,8.915768834195552
749,93.625,960,142,436,4219,40.58448768397201,324.67590147177606
749,93.625,1102,41,607,3538,12.670387169649164,101.36309735719331
749,93.625,959,53,400,8557,19.0821377432643,152.6571019461144
749,93.625,1117,901,443,3225,0.0,0.0
749,93.625,1103,904,501,3495,21.0038398023036,168.0307184184288
750,93.75,1118,322,281,152909,0.0,0.0
750,93.75,1119,662,501,35583,0.0,0.0
750,93.75,1106,751,643,33246,19.589043917920765,156.71235134336612
750,93.75,1112,110,743,64507,23.246988942840314,185.9759115427225
750,93.75,891,423,744,19795,43.59447640615153,348.75581124921223
750,93.75,1079,539,194,20406,19.687586926352868,157.50069541082294
750,93.75,947,319,762,15795,27.775962453787,222.207699630296
750,93.75,955,690,319,23542,29.751659711493268,238.01327769194614
750,93.75,1097,311,640,17588,28.350061871805163,226.8004949744413
750,93.75,1074,214,596,17674,13.245963781182526,105.96771024946021
750,93.75,1036,573,659,18476,42.93788014413493,343.50304115307944
750,93.75,1040,677,118,36138,8.126562871932714,65.01250297546171
750,93.75,1068,481,595,21013,40.1484282312538,321.1874258500304
750,93.75,1120,793,297,11156,0.0,0.0
750,93.75,1121,870,542,26442,0.0,0.0
750,93.75,925,875,341,19870,21.523631165806375,172.189049326451
750,93.75,997,499,60,18852,18.34993468481591,146.79947747852728
750,93.75,1061,77,477,29789,36.24072954613278,289.92583636906227
750,93.75,1052,608,848,31915,26.18184977337567,209.45479818700537
750,93.75,1056,543,402,23941,43.820555576853955,350.56444461483164
750,93.75,1101,868,751,22113,6.191612441819885,49.53289953455908
750,93.75,1050,841,172,22015,23.384790175415528,187.07832140332422
750,93.75,1021,82,297,18476,19.104477747056556,152.83582197645245
750,93.75,872,263,899,22927,40.77517465637079,326.2013972509663
750,93.75,957,487,922,15298,23.209049636286363,185.6723970902909
750,93.75,1008,88,171,19228,15.827846250033813,126.6227700002705
750,93.75,1122,392,896,10044,0.0,0.0
750,93.75,1115,237,481,7793,24.230278577341355,193.84222861873084
750,93.75,932,726,816,9708,26.554844289333232,212.43875431466586
750,93.75,1083,494,812,4634,17.153184750602875,137.225478004823
750,93.75,926,787,860,6701,1.1028172901634063,8.82253832130725
750,93.75,1123,806,429,3648,0.0,0.0
750,93.75,1124,652,712,3096,0.0,0.0
751,93.875,1125,420,681,113517,0.0,0.0
751,93.875,1126,696,176,73307,0.0,0.0
751,93.875,1127,736,375,24908,0.0,0.0
751,93.875,1015,726,726,38491,28.313894302410386,226.5111544192831
751,93.875,872,259,873,34537,25.97501577901696,207.80012623213568
751,93.875,1128,93,788,40135,0.0,0.0
751,93.875,1091,869,695,36714,19.311686182453798,154.49348945963038
751,93.875,1094,721,558,18570,43.89866374371347,351.18930994970776
751,93.875,925,874,365,26474,24.709383258590638,197.6750660687251
751,93.875,1129,103,628,17110,0.0,0.0
751,93.875,1076,671,470,12655,17.527405449291205,140.21924359432964
751,93.875,962,205,624,10322,26.29383822725361,210.35070581802887
751,93.875,1034,558,462,14612,12.469914950893605,99.75931960714884
751,93.875,1052,617,866,23851,20.149508992232352,161.19607193785882
751,93.875,997,499,74,23040,13.321663544855413,106.5733083588433
751,93.875,1061,84,476,27343,6.850750556272854,54.80600445018283
751,93.875,957,448,931,13552,39.997212446426666,319.9776995714133
751,93.875,1082,191,508,7958,38.72205733556873,309.7764586845498
751,93.875,1024,888,185,10330,10.749786060592168,85.99828848473734
751,93.875,926,787,861,6791,1.3611765139420922,10.889412111536737
751,93.875,1130,538,942,4924,0.0,0.0
751,93.875,1047,614,609,4732,39.27695536563071,314.2156429250457
751,93.875,979,834,508,4987,43.433037290880506,347.46429832704405
751,93.875,1131,604,699,4795,0.0,0.0
751,93.875,1132,28,250,5261,0.0,0.0
751,93.875,1103,900,504,2920,5.53963402557021,44.31707220456168
752,94.0,1133,343,185,116156,0.0,0.0
752,94.0,1126,715,205,84890,34.764858268611626,278.118866148893
752,94.0,947,322,766,91502,5.057106721528849,40.456853772230794
752,94.0,1079,552,210,27468,21.112017040867972,168.89613632694378
752,94.0,1134,499,722,24066,0.0,0.0
752,94.0,1025,721,508,40335,25.30179826812227,202.41438614497815
752,94.0,1135,542,611,27151,0.0,0.0
752,94.0,1034,577,491,24540,34.16651038309701,273.3320830647761
752,94.0,763,96,253,47726,27.087143116294737,216.6971449303579
752,94.0,1091,838,715,41768,36.766796292989355,294.13437034391484
752,94.0,1112,107,756,59485,13.109387763007426,104.87510210405941
752,94.0,1110,813,591,8842,6.72480336159149,53.79842689273192
752,94.0,1136,559,885,46383,0.0,0.0
752,94.0,807,875,337,20245,21.07028983401363,168.56231867210903
752,94.0,932,707,782,18793,38.76213194836759,310.0970555869407
752,94.0,1115,260,445,25467,43.18121779849983,345.44974238799864
752,94.0,1018,878,469,10717,23.299234581991506,186.39387665593205
752,94.0,1056,530,386,7531,21.11271352553752,168.90170820430015
752,94.0,1092,70,546,14221,42.471496341233745,339.77197072986996
752,94.0,1035,186,565,10424,22.76134115279393,182.09072922235143
752,94.0,926,788,861,6885,1.3161221020205227,10.528976816164182
752,94.0,960,128,431,7742,15.206039021949893,121.64831217559914
752,94.0,1055,397,502,8921,31.07656116979116,248.61248935832927
752,94.0,1024,893,180,8091,6.629666732687509,53.03733386150007
752,94.0,1107,388,421,5335,25.4343840082336,203.4750720658688
752,94.0,1046,133,504,3225,36.12876284420095,289.0301027536076
752,94.0,1121,891,553,3875,24.300972638254596,194.40778110603677
752,94.0,1108,322,520,2603,30.829101632133582,246.63281305706866
752,94.0,959,42,433,5468,34.51025680928789,276.0820544743031
752,94.0,1137,565,27,2505,0.0,0.0
752,94.0,1138,444,404,3006,0.0,0.0
752,94.0,1019,165,934,1663,40.65846065934432,325.26768527475457
753,94.125,763,121,240,51981,27.88474623159268,223.07796985274143
753,94.125,1034,588,516,71256,27.752826335617414,222.0226106849393
753,94.125,1044,424,834,82451,29.09737174172962,232.77897393383697
753,94.125,1115,265,425,25319,20.303153759068497,162.42523007254798
753,94.125,1104,288,121,48054,9.299900088587862,74.39920070870289
753,94.125,1107,380,457,29390,37.061729795877596,296.49383836702077
753,94.125,1116,167,391,14061,40.5138667201031,324.1109337608248
753,94.125,1139,806,765,54094,0.0,0.0
753,94.125,1140,486,125,35927,0.0,0.0
753,94.125,1141,606,179,15317,0.0,0.0
753,94.125,1059,91,704,25949,26.86310702593938,214.90485620751505
753,94.125,1142,136,838,34718,0.0,0.0
753,94.125,1097,317,646,31864,8.198568882750516,65.58855106200413
753,94.125,807,836,323,33363,41.23603385287481,329.8882708229985
753,94.125,1106,778,616,10960,37.672739256603556,301.38191405282845
753,94.125,1040,671,92,25186,26.045052999317058,208.36042399453646
753,94.125,1143,473,641,9809,0.0,0.0
753,94.125,1087,184,597,17259,29.945266547642596,239.56213238114077
753,94.125,1144,446,294,23459,0.0,0.0
753,94.125,1145,635,315,21612,0.0,0.0
753,94.125,1018,876,451,11332,18.215459276028465,145.72367420822772
753,94.125,979,807,492,10921,31.43641053923723,251.49128431389784
753,94.125,722,855,576,11305,29.632216711120716,237.05773368896573
753,94.125,1146,760,220,13509,0.0,0.0
753,94.125,1052,630,860,24516,13.636506744550283,109.09205395640227
753,94.125,1147,739,463,5550,0.0,0.0
753,94.125,1118,340,272,5276,19.884881268339797,159.07905014671837
753,94.125,1061,78,437,11602,39.54540487367141,316.36323898937127
753,94.125,1092,60,544,14225,10.080911859250243,80.64729487400194
753,94.125,872,242,896,6744,28.239141196929364,225.9131295754349
753,94.125,1148,807,119,10216,0.0,0.0
753,94.125,1124,628,709,8752,24.16101344983697,193.28810759869577
753,94.125,1024,889,158,5409,22.590549836684104,180.72439869347284
753,94.125,1149,900,209,2141,0.0,0.0
753,94.125,1102,32,627,2250,22.233581976161283,177.86865580929026
753,94.125,1130,532,978,1992,36.34802779528582,290.7842223622866
753,94.125,959,17,442,1409,26.598905786831537,212.7912462946523
754,94.25,1104,284,131,55762,10.974091035264903,87.79272828211923
754,94.25,1150,320,461,49581,0.0,0.0
754,94.25,1125,449,684,31895,29.334616592615536,234.6769327409243
754,94.25,1147,774,458,68410,34.94633988090362,279.570719047229
754,94.25,1151,143,321,36867,0.0,0.0
754,94.25,1140,504,135,48109,20.275573056820733,162.20458445456586
754,94.25,1152,173,228,9347,0.0,0.0
754,94.25,1153,359,690,12659,0.0,0.0
754,94.25,1139,808,761,59168,4.684589548512801,37.47671638810241
754,94.25,1097,283,650,21165,33.976802692527826,271.8144215402226
754,94.25,1034,605,554,60467,41.27610225562781,330.2088180450225
754,94.25,807,830,302,27440,21.578993687058393,172.63194949646714
754,94.25,1113,575,838,49922,30.91729174477242,247.33833395817936
754,94.25,1154,517,331,27327,0.0,0.0
754,94.25,1112,106,732,63129,24.33257743969635,194.6606195175708
754,94.25,1050,830,161,26888,15.244740100730054,121.95792080584043
754,94.25,1040,671,131,34001,38.91646023571608,311.33168188572864
754,94.25,1155,386,324,14726,0.0,0.0
754,94.25,872,280,879,29914,40.9352997801317,327.4823982410536
754,94.25,1082,172,518,7930,21.368428791558454,170.94743033246763
754,94.25,1122,419,905,18621,28.06409881712027,224.51279053696217
754,94.25,960,113,464,11042,36.36378013614122,290.9102410891298
754,94.25,1008,73,164,13653,16.927425060885398,135.41940048708318
754,94.25,1092,49,522,9390,24.091562857356656,192.73250285885325
754,94.25,1124,656,744,3452,44.38987208837913,355.118976707033
754,94.25,1156,223,774,4341,0.0,0.0
754,94.25,1157,200,816,2106,0.0,0.0
754,94.25,1158,29,380,2340,0.0,0.0
754,94.25,959,37,425,2466,26.002524475046,208.020195800368
754,94.25,1130,531,978,2137,1.1345889508603912,9.07671160688313
754,94.25,1121,912,558,1327,21.790812003459717,174.32649602767773
754,94.25,1019,166,936,1648,2.03384716461874,16.27077731694992
755,94.375,1134,529,740,105618,34.97020519989368,279.7616415991494
755,94.375,1150,340,482,39141,29.005667247339453,232.04533797871562
755,94.375,1074,222,590,39004,9.468282096533201,75.74625677226561
755,94.375,1159,269,284,53362,0.0,0.0
755,94.375,1123,790,435,48184,17.05710693049198,136.45685544393584
755,94.375,1112,86,751,52114,27.636351289069456,221.09081031255565
755,94.375,1079,566,173,20093,39.305164496391406,314.44131597113125
755,94.375,872,262,846,43106,37.068138008483,296.545104067864
755,94.375,1106,805,630,22187,30.398613707727435,243.18890966181948
755,94.375,997,477,93,27237,29.913569444456215,239.30855555564972
755,94.375,1094,751,551,12123,30.47922057775558,243.83376462204464
755,94.375,1101,857,757,26814,12.732988968926112,101.86391175140889
755,94.375,1160,583,464,30415,0.0,0.0
755,94.375,1144,434,321,26043,29.38155348353863,235.05242786830905
755,94.375,1161,546,280,10404,0.0,0.0
755,94.375,1126,734,219,23733,23.695946358196142,189.56757086556914
755,94.375,1021,91,335,15485,39.26993135397191,314.1594508317753
755,94.375,1008,80,197,23545,34.294063377378876,274.352507019031
755,94.375,807,857,302,20938,27.43653777641374,219.49230221130992
755,94.375,1162,703,92,10510,0.0,0.0
755,94.375,1163,634,82,10299,0.0,0.0
755,94.375,1164,748,834,17862,0.0,0.0
755,94.375,1165,683,693,13814,0.0,0.0
755,94.375,1122,391,884,12244,34.30054782701187,274.40438261609495
755,94.375,1153,320,711,7762,43.28145568206398,346.2516454565118
755,94.375,957,460,932,8647,11.685469040568051,93.48375232454441
755,94.375,1166,214,94,17118,0.0,0.0
755,94.375,1167,345,55,11524,0.0,0.0
755,94.375,1168,353,124,3910,0.0,0.0
755,94.375,1092,64,517,12029,15.169533429235083,121.35626743388066
755,94.375,1148,806,109,7692,9.852544814531457,78.82035851625166
755,94.375,1145,646,318,5049,11.587091979248221,92.69673583398577
755,94.375,1152,177,191,4341,37.516852382798454,300.13481906238763
755,94.375,1169,598,324,4129,0.0,0.0
755,94.375,1024,886,178,10224,20.216003426387225,161.7280274110978
755,94.375,1061,109,424,4947,33.74998692569552,269.99989540556413
755,94.375,959,31,424,4572,6.140652441133061,49.12521952906449
755,94.375,1170,917,625,1522,0.0,0.0
755,94.375,1130,533,981,1851,3.85683809534858,30.85470476278864
755,94.375,1019,165,938,1781,1.4441635936484325,11.55330874918746
756,94.5,872,279,855,50740,19.173933664656154,153.39146931724923
756,94.5,1171,404,741,41858,0.0,0.0
756,94.5,1140,513,179,69862,44.95524299965398,359.64194399723186
756,94.5,1172,224,329,27096,0.0,0.0
756,94.5,1139,809,778,50227,17.376153370745467,139.00922696596373
756,94.5,1146,760,192,43995,27.79362097133824,222.3489677707059
756,94.5,1143,499,617,28983,34.777076785985585,278.2166142878847
756,94.5,763,97,265,50297,35.246341062932075,281.9707285034566
756,94.5,1106,794,629,14503,10.571881839696834,84.57505471757467
756,94.5,1018,844,446,23005,32.8568168472708,262.8545347781664
756,94.5,1173,724,433,14209,0.0,0.0
756,94.5,1112,88,748,53390,3.2557917012770545,26.046333610216436
756,94.5,1104,307,109,23812,31.47938492601978,251.83507940815824
756,94.5,722,859,565,15094,11.550029667274268,92.40023733819415
756,94.5,1131,615,668,15325,32.53849841109999,260.3079872887999
756,94.5,1076,655,484,16116,21.921698440492996,175.37358752394397
756,94.5,1168,388,107,7261,38.12119333204563,304.969546656365
756,94.5,1035,203,565,38581,16.83144420486898,134.65155363895184
756,94.5,1107,386,450,28180,9.683473026978783,77.46778421583026
756,94.5,1118,324,252,11751,25.84257297263422,206.74058378107375
756,94.5,1174,691,328,11555,0.0,0.0
756,94.5,1175,680,611,11226,0.0,0.0
756,94.5,1160,547,449,20038,39.046221045578235,312.3697683646259
756,94.5,1124,635,774,9105,37.13306886811327,297.06455094490616
756,94.5,1115,270,437,7848,12.305722425322603,98.44577940258083
756,94.5,1052,625,886,20210,25.924046890939177,207.39237512751342
756,94.5,1176,354,578,10072,0.0,0.0
756,94.5,807,877,309,16887,20.902895807433787,167.2231664594703
756,94.5,1162,699,72,6889,20.74069869518255,165.9255895614604
756,94.5,1155,392,315,8443,10.908961928613937,87.2716954289115
756,94.5,1163,632,64,8408,18.052296099395402,144.41836879516322
756,94.5,1113,537,837,4658,37.75223641018097,302.01789128144776
756,94.5,957,459,929,11708,3.373967201191161,26.991737609529288
756,94.5,1166,193,99,12788,21.51934046095538,172.15472368764304
756,94.5,1169,598,323,4352,0.8996299235687634,7.197039388550107
756,94.5,1024,896,172,6866,12.03212814659102,96.25702517272816
756,94.5,1136,532,916,4795,41.29326337702751,330.34610701622006
756,94.5,1092,64,503,2622,14.112461476874174,112.89969181499339
756,94.5,1177,44,547,3984,0.0,0.0
756,94.5,959,37,441,6020,17.856625234307092,142.85300187445674
756,94.5,1130,533,982,1941,1.2238336145724475,9.79066891657958
756,94.5,1019,167,939,1663,1.7208191282059335,13.766553025647468
757,94.625,1178,393,621,107223,0.0,0.0
757,94.625,1076,662,519,45835,35.906255798982485,287.2500463918599
757,94.625,1131,605,683,26031,17.75156402326107,142.01251218608857
757,94.625,979,829,481,44077,24.271414364033152,194.17131491226522
757,94.625,1104,327,119,62033,22.99008057363105,183.9206445890484
757,94.625,1172,221,333,50740,4.530177566178278,36.24142052942622
757,94.625,1139,811,752,61673,26.328875325424512,210.6310026033961
757,94.625,1146,778,153,26164,43.205615336609974,345.6449226928798
757,94.625,1179,724,291,28114,0.0,0.0
757,94.625,1087,151,618,26587,39.583610719654104,316.66888575723283
757,94.625,1113,513,874,15086,44.34968053751662,354.79744430013295
757,94.625,1161,546,308,26951,28.06026296348396,224.4821037078717
757,94.625,1180,302,895,35289,0.0,0.0
757,94.625,1181,520,66,13195,0.0,0.0
757,94.625,1112,65,783,26517,41.45366415060939,331.62931320487513
757,94.625,1046,133,486,11281,18.49941934163955,147.9953547331164
757,94.625,1079,553,156,13000,21.115388294275487,168.9231063542039
757,94.625,807,878,282,9758,26.408779562165684,211.27023649732547
757,94.625,1008,79,156,13512,40.74689611747035,325.9751689397628
757,94.625,1182,872,355,6455,0.0,0.0
757,94.625,1052,626,877,22160,8.579596136208798,68.63676908967038
757,94.625,947,295,772,6870,27.306252712569826,218.4500217005586
757,94.625,763,62,254,10549,36.981617866021075,295.8529429281686
757,94.625,1152,167,167,6024,25.727474026188364,205.81979220950691
757,94.625,1160,530,441,6282,18.575110549143286,148.6008843931463
757,94.625,1163,638,87,13325,23.576199799773335,188.60959839818668
757,94.625,1138,421,386,13528,30.0223420178944,240.1787361431552
757,94.625,1021,59,348,9484,34.53973507289444,276.3178805831555
757,94.625,1157,190,792,6564,25.98872898765492,207.90983190123936
757,94.625,1183,153,754,4004,0.0,0.0
757,94.625,957,456,948,7061,19.669466777037897,157.35573421630318
757,94.625,1156,236,750,4846,27.505902510637288,220.0472200850983
757,94.625,1102,36,590,7758,37.620271538466426,300.9621723077314
757,94.625,1092,55,507,3546,10.310883960329093,82.48707168263275
757,94.625,1155,369,326,3174,26.130619913111477,209.04495930489182
757,94.625,1184,138,892,6141,0.0,0.0
757,94.625,1024,904,175,5542,8.939981622013102,71.51985297610481
757,94.625,1162,724,60,6443,27.596021746288578,220.76817397030862
757,94.625,1185,376,276,2442,0.0,0.0
757,94.625,1186,435,271,4114,0.0,0.0
757,94.625,959,26,444,4419,11.402372395595059,91.21897916476047
757,94.625,1187,477,223,2564,0.0,0.0
757,94.625,1061,65,419,1538,43.71843191179789,349.74745529438314
757,94.625,1188,646,202,1867,0.0,0.0
757,94.625,1130,531,982,1972,1.4454722699261386,11.56377815940911
757,94.625,1019,174,934,966,8.635029095575298,69.08023276460239
758,94.75,1189,194,467,136190,0.0,0.0
758,94.75,1044,428,838,66735,5.592012356194624,44.73609884955699
758,94.75,1190,574,726,84330,0.0,0.0
758,94.75,872,257,844,37086,25.030797849663692,200.24638279730954
758,94.75,1018,836,433,40961,15.162415688227197,121.29932550581758
758,94.75,1173,712,419,11868,18.07056366058707,144.56450928469656
758,94.75,997,476,113,34796,20.174443083457195,161.39554466765756
758,94.75,1106,777,646,13086,24.486826698316627,195.894613586533
758,94.75,1076,635,495,26552,36.27762881789884,290.2210305431907
758,94.75,1050,840,203,38338,43.23232355119333,345.85858840954666
758,94.75,722,867,608,17642,43.91890062053841,351.35120496430727
758,94.75,1112,92,803,42484,33.38257653417716,267.0606122734173
758,94.75,1191,420,515,9911,0.0,0.0
758,94.75,1139,774,729,7692,42.868505078164645,342.94804062531716
758,94.75,1163,631,114,17584,28.878042519674825,231.0243401573986
758,94.75,1079,569,168,9304,19.365475962876307,154.92380770301045
758,94.75,1192,822,811,33093,0.0,0.0
758,94.75,1144,403,321,19337,30.572582867061875,244.580662936495
758,94.75,1193,691,192,9379,0.0,0.0
758,94.75,1154,501,300,12487,34.90135075062237,279.21080600497896
758,94.75,1175,689,623,8557,15.52762883890092,124.22103071120736
758,94.75,1008,76,170,16186,13.925157478012157,111.40125982409725
758,94.75,1160,538,412,12366,30.435858014299942,243.48686411439954
758,94.75,1145,650,323,10451,6.4375124336467024,51.50009946917362
758,94.75,1104,319,101,19012,19.288309768023026,154.3064781441842
758,94.75,1152,166,170,5957,3.7474066075765213,29.97925286061217
758,94.75,1179,711,276,6435,20.21202076290982,161.69616610327856
758,94.75,1194,445,430,5421,0.0,0.0
758,94.75,1195,205,235,8792,0.0,0.0
758,94.75,1166,211,104,14886,18.720297148576524,149.7623771886122
758,94.75,1196,732,145,4082,0.0,0.0
758,94.75,1161,571,276,4172,40.62844515413758,325.02756123310064
758,94.75,1118,308,241,11093,19.639910572601895,157.11928458081516
758,94.75,1102,36,594,7073,4.277353120297841,34.218824962382726
758,94.75,1167,381,44,4031,38.25030712272248,306.00245698177986
758,94.75,1197,118,665,3006,0.0,0.0
758,94.75,1162,724,63,6552,2.409903476697387,19.279227813579094
758,94.75,1198,156,691,1933,0.0,0.0
759,94.875,1199,789,247,95898,0.0,0.0
759,94.875,1171,393,740,34988,10.547754913529312,84.3820393082345
759,94.875,1200,306,533,41772,0.0,0.0
759,94.875,1101,818,740,63532,42.46080843144775,339.686467451582
759,94.875,1124,619,800,45040,29.946697769602604,239.57358215682083
759,94.875,997,492,124,43897,18.915654191240694,151.32523352992555
759,94.875,1201,225,382,22426,0.0,0.0
759,94.875,1202,506,818,16566,0.0,0.0
759,94.875,1087,129,617,38546,21.626037453933012,173.0082996314641
759,94.875,1180,309,903,30094,10.752891500411609,86.02313200329287
759,94.875,1118,301,272,23021,31.552727126881447,252.42181701505157
759,94.875,1203,437,603,10741,0.0,0.0
759,94.875,1112,87,814,36240,12.35511355505718,98.84090844045744
759,94.875,1204,698,499,30588,0.0,0.0
759,94.875,1205,562,595,9484,0.0,0.0
759,94.875,1206,501,571,8302,0.0,0.0
759,94.875,1144,431,322,20719,27.664705135208557,221.31764108166846
759,94.875,1021,67,358,29018,12.697660810183184,101.58128648146547
759,94.875,1156,226,777,19001,29.32895628689008,234.63165029512064
759,94.875,1207,142,409,4615,0.0,0.0
759,94.875,1165,692,673,8827,22.329071393426627,178.63257114741302
759,94.875,1034,592,513,8627,42.09816844425431,336.7853475540345
759,94.875,1104,330,70,17400,32.53744414054796,260.2995531243837
759,94.875,1008,78,166,17313,4.058996137901257,32.47196910321006
759,94.875,1166,216,111,16977,8.744913526678197,69.95930821342557
759,94.875,1208,855,534,14303,0.0,0.0
759,94.875,1160,556,412,16581,18.353422463950526,146.8273797116042
759,94.875,1163,634,98,16069,17.08519658181419,136.68157265451353
759,94.875,1209,347,165,6666,0.0,0.0
759,94.875,1210,883,456,5981,0.0,0.0
759,94.875,1152,164,180,5742,10.068234002891078,80.54587202312862
759,94.875,1154,529,309,5981,29.275022577215665,234.20018061772532
759,94.875,957,452,943,9876,6.69577052426057,53.56616419408456
759,94.875,1195,171,261,6126,43.18045195028755,345.4436156023004
759,94.875,1145,630,324,5989,20.363493918034496,162.90795134427597
759,94.875,1161,574,278,3460,3.284111732461443,26.272893859691543
759,94.875,1107,392,435,4396,16.299667020719884,130.39733616575907
759,94.875,1211,580,233,2755,0.0,0.0
759,94.875,1092,68,507,6044,12.44273819909141,99.54190559273128
759,94.875,1130,538,957,6764,25.356700277191454,202.85360221753163
759,94.875,1212,454,463,4090,0.0,0.0
759,94.875,1194,468,414,1687,28.192457350978657,225.53965880782926
759,94.875,1213,187,882,1601,0.0,0.0
760,95.0,1187,474,190,112769,33.46599356076004,267.7279484860803
760,95.0,1124,590,786,70903,32.36194781799823,258.8955825439858
760,95.0,1207,165,383,74513,34.6798262746232,277.4386101969856
760,95.0,1101,826,742,55343,7.863588692276851,62.90870953821481
760,95.0,1050,840,232,37900,29.083036128666514,232.6642890293321
760,95.0,1165,707,669,14773,15.382590765014397,123.06072612011518
760,95.0,1152,204,192,28172,42.14395615770714,337.1516492616571
760,95.0,979,842,500,27898,22.94068041909289,183.5254433527431
760,95.0,1214,368,684,18597,0.0,0.0
760,95.0,1074,233,574,17141,20.12507461250281,161.0005969000225
760,95.0,1215,456,671,14757,0.0,0.0
760,95.0,1166,230,82,13211,31.66992836145651,253.35942689165208
760,95.0,1216,833,380,15986,0.0,0.0
760,95.0,1196,739,116,22442,30.087697083022064,240.7015766641765
760,95.0,1112,87,815,35281,0.47587395446811687,3.806991635744935
760,95.0,1104,303,84,5762,30.636709114925907,245.09367291940725
760,95.0,1160,541,426,21224,20.580225864649844,164.64180691719875
760,95.0,1198,186,691,18590,29.61708083678886,236.93664669431087
760,95.0,1174,668,290,17133,44.054181312305516,352.43345049844413
760,95.0,1180,333,897,19823,24.123700821837573,192.9896065747006
760,95.0,1107,391,472,16985,36.98852333341971,295.90818666735765
760,95.0,1176,335,551,10236,33.48869192271279,267.9095353817023
760,95.0,1008,65,173,15325,14.570718884344972,116.56575107475977
760,95.0,947,297,759,11481,12.673498943791452,101.38799155033162
760,95.0,1217,550,547,10205,0.0,0.0
760,95.0,1213,228,889,14593,41.2168705492534,329.7349643940272
760,95.0,957,428,926,11508,29.96041037545486,239.68328300363888
760,95.0,1130,517,947,11962,22.903252016276117,183.22601613020893
760,95.0,1204,716,529,10999,35.10956963167344,280.8765570533875
760,95.0,1206,467,549,5445,40.240507118394405,321.92405694715524
760,95.0,1087,96,613,9238,33.3457965840199,266.7663726721592
760,95.0,1218,640,444,5856,0.0,0.0
760,95.0,1157,188,800,4075,8.115548115737228,64.92438492589783
760,95.0,1173,694,418,6556,17.87132418173701,142.97059345389607
760,95.0,1219,625,41,6259,0.0,0.0
760,95.0,1102,32,609,7598,15.681692908140791,125.45354326512633
760,95.0,1076,650,523,2755,32.01156395435851,256.09251163486806
760,95.0,1220,620,565,3495,0.0,0.0
760,95.0,1221,724,360,3452,0.0,0.0
760,95.0,1092,57,508,5131,11.156168694748638,89.2493495579891
760,95.0,1044,407,810,1984,34.9800138469871,279.8401107758968
760,95.0,959,19,468,1311,24.913781949288353,199.31025559430682
760,95.0,1222,911,825,1745,0.0,0.0
761,95.125,1215,452,665,70825,7.125446473824416,57.00357179059533
761,95.125,1187,477,159,91212,31.360597644302306,250.88478115441845
761,95.125,1124,607,818,39697,36.09469057863964,288.75752462911714
761,95.125,1223,692,719,22297,0.0,0.0
761,95.125,1155,354,344,32020,22.938011131100975,183.5040890488078
761,95.125,1101,829,733,57363,10.077191492945826,80.6175319435666
761,95.125,1199,792,221,65439,26.896589006307863,215.1727120504629
761,95.125,1076,658,496,41118,28.558363528803472,228.46690823042778
761,95.125,1212,456,470,12514,7.438795609141705,59.51036487313364
761,95.125,1107,361,462,7347,31.68772309209453,253.50178473675624
761,95.125,1224,797,498,20891,0.0,0.0
761,95.125,1201,240,406,12393,28.591618274535502,228.73294619628402
761,95.125,1061,77,393,33880,28.609944524191597,228.87955619353278
761,95.125,1207,182,368,10381,23.07455822001708,184.59646576013665
761,95.125,1225,281,805,17650,0.0,0.0
761,95.125,1008,97,176,29777,31.819372033533032,254.55497626826426
761,95.125,1226,102,860,21733,0.0,0.0
761,95.125,1074,266,572,16257,33.22225019235059,265.77800153880474
761,95.125,1227,269,189,19592,0.0,0.0
761,95.125,1228,83,729,17775,0.0,0.0
761,95.125,1229,312,707,9437,0.0,0.0
761,95.125,1189,209,507,6999,42.61888077967182,340.95104623737456
761,95.125,1213,223,898,14319,9.798474906618166,78.38779925294533
761,95.125,1160,547,398,10416,29.12691921695323,233.01535373562584
761,95.125,1180,353,916,16628,27.72313493313568,221.78507946508543
761,95.125,1130,507,934,17243,16.09087802826654,128.72702422613233
761,95.125,1163,639,70,10678,28.354508134168007,226.83606507334406
761,95.125,1087,133,594,16362,41.86430339058361,334.91442712466886
761,95.125,1210,892,471,10788,17.082511896547018,136.66009517237615
761,95.125,1198,201,702,10283,18.52371697430057,148.18973579440456
761,95.125,1166,225,73,10788,10.312133058822624,82.497064470581
761,95.125,1195,196,261,5288,25.949893578958086,207.5991486316647
761,95.125,957,428,949,4623,22.531389412011336,180.2511152960907
761,95.125,1145,631,323,6247,1.1850612693999905,9.480490155199924
761,95.125,1182,877,375,7903,20.633665745933023,165.06932596746418
761,95.125,1230,768,366,3022,0.0,0.0
761,95.125,1177,47,573,5605,26.675111030622624,213.400888244981
761,95.125,1162,727,66,7864,3.8842350774959997,31.073880619967998
761,95.125,1221,718,360,2481,6.100448796082579,48.80359036866063
761,95.125,1222,912,822,1929,2.9786379685060203,23.829103748048162
761,95.125,1102,32,647,1608,37.47528951063699,299.8023160850959
762,95.25,1214,357,710,32177,28.334123526387852,226.67298821110282
762,95.25,1107,377,488,28047,30.661775456832647,245.29420365466117
762,95.25,1231,443,101,43052,0.0,0.0
762,95.25,1206,448,565,17130,24.579725318046485,196.63780254437188
762,95.25,1232,484,756,26153,0.0,0.0
762,95.25,1211,542,249,40331,40.87588176809588,327.00705414476704
762,95.25,1050,853,216,31065,20.191982878047693,161.53586302438154
762,95.25,1185,340,299,39008,42.628225447452714,341.0258035796217
762,95.25,1172,212,332,21784,8.54546491900068,68.36371935200545
762,95.25,722,835,580,34800,42.146585274651855,337.17268219721484
762,95.25,1223,661,746,20022,41.19784120997401,329.58272967979207
762,95.25,1220,615,571,19306,7.9052662389932316,63.24212991194585
762,95.25,1230,783,335,21071,34.30438528391204,274.4350822712963
762,95.25,1018,801,453,18590,40.19207943583979,321.5366354867183
762,95.25,1218,611,442,33692,29.24054741284687,233.92437930277495
762,95.25,1131,605,661,10772,22.737008808509316,181.89607046807453
762,95.25,1074,251,538,18680,36.99509544094126,295.9607635275301
762,95.25,1061,94,390,29480,17.59104261004135,140.7283408803308
762,95.25,1196,726,115,26070,13.75868505407175,110.069480432574
762,95.25,1192,829,796,38436,15.975018619287503,127.80014895430003
762,95.25,1052,616,884,27241,12.231419537799765,97.85135630239812
762,95.25,1139,756,708,9285,27.656293174275216,221.25034539420173
762,95.25,1008,71,194,23025,31.297128699167374,250.377029593339
762,95.25,1087,119,611,19431,22.06563217352506,176.52505738820048
762,95.25,1180,325,904,17012,30.237498256643338,241.8999860531467
762,95.25,1233,170,531,6975,0.0,0.0
762,95.25,1234,265,97,10553,0.0,0.0
762,95.25,1166,209,90,6310,23.674210163949752,189.39368131159802
762,95.25,1213,243,920,8451,30.16553371856912,241.32426974855295
762,95.25,1235,194,851,14072,0.0,0.0
762,95.25,1236,159,216,6173,0.0,0.0
762,95.25,1112,76,834,19157,21.895129647036303,175.16103717629042
762,95.25,1130,474,936,22019,33.16970536382953,265.35764291063623
762,95.25,1104,316,69,5073,19.923344247826005,159.38675398260804
762,95.25,1163,625,70,8388,13.763439767758983,110.10751814207187
762,95.25,1237,160,117,7887,0.0,0.0
762,95.25,1238,397,869,4979,0.0,0.0
762,95.25,1174,678,263,8533,28.38663251706112,227.09306013648896
762,95.25,1228,115,742,4709,34.17371863623993,273.38974908991946
762,95.25,1145,644,331,3617,15.071040429306553,120.56832343445242
762,95.25,1156,232,760,3292,18.30016218782981,146.40129750263847
762,95.25,1198,209,719,3734,19.646510747097587,157.1720859767807
762,95.25,1183,157,715,3288,38.900589719151384,311.20471775321107
762,95.25,1239,51,713,5507,0.0,0.0
762,95.25,1240,233,663,4071,0.0,0.0
762,95.25,1188,636,208,2630,11.272989201630692,90.18391361304553
762,95.25,1177,29,598,5010,31.02483697750986,248.19869582007888
762,95.25,1092,36,511,4881,20.333077917023193,162.66462333618554
762,95.25,1182,907,369,3127,30.926364452163327,247.4109156173066
762,95.25,1019,144,934,2791,29.753414297908893,238.02731438327115
762,95.25,1210,917,440,1804,39.048391975806936,312.3871358064555
762,95.25,1241,842,81,728,0.0,0.0
763,95.375,1118,312,257,42731,18.143116399611362,145.1449311968909
763,95.375,1207,164,379,49941,21.789774995822587,174.3181999665807
763,95.375,1242,380,557,39149,0.0,0.0
763,95.375,1154,504,343,46269,42.47351355844965,339.7881084675972
763,95.375,1074,239,518,18468,23.69146078763823,189.53168630110585
763,95.375,1124,603,834,53030,16.085340434779187,128.6827234782335
763,95.375,1224,816,501,42445,20.062342966735145,160.49874373388116
763,95.375,1050,836,216,46954,16.5039927678888,132.0319421431104
763,95.375,1104,333,83,24759,22.01640193178761,176.13121545430087
763,95.375,1079,556,168,17548,12.898184910522485,103.18547928417988
763,95.375,1034,604,481,24430,34.57421972049331,276.5937577639465
763,95.375,1225,267,786,24606,23.52410132213034,188.1928105770427
763,95.375,1180,305,924,18731,28.391737152381232,227.13389721904986
763,95.375,1192,806,776,49264,30.776579127570365,246.21263302056292
763,95.375,1243,512,69,13368,0.0,0.0
763,95.375,1205,521,592,14354,41.35239672783437,330.81917382267494
763,95.375,1171,404,722,21068,21.562846774846854,172.50277419877483
763,95.375,1231,436,116,10894,16.11414529454951,128.91316235639607
763,95.375,1196,704,101,17102,25.52484147572106,204.1987318057685
763,95.375,1244,878,628,13168,0.0,0.0
763,95.375,1238,415,851,10064,25.634636169419935,205.07708935535948
763,95.375,1008,71,170,17834,23.175770360011814,185.4061628800945
763,95.375,1163,624,73,9508,3.113928879062697,24.911431032501575
763,95.375,1130,457,947,17079,20.293806160880717,162.35044928704573
763,95.375,1087,94,614,28552,25.41533719856051,203.3226975884841
763,95.375,1112,91,818,21369,21.929429179159147,175.43543343327318
763,95.375,1245,69,287,9903,0.0,0.0
763,95.375,1237,182,110,17697,23.563533187968567,188.50826550374853
763,95.375,1246,661,579,8788,0.0,0.0
763,95.375,1235,182,874,11618,26.46532320619789,211.72258564958312
763,95.375,1179,739,290,5049,31.868998882585213,254.9519910606817
763,95.375,1174,671,255,10545,10.613593831753427,84.90875065402741
763,95.375,1131,573,674,7445,34.15149052456379,273.2119241965103
763,95.375,1221,730,358,4411,12.353341576222913,98.8267326097833
763,95.375,1247,661,662,7844,0.0,0.0
763,95.375,1230,788,360,4165,25.434326800182564,203.4746144014605
763,95.375,1145,642,332,3981,2.3553655419533124,18.8429243356265
763,95.375,1233,144,514,4360,30.61645527171132,244.93164217369056
763,95.375,1248,705,448,3393,0.0,0.0
763,95.375,1249,535,917,3276,0.0,0.0
763,95.375,1250,224,630,5308,0.0,0.0
763,95.375,1240,242,682,4082,20.670305222088643,165.36244177670915
763,95.375,1239,51,718,5319,5.031813917352498,40.25451133881998
763,95.375,1173,686,390,3049,28.27981082923177,226.23848663385417
763,95.375,959,30,477,3801,13.352945443806659,106.82356355045327
763,95.375,1182,908,368,3268,1.4864075179721208,11.891260143776966
763,95.375,1251,28,787,2787,0.0,0.0
763,95.375,1019,143,934,3307,1.6345743432614135,13.076594746091308
764,95.5,997,500,137,88687,14.938024915591813,119.5041993247345
764,95.5,1194,459,371,56373,44.350369575387646,354.80295660310117
764,95.5,1076,636,485,38922,25.22936086613408,201.83488692907264
764,95.5,1131,581,637,43592,38.33438649352903,306.67509194823225
764,95.5,1252,147,428,75577,0.0,0.0
764,95.5,1253,231,156,56087,0.0,0.0
764,95.5,1124,612,843,40480,13.45762626614252,107.66101012914017
764,95.5,1214,359,706,19592,4.3810711601794115,35.04856928143529
764,95.5,1254,788,596,25381,0.0,0.0
764,95.5,1203,394,607,12001,42.8826542228979,343.0612337831832
764,95.5,1176,341,539,17799,13.021016006411696,104.16812805129356
764,95.5,1225,265,787,21573,1.3809138669986045,11.047310935988836
764,95.5,1199,809,183,57845,40.59532412738105,324.7625930190484
764,95.5,979,862,469,22892,36.24338391075716,289.9470712860573
764,95.5,1192,807,794,40515,18.810288841841025,150.4823107347282
764,95.5,1087,80,602,20312,18.591606202181243,148.73284961744994
764,95.5,1232,456,768,14663,31.1914304895895,249.531443916716
764,95.5,1180,297,924,20034,7.745567611674573,61.96454089339658
764,95.5,1008,67,182,19897,12.04370197170992,96.34961577367936
764,95.5,1255,292,363,6960,0.0,0.0
764,95.5,957,435,945,12405,8.517718502957518,68.14174802366014
764,95.5,1238,409,868,7363,18.02593878320297,144.20751026562377
764,95.5,1221,735,375,6654,16.9987361045644,135.9898888365152
764,95.5,1230,799,365,6909,12.813653994283905,102.50923195427124
764,95.5,1183,168,690,11066,27.350587925379923,218.80470340303938
764,95.5,1226,119,859,31637,17.913558149904723,143.3084651992378
764,95.5,1249,529,946,11085,30.029633884527442,240.23707107621954
764,95.5,1179,736,287,5257,4.088883080737443,32.71106464589955
764,95.5,1174,678,266,8330,12.279871684559378,98.23897347647502
764,95.5,1244,893,640,8885,19.219233694611095,153.75386955688876
764,95.5,1228,102,742,4865,13.201316155732528,105.61052924586022
764,95.5,1145,641,332,3957,1.019732637395078,8.157861099160623
764,95.5,1239,61,700,1984,20.63315768208044,165.06526145664353
764,95.5,1250,240,629,3370,15.9804054861645,127.843243889316
764,95.5,1256,21,701,2607,0.0,0.0
764,95.5,1182,906,364,3405,4.0920294009574665,32.73623520765973
764,95.5,1251,31,765,2454,22.40403851620969,179.2323081296775
764,95.5,1222,914,825,1792,2.8842526061504166,23.074020849203333
765,95.625,1227,258,188,87235,10.950333843984087,87.6026707518727
765,95.625,1257,414,274,29370,0.0,0.0
765,95.625,1079,544,140,64170,30.441954536566406,243.53563629253125
765,95.625,1131,570,632,38503,12.203680092059225,97.6294407364738
765,95.625,1258,539,781,25009,0.0,0.0
765,95.625,1259,750,794,34592,0.0,0.0
765,95.625,1260,796,676,12784,0.0,0.0
765,95.625,1061,115,388,40155,21.418372948800094,171.34698359040075
765,95.625,1034,599,482,15059,4.442370345633355,35.53896276506684
765,95.625,1214,361,727,25722,21.524702469338568,172.19761975470854
765,95.625,979,858,477,25659,8.740761308683895,69.92609046947116
765,95.625,1261,888,701,22160,0.0,0.0
765,95.625,1262,760,555,15031,0.0,0.0
765,95.625,1242,375,585,20664,29.063384613334584,232.50707690667667
765,95.625,1225,246,787,18492,18.857006296212557,150.85605036970045
765,95.625,1248,686,461,13759,23.366661043863367,186.93328835090693
765,95.625,1160,538,419,12679,23.154139827277742,185.23311861822194
765,95.625,1263,126,780,28646,0.0,0.0
765,95.625,1008,67,183,20363,1.7626240688134458,14.100992550507566
765,95.625,1052,643,885,20778,27.14051453765115,217.1241163012092
765,95.625,1264,465,421,6842,0.0,0.0
765,95.625,1180,287,926,16691,9.980802515592654,79.84642012474123
765,95.625,1265,845,280,20132,0.0,0.0
765,95.625,1266,768,126,26254,0.0,0.0
765,95.625,1267,267,570,13090,0.0,0.0
765,95.625,1268,578,322,6764,0.0,0.0
765,95.625,1189,190,524,6909,26.06578986640685,208.5263189312548
765,95.625,957,426,950,10224,10.48714539751496,83.89716318011968
765,95.625,1249,521,939,15415,10.962255208051088,87.6980416644087
765,95.625,1269,130,576,12949,0.0,0.0
765,95.625,1238,381,874,8314,28.257949552362962,226.0635964189037
765,95.625,1174,702,278,14272,26.827017267954268,214.61613814363415
765,95.625,1221,736,383,5507,8.018676162018767,64.14940929615014
765,95.625,1212,420,486,8443,39.012898167100055,312.10318533680044
765,95.625,1230,790,383,3984,19.6177991450445,156.942393160356
765,95.625,1270,886,159,7308,0.0,0.0
765,95.625,1145,641,331,4196,1.2963015423374458,10.370412338699566
765,95.625,1271,300,450,7582,0.0,0.0
765,95.625,1092,40,537,5828,26.17245983789102,209.37967870312815
765,95.625,1044,428,823,4075,24.814302581021412,198.5144206481713
765,95.625,959,39,479,3045,9.807798556968288,78.46238845574631
765,95.625,1272,700,165,4478,0.0,0.0
765,95.625,1273,366,427,3025,0.0,0.0
765,95.625,1235,192,896,4337,24.073988915478047,192.59191132382438
765,95.625,1274,867,828,2297,0.0,0.0
765,95.625,1275,40,857,6177,0.0,0.0
765,95.625,1183,192,656,4368,41.78386668445973,334.27093347567785
765,95.625,1276,484,523,1898,0.0,0.0
765,95.625,1102,51,636,6760,21.516249390156325,172.1299951212506
765,95.625,1239,41,696,3159,20.139375906762247,161.11500725409797
765,95.625,1182,907,365,3339,1.8464201877761373,14.771361502209098
765,95.625,1251,31,765,3542,0.3649908995362103,2.9199271962896822
765,95.625,1277,146,904,1569,0.0,0.0
765,95.625,1219,586,30,1788,40.586644584681416,324.6931566774513
765,95.625,1019,165,954,2704,29.889084082672294,239.11267266137835
765,95.625,1278,917,306,1350,0.0,0.0
765,95.625,1279,350,991,1021,0.0,0.0
766,95.75,1280,478,229,116375,0.0,0.0
766,95.75,1281,314,182,19568,0.0,0.0
766,95.75,1253,198,166,49311,35.101597008689765,280.8127760695181
766,95.75,1252,153,465,104357,36.8855188608119,295.0841508864952
766,95.75,1282,481,715,93827,0.0,0.0
766,95.75,1107,363,496,22543,15.628070955752927,125.02456764602341
766,95.75,1259,778,767,63376,39.09565500687307,312.7652400549846
766,95.75,1224,833,513,41752,20.61576928540323,164.92615428322583
766,95.75,1248,718,444,17192,36.52366068530939,292.1892854824751
766,95.75,1283,542,495,14182,0.0,0.0
766,95.75,1156,246,765,27773,14.949268198434547,119.59414558747638
766,95.75,1266,740,124,35935,27.762592927466173,222.10074341972938
766,95.75,1076,639,489,13516,5.514966764758892,44.119734118071136
766,95.75,957,424,910,27988,39.81889532562469,318.5511626049975
766,95.75,1265,831,289,21428,15.995627031735804,127.96501625388643
766,95.75,1179,736,319,8420,32.23851653043724,257.9081322434979
766,95.75,1228,107,749,31222,8.605345108201721,68.84276086561377
766,95.75,1180,283,933,17650,8.860164726599553,70.88131781279642
766,95.75,1163,615,66,8193,11.009536123541649,88.07628898833319
766,95.75,1246,653,617,9985,39.4316599757825,315.45327980626
766,95.75,1174,674,294,6024,32.59886117202639,260.7908893762111
766,95.75,1188,671,228,4783,40.91872630476042,327.34981043808335
766,95.75,1270,890,172,9661,13.853310813115915,110.82648650492732
766,95.75,1275,52,867,8917,16.47815892090283,131.82527136722263
766,95.75,1244,890,642,7966,3.139823506486948,25.118588051895586
766,95.75,1284,626,935,8572,0.0,0.0
766,95.75,1277,156,876,3984,29.358193742010453,234.86554993608362
766,95.75,1019,160,930,6177,24.694591575978347,197.55673260782677
766,95.75,1008,79,175,2873,15.019081864525905,120.15265491620724
766,95.75,1285,554,961,4349,0.0,0.0
766,95.75,1286,32,185,4869,0.0,0.0
766,95.75,1249,516,977,3335,39.096843384319634,312.77474707455707
766,95.75,1287,65,119,4055,0.0,0.0
766,95.75,1182,908,350,5053,15.556834458719944,124.45467566975955
766,95.75,1288,36,255,3006,0.0,0.0
766,95.75,1289,693,904,4376,0.0,0.0
766,95.75,1102,56,668,3108,32.0720083812993,256.5760670503944
766,95.75,1145,643,354,2262,22.68379702751805,181.4703762201444
766,95.75,1222,916,827,1710,3.571936787061984,28.575494296495872
767,95.875,1290,431,196,161466,0.0,0.0
767,95.875,1291,91,481,38006,0.0,0.0
767,95.875,1074,231,481,42347,37.03100402457958,296.24803219663664
767,95.875,1292,498,664,29950,0.0,0.0
767,95.875,1293,576,535,56431,0.0,0.0
767,95.875,1214,377,696,24242,35.414197063300435,283.3135765064035
767,95.875,1124,625,828,63117,19.568708283029018,156.54966626423214
767,95.875,1199,840,183,33649,31.395548248753297,251.16438599002637
767,95.875,1179,769,329,35375,34.73285125218936,277.8628100175149
767,95.875,1225,264,782,17752,17.73298044480326,141.86384355842608
767,95.875,1198,191,729,19290,20.388494202391723,163.10795361913378
767,95.875,1294,323,764,4329,0.0,0.0
767,95.875,1107,355,503,21443,10.85564543335732,86.84516346685857
767,95.875,1196,698,91,21823,11.636862412199045,93.09489929759236
767,95.875,957,427,914,28403,4.928868921492437,39.43095137193949
767,95.875,1295,131,261,28200,0.0,0.0
767,95.875,1262,767,528,7328,27.89220816394445,223.1376653115556
767,95.875,1180,292,932,16883,9.346790040173055,74.77432032138444
767,95.875,1254,773,622,12542,29.82544500687779,238.6035600550223
767,95.875,1224,847,499,14620,19.924589538867824,159.3967163109426
767,95.875,1239,69,698,27123,28.03760258553578,224.30082068428624
767,95.875,1237,148,110,9809,33.637759139768875,269.102073118151
767,95.875,1173,675,423,10185,34.760415995665475,278.0833279653238
767,95.875,1296,694,500,5499,0.0,0.0
767,95.875,1019,156,906,14992,23.888673023479992,191.10938418783994
767,95.875,1287,57,151,10416,32.156853249945584,257.2548259995647
767,95.875,1275,59,852,11011,16.99988885044924,135.9991108035939
767,95.875,1244,889,627,10365,15.529204801015895,124.23363840812716
767,95.875,1259,805,738,4239,40.11529069447875,320.92232555583
767,95.875,1297,903,760,8404,0.0,0.0
767,95.875,1274,852,794,6631,36.741552202621044,293.93241762096835
767,95.875,1260,823,683,4384,28.778543279008915,230.22834623207132
767,95.875,1298,798,869,10404,0.0,0.0
767,95.875,1299,32,348,4200,0.0,0.0
767,95.875,1249,541,987,4388,26.63577330663356,213.08618645306848
767,95.875,1288,32,222,2650,33.32284796442557,266.58278371540456
767,95.875,1182,907,357,4321,7.024216506455577,56.193732051644616
767,95.875,1210,895,432,6181,23.559109475842376,188.472875806739
767,95.875,1145,643,354,2336,0.8381989353220471,6.705591482576377
767,95.875,1289,725,873,1788,44.68288189519887,357.46305516159094
767,95.875,1219,593,30,1781,7.742956451523936,61.94365161219149
768,96.0,1258,528,768,37548,18.014332590460953,144.11466072368762
768,96.0,1292,462,662,32075,35.85064486752179,286.8051589401743
768,96.0,1254,764,642,102752,21.78316187506148,174.26529500049185
768,96.0,1176,375,533,47138,34.673509010443816,277.3880720835505
768,96.0,1300,779,234,88621,0.0,0.0
768,96.0,1130,459,926,37450,20.73625726946043,165.89005815568345
768,96.0,1301,215,562,26607,0.0,0.0
768,96.0,1302,338,342,34667,0.0,0.0
768,96.0,1154,530,312,29077,40.81700029469993,326.53600235759944
768,96.0,1291,113,481,31398,21.558985418740964,172.4718833499277
768,96.0,1281,351,201,21424,41.28624465925821,330.28995727406567
768,96.0,1079,568,166,24050,35.63358550885204,285.06868407081635
768,96.0,1295,123,286,33512,26.270756449773444,210.16605159818755
768,96.0,1237,192,117,24982,43.74370060953502,349.94960487628015
768,96.0,1156,277,740,20629,39.43062194449641,315.44497555597127
768,96.0,1104,334,75,20492,8.67528303519653,69.40226428157224
768,96.0,1283,556,457,17415,40.738168655780974,325.9053492462478
768,96.0,1243,484,72,20445,28.862157460849104,230.89725968679284
768,96.0,1052,644,889,21197,4.912770163023553,39.302161304188424
768,96.0,1303,179,775,14025,0.0,0.0
768,96.0,1180,283,913,21627,21.64915957199406,173.19327657595247
768,96.0,1304,817,438,5750,0.0,0.0
768,96.0,1293,577,553,5057,17.71886078985829,141.75088631886632
768,96.0,1163,640,67,10377,24.49852081332539,195.9881665066031
768,96.0,1274,877,783,12393,27.987658752485935,223.90127001988748
768,96.0,1287,52,161,12048,10.94774785877523,87.58198287020184
768,96.0,1019,153,909,16585,4.051210825523944,32.40968660419155
768,96.0,1102,62,660,10706,9.530877596742084,76.24702077393667
768,96.0,1251,46,746,6803,24.20760920651625,193.66087365213
768,96.0,1207,203,366,3914,41.83323498343926,334.6658798675141
768,96.0,1145,642,335,4106,19.067423733146008,152.53938986516806
768,96.0,1298,819,872,6333,20.8671063855758,166.9368510846064
768,96.0,1210,896,426,8306,5.826838656144111,46.61470924915289
768,96.0,1112,91,796,5672,21.95882270554489,175.67058164435912
768,96.0,1092,27,571,5233,36.399232438082194,291.19385950465755
768,96.0,1288,31,263,3546,40.90363665136062,327.22909321088497
768,96.0,1305,136,685,3057,0.0,0.0
768,96.0,1275,40,858,7504,20.07237469987824,160.5789975990259
768,96.0,1182,909,342,3096,14.94156847072912,119.53254776583296
768,96.0,1306,32,411,2802,0.0,0.0
768,96.0,1173,648,435,2560,29.0040190904856,232.0321527238848
768,96.0,1222,917,839,1021,11.307955271222886,90.46364216978309
769,96.125,1307,193,277,109368,0.0,0.0
769,96.125,1308,527,844,102670,0.0,0.0
769,96.125,1300,768,231,92073,11.082732807077646,88.66186245662117
769,96.125,1281,354,246,16206,44.94035377505927,359.5228302004742
769,96.125,1280,481,269,46900,40.18909880015414,321.51279040123313
769,96.125,1291,122,521,36898,40.87094169499607,326.96753355996856
769,96.125,1309,612,115,27002,0.0,0.0
769,96.125,1310,708,543,35982,0.0,0.0
769,96.125,1311,763,420,5711,0.0,0.0
769,96.125,1283,541,487,21146,33.0049139212942,264.0393113703536
769,96.125,1312,226,828,16437,0.0,0.0
769,96.125,1156,285,751,14084,13.108848939410487,104.8707915152839
769,96.125,1267,296,579,15936,30.152796620963183,241.22237296770547
769,96.125,1107,370,497,13172,16.596292659040266,132.77034127232213
769,96.125,1313,865,556,18269,0.0,0.0
769,96.125,1292,488,628,7840,42.57134218050571,340.5707374440457
769,96.125,1314,529,581,8870,0.0,0.0
769,96.125,1203,382,640,13681,35.25217616329772,282.01740930638175
769,96.125,1243,473,71,20582,10.153823182432886,81.23058545946309
769,96.125,1160,553,390,7977,32.759366494419176,262.0749319553534
769,96.125,1214,378,738,6932,42.35151389216819,338.81211113734554
769,96.125,1180,301,937,16065,30.552797926846367,244.42238341477093
769,96.125,1104,319,76,14147,15.533706769508578,124.26965415606863
769,96.125,1019,154,912,16534,3.889355250102939,31.11484200082351
769,96.125,1315,746,823,16644,0.0,0.0
769,96.125,1198,220,698,3487,42.355421594200685,338.8433727536055
769,96.125,1287,49,165,13058,5.245389901576061,41.96311921260849
769,96.125,1250,226,648,5503,24.059116466737564,192.4729317339005
769,96.125,1261,867,687,11951,25.41381246942876,203.31049975543007
769,96.125,1259,797,733,5386,9.346036006283176,74.76828805026541
769,96.125,1316,701,695,10052,0.0,0.0
769,96.125,1210,885,412,6216,17.806191538565077,142.44953230852062
769,96.125,1251,39,732,8381,16.06458276032801,128.51666208262407
769,96.125,1182,898,349,4580,12.643080448063362,101.1446435845069
769,96.125,979,895,467,3523,38.216299476119296,305.73039580895437
769,96.125,1317,383,53,3029,0.0,0.0
769,96.125,1298,843,847,12342,34.49188564920379,275.9350851936303
769,96.125,1112,102,776,4924,22.378002268982193,179.02401815185755
769,96.125,1102,72,654,9371,11.901546336825426,95.21237069460341
769,96.125,1318,81,827,3597,0.0,0.0
769,96.125,1264,439,447,3299,36.77496601563417,294.19972812507336
769,96.125,1319,809,633,2661,0.0,0.0
769,96.125,1254,761,631,2861,11.336000893726716,90.68800714981373
769,96.125,1183,151,645,4525,42.36042945367007,338.8834356293606
769,96.125,1297,900,772,5300,12.880822266822092,103.04657813457673
769,96.125,1275,40,872,5519,14.067869466722183,112.54295573377746
769,96.125,1305,150,719,4599,36.64100199183843,293.12801593470743
769,96.125,1173,643,432,3354,6.228671808697103,49.82937446957683
769,96.125,1306,26,420,2215,10.402689524917886,83.22151619934309
769,96.125,1320,24,812,763,0.0,0.0
770,96.25,1179,773,295,120681,34.573666001453724,276.5893280116298
770,96.25,1308,530,854,97976,10.09622546459339,80.76980371674712
770,96.25,1321,484,221,77805,0.0,0.0
770,96.25,1309,625,152,32107,39.236570943574556,313.89256754859645
770,96.25,1203,397,653,44570,20.448758540928477,163.59006832742782
770,96.25,1283,516,505,48238,31.74269983866797,253.94159870934376
770,96.25,1198,224,734,39188,36.84988305377765,294.7990644302212
770,96.25,1235,222,908,38718,32.503051382961424,260.0244110636914
770,96.25,1259,788,749,62248,18.627134030569025,149.0170722445522
770,96.25,1291,133,513,47589,13.177384239667068,105.41907391733655
770,96.25,1302,302,344,25291,36.971392525335176,295.7711402026814
770,96.25,1295,111,312,29210,28.703968056924772,229.63174445539818
770,96.25,1237,195,122,28705,5.869639650691923,46.95711720553538
770,96.25,1322,130,211,7363,0.0,0.0
770,96.25,1104,341,84,21502,23.52808451870218,188.22467614961744
770,96.25,1246,663,638,12499,22.61007469915415,180.8805975932332
770,96.25,1323,305,212,11266,0.0,0.0
770,96.25,1271,329,477,12401,39.45451005908329,315.6360804726663
770,96.25,1287,51,158,12056,6.796888038042458,54.375104304339665
770,96.25,1224,813,527,4165,44.15804673236597,353.26437385892774
770,96.25,1301,249,587,4724,42.06963222862155,336.5570578289724
770,96.25,1324,822,580,4004,0.0,0.0
770,96.25,979,886,476,11493,12.581973880536989,100.65579104429591
770,96.25,1102,38,666,7903,35.14952123402078,281.19616987216625
770,96.25,1251,41,752,4991,20.112791883000632,160.90233506400506
770,96.25,1112,86,796,5460,25.237403449237366,201.89922759389893
770,96.25,1275,42,863,7692,9.550273895308823,76.40219116247059
770,96.25,1239,103,678,3797,39.314437965548045,314.51550372438436
770,96.25,1244,898,592,7124,36.39287663806237,291.14301310449895
770,96.25,1297,897,790,4795,17.562547582558704,140.50038066046963
770,96.25,1207,204,379,2387,13.384498580809035,107.07598864647228
770,96.25,1279,358,989,2055,8.71289781616694,69.70318252933552
770,96.25,959,23,506,1851,31.42158738713679,251.3726990970943
770,96.25,1299,37,378,2086,30.703133651438186,245.6250692115055
770,96.25,1222,912,843,1377,6.688329090022045,53.50663272017636
771,96.375,1283,509,521,55973,16.6607390908368,133.2859127266944
771,96.375,1325,192,224,74313,0.0,0.0
771,96.375,1326,684,138,66136,0.0,0.0
771,96.375,1154,530,327,27503,14.541039190234835,116.32831352187868
771,96.375,1327,199,569,24567,0.0,0.0
771,96.375,1267,300,541,16425,37.72652562134894,301.8122049707915
771,96.375,1311,726,399,30412,42.308691207852995,338.46952966282396
771,96.375,1328,322,388,20543,0.0,0.0
771,96.375,1291,107,519,16084,26.58088680685293,212.64709445482345
771,96.375,1282,502,736,44750,29.481146142945473,235.84916914356378
771,96.375,1329,737,760,41032,0.0,0.0
771,96.375,1265,809,285,18903,23.227495851587317,185.81996681269854
771,96.375,1330,405,320,11046,0.0,0.0
771,96.375,1331,532,919,26430,0.0,0.0
771,96.375,1235,253,909,35939,31.644197159560882,253.15357727648706
771,96.375,1332,97,415,12589,0.0,0.0
771,96.375,1262,765,551,21326,22.897257406732987,183.1780592538639
771,96.375,1333,361,606,12178,0.0,0.0
771,96.375,1239,75,713,27276,44.532768979691504,356.26215183753203
771,96.375,957,429,938,11657,23.811846580461427,190.49477264369142
771,96.375,1334,660,587,14252,0.0,0.0
771,96.375,1290,439,187,14436,12.751229243475395,102.00983394780316
771,96.375,1104,339,70,18092,13.61891936772953,108.95135494183624
771,96.375,1335,341,184,8181,0.0,0.0
771,96.375,1156,302,751,16672,16.33255379171891,130.6604303337513
771,96.375,1336,535,211,7359,0.0,0.0
771,96.375,1270,889,194,15618,21.530688123471304,172.24550498777043
771,96.375,1052,651,894,16507,8.58579869837206,68.68638958697647
771,96.375,1243,479,62,16499,10.5403744646384,84.3229957171072
771,96.375,1337,373,875,8533,0.0,0.0
771,96.375,1198,221,706,7061,28.503241028681696,228.02592822945357
771,96.375,1261,876,695,15893,12.882272682518119,103.05818146014495
771,96.375,1303,167,762,6779,16.936521405877055,135.49217124701644
771,96.375,1287,55,165,13254,8.146066900730853,65.16853520584682
771,96.375,1288,36,296,7762,32.761470129166426,262.0917610333314
771,96.375,1298,840,844,11990,4.598338181690908,36.78670545352726
771,96.375,1210,873,433,6549,24.25814033610964,194.06512268887712
771,96.375,1313,882,548,12307,18.757252300778912,150.0580184062313
771,96.375,1182,902,360,6106,11.52310222955693,92.18481783645544
771,96.375,1275,41,862,7594,1.4803208989950478,11.842567191960383
771,96.375,1019,119,896,8318,38.354713941771756,306.83771153417405
771,96.375,959,28,513,5676,8.921176001497269,71.36940801197815
771,96.375,979,917,475,1651,31.49945235219084,251.99561881752672
771,96.375,1222,913,841,1597,3.0310573928089064,24.24845914247125
772,96.5,1237,192,164,50755,41.7878943771856,334.3031550174848
772,96.5,1335,362,202,56776,27.782348939924695,222.25879151939756
772,96.5,1338,121,371,51483,0.0,0.0
772,96.5,1283,534,487,70575,41.83803861893922,334.7043089515138
772,96.5,1339,582,893,50254,0.0,0.0
772,96.5,1074,270,479,36702,38.66426771280295,309.3141417024236
772,96.5,1154,495,325,13207,35.50272194672518,284.02177557380145
772,96.5,1340,549,720,22618,0.0,0.0
772,96.5,1243,478,95,23193,33.17538816988633,265.40310535909066
772,96.5,1341,772,128,24258,0.0,0.0
772,96.5,1079,548,183,13454,26.429987522536067,211.43990018028853
772,96.5,957,408,900,24434,42.563304317401666,340.50643453921333
772,96.5,1163,627,109,25338,43.66329708139167,349.30637665113335
772,96.5,1342,867,255,33645,0.0,0.0
772,96.5,1235,245,904,34083,9.722912191261806,77.78329753009444
772,96.5,1343,702,236,18226,0.0,0.0
772,96.5,1327,187,601,18985,34.35521843638627,274.84174749109013
772,96.5,1214,406,707,23256,42.656510182900426,341.2520814632034
772,96.5,1239,73,708,26489,5.772008414793771,46.17606731835017
772,96.5,1319,787,609,16061,32.23858502589647,257.90868020717176
772,96.5,1244,887,617,14706,27.53186542904645,220.2549234323716
772,96.5,1259,783,730,12988,20.495675258613527,163.96540206890822
772,96.5,1344,565,287,4176,0.0,0.0
772,96.5,1198,240,710,12326,19.32470776383115,154.5976621106492
772,96.5,1310,690,550,20880,18.755018260935653,150.04014608748523
772,96.5,1333,326,619,11575,38.064848618210796,304.51878894568637
772,96.5,1210,854,467,19533,38.53456453411999,308.2765162729599
772,96.5,1315,752,848,14847,25.415468728790543,203.32374983032435
772,96.5,1345,781,391,9124,0.0,0.0
772,96.5,1303,163,766,7582,5.588060468987991,44.70448375190393
772,96.5,1294,303,775,8024,23.43043072410881,187.44344579287048
772,96.5,1311,711,370,6122,31.856741707314733,254.85393365851786
772,96.5,1092,62,558,8150,36.76636963204526,294.1309570563621
772,96.5,1287,45,167,11363,10.212977070888677,81.70381656710941
772,96.5,1346,894,740,6791,0.0,0.0
772,96.5,1316,686,696,5840,15.119500697325016,120.95600557860013
772,96.5,1275,42,856,8686,5.9592003866768435,47.67360309341475
772,96.5,1347,660,752,2877,0.0,0.0
772,96.5,1298,853,822,8212,24.636445693131463,197.0915655450517
772,96.5,1145,630,304,3076,33.93036252790575,271.442900223246
772,96.5,1019,109,919,5045,25.384875220967256,203.07900176773805
772,96.5,1348,134,864,3025,0.0,0.0
772,96.5,1246,636,653,2708,30.272393762459984,242.17915009967987
772,96.5,1279,358,991,2145,1.9120602752945381,15.296482202356305
772,96.5,1349,824,896,2528,0.0,0.0
772,96.5,1222,912,844,1628,3.411273902125879,27.29019121700703
773,96.625,1325,181,239,132702,18.435722292979094,147.48577834383275
773,96.625,1309,585,159,66136,40.59767366988363,324.78138935906907
773,96.625,1350,415,133,27057,0.0,0.0
773,96.625,1351,416,394,56032,0.0,0.0
773,96.625,1203,379,666,29977,21.88794485178161,175.1035588142529
773,96.625,1352,734,704,39145,0.0,0.0
773,96.625,1282,475,740,11563,27.34936923392574,218.7949538714059
773,96.625,1353,466,825,12197,0.0,0.0
773,96.625,957,412,927,34455,26.724588806618257,213.79671045294606
773,96.625,1160,565,402,7476,16.96721184664927,135.73769477319416
773,96.625,1283,567,475,11696,34.86100225231931,278.8880180185545
773,96.625,1315,730,865,22692,27.131718044785895,217.05374435828716
773,96.625,1314,532,578,22860,4.279564891491316,34.23651913193053
773,96.625,1342,841,225,48677,38.70142845838908,309.61142766711265
773,96.625,1310,726,545,29871,36.194771616156736,289.5581729292539
773,96.625,1235,225,893,30372,22.587401953972538,180.6992156317803
773,96.625,1156,291,747,11833,11.977478432356117,95.81982745884893
773,96.625,1339,592,903,28947,14.587480331015865,116.69984264812692
773,96.625,1250,221,681,14581,33.01103004974531,264.08824039796247
773,96.625,1305,134,716,14714,15.679619770022974,125.43695816018379
773,96.625,1340,546,692,6838,28.14294798301902,225.14358386415216
773,96.625,1343,723,271,9504,39.79190786592162,318.335262927373
773,96.625,1345,750,392,17771,31.766404455679407,254.13123564543525
773,96.625,1092,53,579,18065,22.437218668495152,179.49774934796122
773,96.625,1354,132,585,6924,0.0,0.0
773,96.625,1355,596,723,5449,0.0,0.0
773,96.625,1318,56,833,16202,25.659093918290136,205.2727513463211
773,96.625,1313,874,558,10248,12.218219181543263,97.74575345234611
773,96.625,1267,302,543,8987,3.2582882075405233,26.066305660324186
773,96.625,1356,162,530,4352,0.0,0.0
773,96.625,1357,866,421,7371,0.0,0.0
773,96.625,979,889,483,5601,28.989743701122762,231.9179496089821
773,96.625,1358,718,64,10858,0.0,0.0
773,96.625,1359,224,545,7014,0.0,0.0
773,96.625,1244,881,645,6415,28.610666608064477,228.88533286451582
773,96.625,1360,216,449,7026,0.0,0.0
773,96.625,1346,895,734,7934,6.802822180068355,54.42257744054684
773,96.625,1251,40,723,4752,28.48891938259246,227.91135506073968
773,96.625,1361,652,378,3444,0.0,0.0
773,96.625,1362,153,474,2830,0.0,0.0
773,96.625,1298,852,825,8255,3.0262642140712157,24.210113712569726
773,96.625,1173,662,444,3468,23.008821957087612,184.0705756567009
773,96.625,1019,110,926,5006,7.145998191709089,57.16798553367271
773,96.625,1145,622,346,1777,43.17072432532574,345.36579460260594
773,96.625,1348,138,867,2356,4.986270711696325,39.8901656935706
773,96.625,1363,119,75,3143,0.0,0.0
773,96.625,1364,299,987,1303,0.0,0.0
773,96.625,1365,915,112,1374,0.0,0.0
773,96.625,1349,836,902,1636,13.501182693394137,108.0094615471531
773,96.625,1222,911,847,1691,3.5367724266889122,28.294179413511298
774,96.75,1271,302,497,56619,34.20121171559971,273.6096937247977
774,96.75,1366,479,404,72747,0.0,0.0
774,96.75,1319,782,609,66695,5.764585739378914,46.11668591503131
774,96.75,1340,548,680,44582,11.947254179678994,95.57803343743196
774,96.75,1367,566,114,54462,0.0,0.0
774,96.75,1368,78,218,32760,0.0,0.0
774,96.75,1369,352,128,45655,0.0,0.0
774,96.75,1214,384,715,25456,23.656319844534224,189.2505587562738
774,96.75,1339,583,900,42907,9.971933417796397,79.77546734237117
774,96.75,1325,189,210,17779,29.795699780632155,238.36559824505724
774,96.75,1332,98,412,30341,2.9462148614851613,23.56971889188129
774,96.75,1305,168,699,29206,38.00499999104464,304.03999992835713
774,96.75,1235,235,903,35861,14.215318474999124,113.722547799993
774,96.75,1342,849,186,30967,39.96725765417355,319.7380612333884
774,96.75,1354,114,556,23620,34.184841553066335,273.4787324245307
774,96.75,1370,214,89,11038,0.0,0.0
774,96.75,1316,675,724,9426,30.24101882638026,241.92815061104207
774,96.75,1344,562,273,6635,14.042428602304803,112.33942881843842
774,96.75,1326,691,167,6486,29.193868623079396,233.55094898463517
774,96.75,1343,719,261,15454,10.396897623441122,83.17518098752898
774,96.75,1371,701,823,8608,0.0,0.0
774,96.75,1156,280,761,12499,17.471021266334755,139.76817013067804
774,96.75,957,451,948,13837,44.174185738474534,353.3934859077963
774,96.75,1372,859,334,15834,0.0,0.0
774,96.75,1345,755,406,16225,14.369743384703307,114.95794707762646
774,96.75,1373,779,857,13963,0.0,0.0
774,96.75,1337,370,907,14636,32.48880360699,259.91042885592
774,96.75,1374,255,288,5711,0.0,0.0
774,96.75,1173,654,461,5848,18.592414820910204,148.73931856728163
774,96.75,1318,53,812,21013,20.84945634443604,166.7956507554883
774,96.75,1375,317,276,5057,0.0,0.0
774,96.75,1361,666,391,4611,18.814719909796647,150.51775927837318
774,96.75,979,884,451,12001,31.907818443765212,255.2625475501217
774,96.75,1358,748,80,10365,33.510717464626424,268.0857397170114
774,96.75,1346,897,733,7774,2.1428703216642147,17.142962573313717
774,96.75,1102,40,649,6971,16.57247094300629,132.57976754405033
774,96.75,1145,632,323,5445,25.286605255964112,202.2928420477129
774,96.75,1298,871,830,8854,19.503675709129972,156.02940567303978
774,96.75,1019,112,921,5726,5.390161024720317,43.12128819776254
774,96.75,1363,124,74,3898,5.399915775360069,43.19932620288055
774,96.75,1349,825,915,602,17.302718138047343,138.42174510437874
775,96.875,1160,562,398,49092,4.999963883685275,39.9997110694822
775,96.875,1224,785,529,59324,28.393389453447178,227.14711562757742
775,96.875,1351,378,375,54040,41.92796843559978,335.42374748479824
775,96.875,1352,743,713,33758,12.920665459155419,103.36532367324335
775,96.875,1265,818,268,72986,19.556942148208282,156.45553718566626
775,96.875,1237,235,169,61751,43.07860349693632,344.62882797549054
775,96.875,1327,182,576,41607,25.830420073866563,206.6433605909325
775,96.875,1367,559,92,31124,23.790673350008515,190.32538680006812
775,96.875,1376,599,229,24759,0.0,0.0
775,96.875,957,443,904,42417,44.59947393305487,356.79579146443893
775,96.875,1350,408,107,25824,26.87500432235085,215.0000345788068
775,96.875,1203,356,665,26188,23.420803498534514,187.36642798827612
775,96.875,1314,528,580,25056,5.0605902941520595,40.484722353216476
775,96.875,1315,752,855,19145,24.026440822342142,192.21152657873714
775,96.875,1235,246,913,35841,14.322740117844809,114.58192094275847
775,96.875,1295,94,345,22344,37.355923589393306,298.84738871514645
775,96.875,1377,78,458,14628,0.0,0.0
775,96.875,1112,83,764,41317,32.038999135234434,256.31199308187547
775,96.875,1267,300,558,8310,15.27344601088842,122.18756808710737
775,96.875,1282,502,708,8471,41.756940988567344,334.05552790853875
775,96.875,1378,555,746,10397,0.0,0.0
775,96.875,1052,630,899,24759,21.496534605795432,171.97227684636346
775,96.875,1287,63,183,19721,24.3858804860203,195.0870438881624
775,96.875,1379,432,748,10154,0.0,0.0
775,96.875,1355,612,702,7484,26.53438605949606,212.2750884759685
775,96.875,1156,270,768,12957,11.996928438958944,95.97542751167155
775,96.875,1207,239,394,10252,37.997906956730304,303.98325565384243
775,96.875,1358,732,90,15618,19.28750390340084,154.30003122720672
775,96.875,1380,666,66,3718,0.0,0.0
775,96.875,1381,552,991,4979,0.0,0.0
775,96.875,1092,43,574,6008,10.998606537688776,87.9888523015102
775,96.875,1346,897,738,6873,5.327758966654826,42.622071733238606
775,96.875,1298,857,835,8279,14.361052302928979,114.88841842343183
775,96.875,1244,897,655,5190,19.326419668208977,154.61135734567182
775,96.875,1019,110,918,6247,3.147404980686703,25.179239845493623
775,96.875,1363,122,76,3910,2.597745909263143,20.781967274105146
775,96.875,1222,911,848,1745,0.6378374806790887,5.10269984543271
776,97.0,1382,323,163,98137,0.0,0.0
776,97.0,1319,768,636,80451,30.6304607954397,245.0436863635176
776,97.0,1376,622,210,53766,30.201540242317925,241.6123219385434
776,97.0,1361,646,404,43803,24.20797906706104,193.66383253648831
776,97.0,1340,537,655,52783,26.973030890090147,215.78424712072118
776,97.0,1368,91,198,39509,23.556621708048546,188.45297366438837
776,97.0,1342,837,194,41130,14.341715893668164,114.73372714934531
776,97.0,1203,342,688,31343,26.425766237811903,211.40612990249522
776,97.0,1366,469,371,20551,33.74045907044976,269.9236725635981
776,97.0,1074,264,438,33586,40.70813187962519,325.66505503700154
776,97.0,957,451,900,34342,9.656251068873646,77.25000855098916
776,97.0,1210,856,445,19466,21.82687029504842,174.61496236038735
776,97.0,1377,85,438,35774,21.90681334960596,175.2545067968477
776,97.0,1383,435,501,17255,0.0,0.0
776,97.0,1384,165,622,24497,0.0,0.0
776,97.0,1156,240,749,11113,35.18609219958617,281.48873759668936
776,97.0,1052,629,900,25683,1.512146115011855,12.09716892009484
776,97.0,1235,255,939,25080,27.65887367342078,221.27098938736623
776,97.0,1315,737,859,13516,15.264783833280703,122.11827066624562
776,97.0,1267,263,580,8467,41.90238318203622,335.21906545628974
776,97.0,1372,864,344,10956,11.364572468341363,90.9165797467309
776,97.0,1351,359,359,7821,25.34775526945918,202.78204215567345
776,97.0,1379,435,755,8455,7.228598798736047,57.828790389888376
776,97.0,1385,209,851,11050,0.0,0.0
776,97.0,1303,127,780,14992,38.68517861953053,309.48142895624426
776,97.0,1337,346,892,4396,27.576188483758,220.609507870064
776,97.0,1367,542,62,11356,34.50597525587622,276.0478020470098
776,97.0,1298,844,847,13207,18.66589660306582,149.32717282452657
776,97.0,1358,717,60,9892,33.645693684071205,269.16554947256964
776,97.0,1102,45,671,9688,22.078715448743836,176.6297235899507
776,97.0,1381,541,992,6901,11.0177266353471,88.1418130827768
776,97.0,1318,36,776,6216,40.58070244429838,324.64561955438705
776,97.0,1275,51,872,7742,18.31374753840532,146.50998030724256
776,97.0,1354,86,580,2352,36.78982447082746,294.3185957666197
776,97.0,1346,898,752,7758,13.982443210797621,111.85954568638097
776,97.0,1092,50,583,2372,11.303698492972769,90.42958794378215
776,97.0,1386,624,43,5069,0.0,0.0
776,97.0,1019,124,931,3014,19.091670323416174,152.7333625873294
776,97.0,1387,86,924,2051,0.0,0.0
776,97.0,1279,376,1004,1581,22.42587806620898,179.40702452967184
777,97.125,1388,517,832,58130,0.0,0.0
777,97.125,1246,661,645,45894,25.795746829757675,206.3659746380614
777,97.125,1342,843,227,52446,33.68941818320078,269.51534546560623
777,97.125,1337,334,893,29405,12.46332048197992,99.70656385583936
777,97.125,1385,217,891,26830,41.332745207138395,330.66196165710716
777,97.125,1389,235,621,30255,0.0,0.0
777,97.125,1325,182,221,19466,12.790944197701457,102.32755358161165
777,97.125,1332,89,410,36964,8.72372216507525,69.789777320602
777,97.125,1287,75,181,27660,12.46052125218454,99.68417001747632
777,97.125,1390,806,672,25554,0.0,0.0
777,97.125,1343,728,273,14667,15.108560045699614,120.86848036559691
777,97.125,1203,360,673,22489,23.49261541122463,187.94092328979704
777,97.125,1391,709,436,19063,0.0,0.0
777,97.125,1370,207,86,12608,8.400047863442296,67.20038290753837
777,97.125,1384,128,647,14272,44.494138526155645,355.95310820924516
777,97.125,1371,702,855,20003,32.0179035904934,256.1432287239472
777,97.125,1354,68,570,10855,21.363947787146238,170.9115822971699
777,97.125,1244,893,614,12001,41.2885616152548,330.3084929220384
777,97.125,979,877,472,13826,21.40286629651533,171.22293037212265
777,97.125,1360,203,439,6995,16.975406827332016,135.80325461865613
777,97.125,1340,512,662,5871,25.466915540895762,203.7353243271661
777,97.125,1392,456,602,9625,0.0,0.0
777,97.125,1318,48,807,18582,33.13224665208637,265.057973216691
777,97.125,1348,139,859,4536,8.041941968825233,64.33553575060186
777,97.125,1393,484,978,6169,0.0,0.0
777,97.125,1357,829,405,4313,40.36701217122238,322.936097369779
777,97.125,1303,134,784,5954,7.781103968894998,62.24883175115998
777,97.125,1156,214,752,3480,26.211709525119563,209.6936762009565
777,97.125,1224,791,508,5668,21.87579369295091,175.00634954360729
777,97.125,1381,551,993,5578,10.020241646550074,80.1619331724006
777,97.125,1102,43,671,5515,2.3238671341674353,18.590937073339482
777,97.125,1358,735,65,6431,18.80846732100515,150.4677385680412
777,97.125,1298,842,850,12937,2.7293080617834162,21.83446449426733
777,97.125,1346,900,753,7457,2.363763250022394,18.91010600017915
777,97.125,1387,103,922,5742,17.20309441500579,137.62475532004632
777,97.125,1394,421,986,3429,0.0,0.0
777,97.125,1395,650,964,2419,0.0,0.0
777,97.125,1396,766,923,2783,0.0,0.0
777,97.125,1349,824,922,786,6.927873254896049,55.42298603916839
778,97.25,1160,552,400,63896,10.172268957046215,81.37815165636972
778,97.25,1397,324,808,107900,0.0,0.0
778,97.25,1398,372,414,48501,0.0,0.0
778,97.25,1382,285,164,104404,37.9173245663472,303.3385965307776
778,97.25,1384,166,650,45345,38.540394313416314,308.3231545073305
778,97.25,1316,655,687,36996,41.98580858514092,335.8864686811274
778,97.25,1399,541,125,31171,0.0,0.0
778,97.25,1340,543,645,16214,35.719517803003505,285.75614242402804
778,97.25,1380,679,104,30682,39.95729079446844,319.65832635574753
778,97.25,1362,127,466,55543,26.796487660456208,214.37190128364966
778,97.25,1400,736,489,37720,0.0,0.0
778,97.25,1342,840,201,39967,26.234393972599364,209.8751517807949
778,97.25,1343,721,269,17803,8.022415934951987,64.17932747961589
778,97.25,1282,498,718,7163,10.808429544635201,86.46743635708161
778,97.25,1313,882,534,28552,24.51119000351217,196.08952002809735
778,97.25,1373,759,837,25875,28.16741795083743,225.33934360669943
778,97.25,1052,633,906,23686,7.924395823889878,63.39516659111902
778,97.25,1287,57,196,21342,24.139199282685098,193.11359426148078
778,97.25,1275,77,840,31578,41.21229471152895,329.6983576922316
778,97.25,1401,498,909,19114,0.0,0.0
778,97.25,1372,859,361,12730,17.41786938312884,139.3429550650307
778,97.25,1390,795,681,10831,13.93990017952769,111.51920143622152
778,97.25,1295,71,331,6153,27.019468493363433,216.15574794690747
778,97.25,1346,881,781,15622,33.24113697582851,265.9290958066281
778,97.25,1271,281,521,2810,31.692468913897816,253.53975131118253
778,97.25,1381,552,994,5609,1.419974839068527,11.359798712548216
778,97.25,1388,527,792,2066,41.67284201628016,333.38273613024126
778,97.25,1402,864,686,1722,0.0,0.0
778,97.25,1394,413,990,4184,8.768350426300767,70.14680341040614
778,97.25,1363,111,82,2755,12.758160075243266,102.06528060194613
778,97.25,1349,812,922,2446,12.651632869992829,101.21306295994263
779,97.375,1403,615,280,87654,0.0,0.0
779,97.375,1375,317,313,45666,37.02385681205326,296.1908544964261
779,97.375,1325,206,203,34334,29.483045384724747,235.86436307779798
779,97.375,1340,570,662,53374,31.49137346390266,251.9309877112213
779,97.375,1383,447,476,29625,27.19185552301991,217.53484418415928
779,97.375,1404,341,478,16190,0.0,0.0
779,97.375,1405,257,869,66014,0.0,0.0
779,97.375,1389,218,608,45643,21.42444364039949,171.3955491231959
779,97.375,1400,731,530,38566,40.7048595340757,325.6388762726056
779,97.375,1367,526,86,19592,29.114269601183054,232.91415680946443
779,97.375,1350,416,98,20927,11.771902324743929,94.17521859795143
779,97.375,1342,810,184,27413,34.347440342547685,274.7795227403815
779,97.375,1406,263,70,23451,0.0,0.0
779,97.375,1362,158,445,18891,36.86977498486553,294.95819987892423
779,97.375,1373,750,831,30341,10.93655035240216,87.49240281921728
779,97.375,1407,419,863,11399,0.0,0.0
779,97.375,1408,681,900,7629,0.0,0.0
779,97.375,1052,641,921,5644,16.631889094281743,133.05511275425394
779,97.375,1339,596,914,8572,19.74565400590705,157.9652320472564
779,97.375,1409,552,843,9418,0.0,0.0
779,97.375,1372,866,332,19760,29.688244551387072,237.50595641109658
779,97.375,1313,877,533,29359,4.477309411087671,35.81847528870137
779,97.375,1393,470,940,18750,40.57070294960715,324.5656235968572
779,97.375,1287,57,193,21647,3.2609773865928586,26.08781909274287
779,97.375,1410,51,477,11469,0.0,0.0
779,97.375,1379,432,752,8114,4.172719912027125,33.381759296217
779,97.375,1390,773,681,8510,22.459461940839642,179.67569552671713
779,97.375,1411,683,58,17431,0.0,0.0
779,97.375,1402,848,723,13070,40.34896364338404,322.7917091470723
779,97.375,1214,366,734,6576,26.197898625049593,209.58318900039674
779,97.375,1112,80,780,15231,16.353801426374407,130.83041141099525
779,97.375,1203,393,646,8940,42.202032509108896,337.61626007287117
779,97.375,1295,52,361,10447,35.3536024295182,282.8288194361456
779,97.375,1346,880,798,8126,17.316486795736157,138.53189436588926
779,97.375,1412,598,472,6803,0.0,0.0
779,97.375,1102,67,678,11305,25.11003931436918,200.88031451495343
779,97.375,1381,553,995,5758,0.8617702501097434,6.894162000877947
779,97.375,1413,41,875,7022,0.0,0.0
779,97.375,1414,110,313,4580,0.0,0.0
779,97.375,1092,46,579,5656,6.273516506157077,50.188132049256616
779,97.375,1387,108,929,6494,8.396948351106817,67.17558680885453
779,97.375,1415,902,134,4920,0.0,0.0
779,97.375,1416,542,451,1929,0.0,0.0
779,97.375,1417,906,200,2708,0.0,0.0
779,97.375,1363,111,82,2724,0.6854870560057633,5.4838964480461065
779,97.375,1349,830,922,1182,18.46678777267147,147.73430218137176
779,97.375,1222,912,852,1612,4.2451328368855625,33.9610626950845
780,97.5,1350,429,133,80032,36.96188414450007,295.69507315600055
780,97.5,1405,296,863,79050,38.710208564120514,309.6816685129641
780,97.5,1366,459,390,20653,20.747350074274145,165.97880059419316
780,97.5,1418,479,295,14080,0.0,0.0
780,97.5,1416,535,473,24082,22.761407091601427,182.09125673281142
780,97.5,1380,676,116,37927,12.350136844551768,98.80109475641414
780,97.5,1343,680,276,22305,41.3226948402436,330.5815587219488
780,97.5,1391,700,415,33614,22.307906764830086,178.4632541186407
780,97.5,1314,532,612,15799,32.23824699730382,257.90597597843055
780,97.5,1419,288,631,27957,0.0,0.0
780,97.5,1355,624,674,24638,30.818956983423696,246.55165586738957
780,97.5,1404,321,444,37168,40.38864497859705,323.1091598287764
780,97.5,1237,206,138,32404,42.03010532819186,336.24084262553487
780,97.5,1400,752,561,30110,36.92051073917846,295.3640859134277
780,97.5,1420,450,680,24794,0.0,0.0
780,97.5,1327,164,608,22273,37.127677758477724,297.0214220678218
780,97.5,1372,861,290,20817,42.03440263463534,336.27522107708273
780,97.5,1393,468,933,21342,7.374501682918772,58.996013463350174
780,97.5,1421,711,801,17893,0.0,0.0
780,97.5,1415,875,163,14503,39.70832850806821,317.6666280645457
780,97.5,1410,65,516,22058,41.33776652607455,330.7021322085964
780,97.5,1052,658,908,14988,20.812407604884967,166.49926083907974
780,97.5,1287,72,207,27440,20.476702231901193,163.81361785520954
780,97.5,1422,799,121,10279,0.0,0.0
780,97.5,1409,558,836,13462,8.90093672316533,71.20749378532264
780,97.5,1360,193,430,9167,13.326520989695256,106.61216791756205
780,97.5,1298,831,833,27848,19.524371994144985,156.19497595315988
780,97.5,1357,850,395,6388,23.574050311368982,188.59240249095186
780,97.5,1402,830,685,10079,41.09819960620068,328.78559684960544
780,97.5,1390,757,693,4748,20.103078076654956,160.82462461323965
780,97.5,1362,123,433,4439,37.71955716238479,301.7564572990783
780,97.5,1414,153,323,8615,44.21498207613495,353.7198566090796
780,97.5,1423,241,295,7418,0.0,0.0
780,97.5,1244,886,603,10424,13.226348204406142,105.81078563524913
780,97.5,1381,553,996,5946,0.9402905304625199,7.522324243700159
780,97.5,979,886,493,7813,23.235331081380508,185.88264865104406
780,97.5,1332,112,382,3096,36.57409544018492,292.59276352147936
780,97.5,1339,589,946,4756,32.19214684745165,257.5371747796132
780,97.5,1295,50,362,8251,1.6364372361927275,13.09149788954182
780,97.5,1303,122,794,9621,15.276094041580535,122.20875233264428
780,97.5,1375,309,292,3108,22.58301122765627,180.66408982125017
780,97.5,1102,81,693,9050,20.284225556459386,162.2738044516751
780,97.5,1413,40,879,6318,3.5943969616050766,28.755175692840613
780,97.5,1387,109,922,7590,6.506400495685275,52.0512039654822
780,97.5,1318,33,770,8365,39.97231552626298,319.77852421010385
780,97.5,1424,911,416,3264,0.0,0.0
780,97.5,1363,118,74,3793,10.509598688693892,84.07678950955113
780,97.5,1425,21,648,2775,0.0,0.0
780,97.5,1426,913,700,1726,0.0,0.0
781,97.625,1397,284,792,103429,42.67289377663121,341.3831502130497
781,97.625,1383,432,459,91932,23.21466867465291,185.71734939722327
781,97.625,1427,675,171,88108,0.0,0.0
781,97.625,1412,613,483,24790,18.361972306636122,146.89577845308898
781,97.625,1428,126,287,90879,0.0,0.0
781,97.625,1429,474,844,47091,0.0,0.0
781,97.625,1391,736,439,28509,43.60404330517182,348.83234644137457
781,97.625,1327,158,599,21181,11.210046042720116,89.68036834176092
781,97.625,1355,629,660,24602,14.24483221904525,113.958657752362
781,97.625,1350,430,122,33610,11.05465636012804,88.43725088102433
781,97.625,1367,519,98,8381,13.997920424321334,111.98336339457067
781,97.625,1319,752,638,17638,15.99938215184373,127.99505721474983
781,97.625,1372,858,305,23898,14.843341576619459,118.74673261295567
781,97.625,1415,875,165,15031,1.7108959017329906,13.687167213863924
781,97.625,1421,697,801,16358,14.616487260085847,116.93189808068678
781,97.625,1410,63,535,16053,19.37736374384932,155.01890995079455
781,97.625,1313,863,539,23373,15.397043471670866,123.17634777336693
781,97.625,1346,856,768,29699,38.32989128720382,306.6391302976306
781,97.625,1339,616,916,14824,39.65755746336081,317.2604597068865
781,97.625,1408,686,909,6772,10.664382347311367,85.31505877849094
781,97.625,1315,778,869,11532,42.11217012719436,336.8973610175549
781,97.625,1102,77,714,21710,21.608685352509827,172.86948282007862
781,97.625,1430,312,236,19177,0.0,0.0
781,97.625,1409,574,828,6306,18.14165231593974,145.13321852751793
781,97.625,1413,72,881,19236,32.24348636838238,257.947890947059
781,97.625,1431,520,261,4991,0.0,0.0
781,97.625,1370,210,68,10244,17.908276895805365,143.26621516644292
781,97.625,1432,306,84,13011,0.0,0.0
781,97.625,1074,272,394,9340,44.69286011534306,357.5428809227445
781,97.625,1381,553,996,6314,0.4507917237293455,3.606333789834764
781,97.625,1303,123,810,3918,16.66764432397743,133.34115459181945
781,97.625,1433,597,761,2501,0.0,0.0
781,97.625,1434,903,651,2990,0.0,0.0
781,97.625,1363,116,73,3671,2.217140192180823,17.737121537446583
781,97.625,1424,905,415,3863,6.013111656276027,48.104893250208214
781,97.625,1279,364,1009,2540,13.966340053238536,111.73072042590829
782,97.75,1427,646,166,106361,29.450077525521326,235.6006202041706
782,97.75,1397,303,811,108209,26.577300253937604,212.61840203150084
782,97.75,1428,136,268,78787,21.414380520416103,171.31504416332882
782,97.75,1398,373,414,50243,0.5224280832655258,4.1794246661242065
782,97.75,1375,288,304,20418,23.946464836739032,191.57171869391226
782,97.75,1416,507,482,41768,28.993104968601678,231.94483974881342
782,97.75,1435,374,112,47224,0.0,0.0
782,97.75,1436,719,593,24677,0.0,0.0
782,97.75,1437,607,586,13567,0.0,0.0
782,97.75,1438,789,797,50364,0.0,0.0
782,97.75,1439,611,379,11692,0.0,0.0
782,97.75,1391,733,440,26657,3.782453046418944,30.259624371351553
782,97.75,1393,467,933,22081,0.22180744466535526,1.774459557322842
782,97.75,1372,860,294,21854,10.930898600079798,87.44718880063839
782,97.75,1415,876,162,14354,2.886784831785488,23.094278654283904
782,97.75,1410,60,524,20202,11.73116689097439,93.84933512779511
782,97.75,1102,101,697,26438,29.40811918925193,235.26495351401545
782,97.75,1390,763,680,4740,14.226282285918174,113.81025828734539
782,97.75,1420,456,646,10029,34.759059089962165,278.0724727196973
782,97.75,1408,688,911,6658,2.4206427341217833,19.365141872974267
782,97.75,1052,644,916,5883,15.524840347985839,124.19872278388671
782,97.75,1295,58,403,7805,41.90829263213294,335.2663410570635
782,97.75,1339,599,897,7046,25.228570829121608,201.82856663297287
782,97.75,1327,144,568,8885,33.82053389930375,270.56427119443
782,97.75,1433,604,720,12812,41.8632216440854,334.9057731526832
782,97.75,1409,553,831,11657,20.551217860558694,164.40974288446955
782,97.75,1413,83,865,25906,18.529534192560174,148.2362735404814
782,97.75,1440,204,536,6075,0.0,0.0
782,97.75,1370,208,68,9113,2.3894894175668444,19.115915340534755
782,97.75,979,888,468,15110,25.41569399432731,203.32555195461848
782,97.75,1271,254,548,5558,38.48010160712475,307.840812856998
782,97.75,1282,511,726,7437,14.448061838426003,115.58449470740803
782,97.75,1381,566,991,8658,13.586999100025391,108.69599280020313
782,97.75,1313,844,552,5574,23.20557048691266,185.64456389530127
782,97.75,1244,886,621,8353,17.982821639058653,143.86257311246922
782,97.75,1357,851,389,2779,6.1291219664070224,49.03297573125618
782,97.75,1402,861,682,5374,31.07634923991952,248.61079391935615
782,97.75,1363,116,73,3573,0.29059610528131,2.32476884225048
782,97.75,1396,767,927,3104,4.114411904404622,32.915295235236975
782,97.75,1349,830,923,1190,0.3230432554373102,2.5843460434984817
783,97.875,1375,297,326,45181,23.916963356182,191.335706849456
783,97.875,1441,532,184,81500,0.0,0.0
783,97.875,1442,417,299,26070,0.0,0.0
783,97.875,1237,176,152,82119,33.41508116221915,267.3206492977532
783,97.875,1443,650,542,57758,0.0,0.0
783,97.875,1444,680,369,27225,0.0,0.0
783,97.875,1445,344,911,27609,0.0,0.0
783,97.875,1446,226,872,34772,0.0,0.0
783,97.875,1447,725,114,40648,0.0,0.0
783,97.875,1448,313,581,37223,0.0,0.0
783,97.875,1449,816,672,37340,0.0,0.0
783,97.875,1407,429,829,35383,36.0175288138844,288.1402305110752
783,97.875,1450,108,514,40707,0.0,0.0
783,97.875,1451,456,541,29492,0.0,0.0
783,97.875,1298,821,837,32474,10.214665998731977,81.71732798985582
783,97.875,1372,858,277,16859,17.23279393616961,137.86235148935688
783,97.875,1332,150,371,12859,39.524432472039926,316.1954597763194
783,97.875,1357,861,392,16899,10.897918050241842,87.18334440193473
783,97.875,1415,876,162,14468,0.5245553099067418,4.1964424792539345
783,97.875,1339,587,870,24825,29.24992256297703,233.99938050381624
783,97.875,1452,219,688,13524,0.0,0.0
783,97.875,1408,688,877,13395,33.84895921592566,270.7916737274053
783,97.875,1433,604,719,12792,1.2425942885140435,9.940754308112348
783,97.875,1102,83,684,20680,22.811057226978573,182.48845781582858
783,97.875,1313,855,511,16339,42.295356617127176,338.3628529370174
783,97.875,1282,501,713,10811,16.046452490067903,128.37161992054322
783,97.875,1453,678,756,4693,0.0,0.0
783,97.875,1454,484,983,5930,0.0,0.0
783,97.875,1455,756,270,4325,0.0,0.0
783,97.875,1381,563,992,8247,2.9206654147741453,23.365323318193163
783,97.875,1303,115,783,6623,29.21533768272226,233.7227014617781
783,97.875,1456,133,860,6811,0.0,0.0
783,97.875,1275,37,823,6533,44.208327681264294,353.66662145011435
783,97.875,1457,45,359,7680,0.0,0.0
783,97.875,1458,59,905,6819,0.0,0.0
783,97.875,1387,124,956,2595,36.58125303111038,292.650024248883
784,98.0,1214,335,755,173257,37.703792621212756,301.63034096970205
784,98.0,1459,674,218,110378,0.0,0.0
784,98.0,1438,804,758,79116,41.00323361862389,328.0258689489911
784,98.0,1355,635,646,44257,15.28077386073555,122.2461908858844
784,98.0,1460,470,145,46215,0.0,0.0
784,98.0,1461,372,306,44880,0.0,0.0
784,98.0,1450,101,548,70121,34.099190996699896,272.79352797359917
784,98.0,1383,463,460,14855,30.843291916648187,246.7463353331855
784,98.0,1372,856,312,33116,34.770349239338735,278.1627939147099
784,98.0,1074,269,426,22097,32.03530781407984,256.28246251263874
784,98.0,1237,163,152,16746,12.602909671774652,100.82327737419722
784,98.0,1462,555,946,18778,0.0,0.0
784,98.0,1463,205,262,15658,0.0,0.0
784,98.0,1052,624,900,11637,25.439711808427408,203.51769446741926
784,98.0,1464,554,485,6541,0.0,0.0
784,98.0,1412,604,459,7562,25.57413443579688,204.59307548637503
784,98.0,1408,685,910,7817,33.22572814698801,265.8058251759041
784,98.0,1413,82,858,26564,7.526914031718327,60.21531225374662
784,98.0,1432,313,87,20069,7.57008180885203,60.56065447081624
784,98.0,1415,877,150,11626,11.756910439332705,94.05528351466164
784,98.0,1313,852,510,26411,3.185250491434905,25.48200393147924
784,98.0,1370,196,65,10025,12.80888762350044,102.47110098800351
784,98.0,1409,516,834,7868,37.92982116696517,303.43856933572135
784,98.0,1414,125,332,6819,30.009447367770647,240.07557894216518
784,98.0,1287,56,184,14957,27.844532678056996,222.75626142445597
784,98.0,1465,692,487,7441,0.0,0.0
784,98.0,1466,54,310,8435,0.0,0.0
784,98.0,1454,454,992,6603,31.064043364583068,248.51234691666454
784,98.0,1467,71,88,2564,0.0,0.0
784,98.0,1318,23,780,900,14.515892043913695,116.12713635130956
785,98.125,1468,242,168,123323,0.0,0.0
785,98.125,1469,209,760,142555,0.0,0.0
785,98.125,1470,355,500,45056,0.0,0.0
785,98.125,1360,221,398,32651,42.1244223308892,336.9953786471136
785,98.125,1471,683,624,105465,0.0,0.0
785,98.125,1439,577,357,43678,39.78848202825102,318.30785622600814
785,98.125,1422,771,129,49464,29.639319146345567,237.11455317076454
785,98.125,1427,622,155,17090,26.777086670334228,214.21669336267382
785,98.125,1366,449,371,14898,21.198217895389405,169.58574316311524
785,98.125,1472,751,355,29343,0.0,0.0
785,98.125,1473,357,648,11352,0.0,0.0
785,98.125,1367,516,112,33054,13.906458401540297,111.25166721232237
785,98.125,1372,874,311,26352,18.082384826801,144.659078614408
785,98.125,1298,815,830,39532,9.475993706754425,75.8079496540354
785,98.125,1295,67,381,21024,24.038029624912056,192.30423699929645
785,98.125,1462,539,919,26583,31.401006602627515,251.20805282102012
785,98.125,1052,624,897,12248,3.276600044740685,26.21280035792548
785,98.125,1408,684,886,10800,23.681255181590252,189.45004145272202
785,98.125,1474,416,952,25397,0.0,0.0
785,98.125,1410,53,504,7406,20.810878280296528,166.48702624237222
785,98.125,1313,861,508,22802,9.091253536221023,72.73002828976819
785,98.125,1475,432,681,4904,0.0,0.0
785,98.125,1420,481,664,5308,30.840627246280487,246.7250179702439
785,98.125,1282,509,731,7547,19.603826589176457,156.83061271341165
785,98.125,1275,36,833,6779,10.752100979224071,86.01680783379257
785,98.125,1476,528,787,2184,0.0,0.0
785,98.125,1458,52,911,5112,9.950659741911325,79.6052779352906
785,98.125,1387,111,948,2963,15.268776414365574,122.15021131492459
786,98.25,1469,242,776,187283,36.82143356264584,294.57146850116675
786,98.25,1477,225,341,62198,0.0,0.0
786,98.25,1366,437,385,62327,18.626736566040528,149.01389252832422
786,98.25,1447,685,131,63748,44.14895031444429,353.19160251555434
786,98.25,1391,699,422,34886,38.23736146414194,305.8988917131355
786,98.25,1355,633,657,35332,10.779891797051498,86.23913437641198
786,98.25,1478,268,106,53484,0.0,0.0
786,98.25,1439,579,395,20038,37.757084088229625,302.056672705837
786,98.25,1390,767,664,26000,16.66764446742119,133.34115573936953
786,98.25,1339,558,885,18668,32.21774281208908,257.7419424967126
786,98.25,1052,651,882,25980,31.19360810849126,249.5488648679301
786,98.25,1393,466,933,31339,1.4910303983117594,11.928243186494075
786,98.25,1287,71,223,34667,41.866067275974494,334.92853820779595
786,98.25,1455,727,289,12135,34.038097579701144,272.30478063760916
786,98.25,1448,301,539,11708,43.51127758071364,348.0902206457091
786,98.25,1451,477,569,11007,35.00051171463521,280.0040937170817
786,98.25,1460,461,161,15756,18.962095387559533,151.69676310047626
786,98.25,1315,752,849,14029,33.614392500323895,268.91514000259116
786,98.25,1440,211,531,8412,8.501070973935793,68.00856779148634
786,98.25,1415,875,181,18660,30.866694456633002,246.93355565306402
786,98.25,1479,819,296,7022,0.0,0.0
786,98.25,1480,807,524,9214,0.0,0.0
786,98.25,1481,520,65,11226,0.0,0.0
786,98.25,1298,822,867,10040,37.016677527412476,296.1334202192998
786,98.25,1482,561,558,5558,0.0,0.0
786,98.25,1357,874,359,16989,35.83812759877277,286.7050207901822
786,98.25,1410,71,520,12479,23.198983803208233,185.59187042566586
786,98.25,1313,882,499,11093,22.28411193479187,178.27289547833496
786,98.25,1402,879,687,8357,18.35361688657019,146.82893509256152
786,98.25,1346,884,797,12342,40.77626657335987,326.21013258687896
786,98.25,1295,53,413,9735,35.36958828272751,282.9567062618201
786,98.25,1483,441,47,5711,0.0,0.0
786,98.25,1244,900,603,5652,22.442498026396844,179.53998421117475
787,98.375,1484,429,506,90821,0.0,0.0
787,98.375,1439,581,351,32087,44.27557445143532,354.20459561148255
787,98.375,1397,305,832,86710,20.793490898577208,166.34792718861766
787,98.375,1472,727,347,60499,25.13419035932158,201.07352287457263
787,98.375,1485,290,278,74658,0.0,0.0
787,98.375,1486,117,721,61763,0.0,0.0
787,98.375,1339,566,903,67463,19.258391666732184,154.06713333385747
787,98.375,1471,681,645,35070,20.480875084337484,163.84700067469987
787,98.375,1441,550,175,18022,20.64738916187176,165.1791132949741
787,98.375,1487,619,73,31398,0.0,0.0
787,98.375,1433,584,726,13755,22.177355106096304,177.41884084877043
787,98.375,1449,848,674,33414,32.1647800511962,257.3182404095696
787,98.375,1460,446,145,10487,22.785495482051605,182.28396385641284
787,98.375,1237,172,111,23005,41.66535165859102,333.32281326872817
787,98.375,1432,313,68,18605,19.027683518534218,152.22146814827374
787,98.375,1440,206,497,16030,34.32909939663207,274.63279517305654
787,98.375,1315,779,847,24227,27.304283601541552,218.43426881233242
787,98.375,1282,488,716,10506,25.39572743952305,203.1658195161844
787,98.375,1488,60,157,15802,0.0,0.0
787,98.375,1480,806,512,9563,11.93760816168632,95.50086529349056
787,98.375,1489,865,134,15207,0.0,0.0
787,98.375,1490,862,234,11328,0.0,0.0
787,98.375,1313,892,510,12593,15.045424023807213,120.3633921904577
787,98.375,1357,880,359,12694,5.8785683057711235,47.02854644616899
787,98.375,1287,69,264,7050,41.25210298625167,330.01682389001337
787,98.375,1422,766,97,10671,33.01277731480354,264.10221851842834
787,98.375,1466,56,324,5437,14.37534378553093,115.00275028424744
787,98.375,1295,47,398,8334,16.186593311932807,129.49274649546246
787,98.375,1332,132,388,9758,25.072395818972254,200.57916655177803
787,98.375,1458,43,887,8079,25.86124149849637,206.88993198797095
787,98.375,1483,441,38,5687,8.952027341564332,71.61621873251465
787,98.375,1410,92,515,7746,21.728212485792643,173.82569988634114
787,98.375,1491,875,844,8275,0.0,0.0
787,98.375,1387,125,950,5022,14.134929094376853,113.07943275501482
787,98.375,1492,33,486,4321,0.0,0.0
787,98.375,1493,26,568,3249,0.0,0.0
787,98.375,1372,912,289,1569,43.74735106768141,349.97880854145126
787,98.375,1454,414,1007,3303,42.55919994137686,340.4735995310149
788,98.5,1397,281,810,131935,32.852153123306486,262.8172249864519
788,98.5,1464,572,519,140300,38.467756348888315,307.7420507911065
788,98.5,1461,356,348,39654,44.8649150295099,358.9193202360792
788,98.5,1440,244,479,35594,41.54676209709666,332.3740967767733
788,98.5,1438,813,751,75734,12.36139970993115,98.8911976794492
788,98.5,1052,614,890,42993,38.026450751177286,304.2116060094183
788,98.5,1393,461,933,21819,4.810838190641683,38.486705525133466
788,98.5,1478,229,107,37614,39.81200222078235,318.4960177662588
788,98.5,1441,549,138,43576,37.04338410462929,296.3470728370343
788,98.5,1381,532,970,6055,37.76189033847597,302.0951227078078
788,98.5,1494,264,241,14612,0.0,0.0
788,98.5,1102,93,673,30318,15.503355166423848,124.02684133139078
788,98.5,1447,718,114,33551,37.213017598776815,297.7041407902145
788,98.5,1495,860,412,33261,0.0,0.0
788,98.5,1472,755,355,14601,29.496585028946797,235.97268023157437
788,98.5,1282,462,713,5719,26.709824029208068,213.67859223366455
788,98.5,1415,866,181,27069,8.831524707159192,70.65219765727353
788,98.5,1295,80,401,17693,32.521845011817,260.174760094536
788,98.5,1450,101,546,14311,1.8731641616433103,14.985313293146483
788,98.5,1492,67,484,7097,33.96582289261837,271.72658314094696
788,98.5,1496,415,92,17411,0.0,0.0
788,98.5,1432,344,67,5707,30.610288187411292,244.88230549929034
788,98.5,1287,87,290,15329,31.269058791825984,250.15247033460787
788,98.5,1497,650,270,11117,0.0,0.0
788,98.5,1488,68,156,17865,8.497937440368448,67.98349952294758
788,98.5,1463,176,279,8478,33.185564474341746,265.48451579473397
788,98.5,1458,48,864,13673,23.302748595427673,186.42198876342138
788,98.5,1498,771,243,5233,0.0,0.0
788,98.5,1480,765,522,2830,42.42713478694436,339.41707829555486
788,98.5,1313,884,553,6889,43.60530666760419,348.8424533408335
789,98.625,1499,198,683,137126,0.0,0.0
789,98.625,1383,472,455,86659,10.61235379853873,84.89883038830985
789,98.625,1500,332,133,51636,0.0,0.0
789,98.625,1461,323,340,22657,34.024400510920835,272.1952040873667
789,98.625,1367,509,124,38749,13.690813930618555,109.52651144494844
789,98.625,1332,134,403,45870,15.629030943215959,125.03224754572767
789,98.625,1052,623,856,40080,34.78547488282924,278.28379906263393
789,98.625,1381,501,947,35191,38.11140863873469,304.8912691098775
789,98.625,1390,772,704,26990,40.75611798477053,326.04894387816427
789,98.625,1501,602,618,17466,0.0,0.0
789,98.625,1315,787,866,23585,20.773574743844588,166.1885979507567
789,98.625,1502,693,534,17329,0.0,0.0
789,98.625,1503,806,550,17693,0.0,0.0
789,98.625,1504,412,875,7958,0.0,0.0
789,98.625,1505,665,81,23009,0.0,0.0
789,98.625,1497,628,299,23941,36.61626930515979,292.9301544412783
789,98.625,1488,68,154,17349,1.9837752398045794,15.870201918436635
789,98.625,1506,638,715,8283,0.0,0.0
789,98.625,1495,865,394,28035,19.262588184876666,154.10070547901333
789,98.625,1507,355,939,13955,0.0,0.0
789,98.625,1237,170,105,17834,6.048078368050574,48.384626944404594
789,98.625,1508,418,752,7707,0.0,0.0
789,98.625,1509,221,948,15806,0.0,0.0
789,98.625,1455,762,296,14041,35.80426910474109,286.4341528379287
789,98.625,1420,501,653,6674,22.850562643177142,182.80450114541713
789,98.625,1391,723,413,10808,25.596952739483598,204.77562191586878
789,98.625,1463,167,258,6603,22.432778844078406,179.46223075262725
789,98.625,1459,712,233,6341,41.12763928501513,329.021114280121
789,98.625,1287,91,256,5950,34.847737723334525,278.7819017866762
789,98.625,1447,725,158,5648,44.185174209868705,353.48139367894964
789,98.625,1282,491,733,8005,35.29530175500041,282.3624140400033
789,98.625,1422,778,106,7386,14.923582313461418,119.38865850769135
789,98.625,1489,833,124,7402,33.19970526029632,265.59764208237056
789,98.625,1387,114,931,8071,22.057488477837463,176.4599078226997
789,98.625,1510,823,226,4552,0.0,0.0
789,98.625,1490,887,231,8294,25.78108626408399,206.2486901126719
789,98.625,1402,889,650,8451,38.28646277446964,306.2917021957571
789,98.625,1346,894,788,12142,13.114276143744984,104.91420914995987
789,98.625,1466,42,298,6353,29.556575069790043,236.45260055832034
789,98.625,1511,899,133,6380,0.0,0.0
789,98.625,1512,218,221,3769,0.0,0.0
789,98.625,1513,297,985,3632,0.0,0.0
789,98.625,1458,43,892,6462,28.084733545819727,224.67786836655782
789,98.625,1313,906,550,4873,22.921127721741975,183.3690217739358
789,98.625,1275,24,819,2031,18.6131785071616,148.9054280572928
790,98.75,1514,462,259,114805,0.0,0.0
790,98.75,1484,455,506,65928,26.23120220886207,209.84961767089655
790,98.75,1355,635,677,39035,20.236833002103754,161.89466401683003
790,98.75,1515,303,762,40499,0.0,0.0
790,98.75,1420,500,692,16523,38.80222743330148,310.41781946641186
790,98.75,1463,131,276,30971,40.208087477801136,321.6646998224091
790,98.75,1332,148,423,40797,24.081243307783144,192.64994646226515
790,98.75,1516,121,129,35457,0.0,0.0
790,98.75,1486,124,710,39258,12.855213604587346,102.84170883669877
790,98.75,1487,610,76,30580,8.65249600118445,69.2199680094756
790,98.75,1517,300,599,13238,0.0,0.0
790,98.75,1393,443,922,25146,21.576174407977582,172.60939526382066
790,98.75,1518,571,850,14025,0.0,0.0
790,98.75,1381,535,953,14945,34.297706520101016,274.38165216080813
790,98.75,1298,815,825,42002,41.72911288818873,333.83290310550984
790,98.75,1507,355,936,13896,2.9545166963064813,23.63613357045185
790,98.75,1519,700,460,27433,0.0,0.0
790,98.75,1408,662,909,23459,30.92074231303802,247.36593850430415
790,98.75,1432,308,71,23201,36.03395278949912,288.27162231599294
790,98.75,1520,103,873,20359,0.0,0.0
790,98.75,1410,69,537,11160,31.14719732573061,249.17757860584487
790,98.75,1415,865,178,26059,2.9796223399466713,23.83697871957337
790,98.75,1495,866,390,26301,3.779033100370783,30.232264802966263
790,98.75,1455,765,294,14577,3.644259878850406,29.15407903080325
790,98.75,1459,715,216,9246,17.024680039723744,136.19744031778995
790,98.75,1521,799,663,18570,0.0,0.0
790,98.75,1422,759,91,14472,24.006119848547904,192.04895878838323
790,98.75,1509,235,956,19721,15.822726483588248,126.58181186870598
790,98.75,1503,818,545,15149,12.08452534415126,96.67620275321008
790,98.75,1493,45,607,5813,43.153728515877205,345.22982812701764
790,98.75,1522,227,538,11313,0.0,0.0
790,98.75,1508,426,746,5120,9.636844204645348,77.09475363716278
790,98.75,1483,443,44,6220,6.603164905713542,52.825319245708336
790,98.75,1402,905,638,6353,20.19210364212932,161.53682913703457
790,98.75,1313,907,531,4791,18.28100956807124,146.24807654456993
790,98.75,1387,122,953,4685,22.927209847446463,183.4176787795717
790,98.75,1523,150,571,1984,0.0,0.0
790,98.75,1275,30,820,1847,6.047083649056237,48.376669192449896
791,98.875,1512,222,239,166602,18.28064925718116,146.24519405744928
791,98.875,1524,252,649,99812,0.0,0.0
791,98.875,1383,487,439,89725,21.160249393867726,169.2819951509418
791,98.875,1339,542,889,94136,27.515123491954085,220.12098793563268
791,98.875,1525,571,664,44034,0.0,0.0
791,98.875,1487,628,106,26748,34.694287154600985,277.5542972368079
791,98.875,1367,516,107,21001,18.285407795831635,146.28326236665308
791,98.875,1315,771,831,26932,38.59202388557007,308.7361910845606
791,98.875,1495,862,410,30051,20.671813473514245,165.37450778811396
791,98.875,1502,729,558,18382,43.53677229154615,348.2941783323692
791,98.875,1498,745,263,18179,32.92814766937837,263.42518135502695
791,98.875,1472,767,388,9054,34.64546880406436,277.16375043251486
791,98.875,1346,877,801,19709,21.222327338922646,169.77861871138117
791,98.875,1497,642,279,11880,23.919316534846065,191.35453227876852
791,98.875,1521,759,661,12272,40.17865956310425,321.429276504834
791,98.875,1519,703,439,12037,21.105117749916964,168.8409419993357
791,98.875,1509,208,952,25604,26.813748215253728,214.50998572202982
791,98.875,1422,785,96,20355,27.188542948170433,217.50834358536346
791,98.875,1483,444,71,5445,26.93291374254456,215.46330994035648
791,98.875,1514,493,234,5570,39.215629929387575,313.7250394351006
791,98.875,1526,63,744,13015,0.0,0.0
791,98.875,1402,875,639,16217,29.640346347025922,237.12277077620737
791,98.875,1447,720,158,5785,4.749387399576665,37.99509919661332
791,98.875,1527,336,865,10651,0.0,0.0
791,98.875,1450,101,546,4317,0.43891318513421035,3.511305481073683
791,98.875,1102,83,655,5586,21.18594555921382,169.48756447371056
791,98.875,1490,862,229,13051,25.22629308161538,201.81034465292305
791,98.875,1520,144,870,7578,41.51863154712243,332.14905237697945
791,98.875,1507,345,974,9347,39.44747091580113,315.579767326409
791,98.875,1410,38,550,6306,33.579545072597654,268.63636058078123
791,98.875,1275,51,820,3804,20.46358745918899,163.70869967351192
791,98.875,1458,52,893,9062,8.617881483707162,68.9430518696573
791,98.875,1493,44,616,4082,9.523052527281138,76.1844202182491
791,98.875,1313,897,530,5519,9.979652491669338,79.8372199333547
791,98.875,1528,54,109,6047,0.0,0.0
791,98.875,1511,903,133,5918,4.650301198692409,37.20240958953927
792,99.0,1508,416,713,179626,34.74609878532541,277.96879028260327
792,99.0,1529,134,783,71268,0.0,0.0
792,99.0,1530,723,343,59469,0.0,0.0
792,99.0,1439,551,339,28908,31.973088038793975,255.7847043103518
792,99.0,1500,305,123,53480,29.158705268713568,233.26964214970855
792,99.0,1487,597,100,46923,31.62651601878677,253.01212815029416
792,99.0,1531,545,227,10643,0.0,0.0
792,99.0,1532,364,301,31418,0.0,0.0
792,99.0,1463,144,270,35254,14.461097603582004,115.68878082865604
792,99.0,1408,677,905,19866,15.163551419423047,121.30841135538438
792,99.0,1298,820,822,44723,6.4825274125589205,51.860219300471364
792,99.0,1339,580,904,25256,40.90147826598276,327.2118261278621
792,99.0,1295,72,422,28028,21.607240661208657,172.85792528966925
792,99.0,1483,450,88,8189,17.93873664826349,143.50989318610792
792,99.0,1502,717,565,15333,13.528051608754412,108.2244128700353
792,99.0,1501,633,624,10733,31.187451130922447,249.49960904737958
792,99.0,1533,186,506,22512,0.0,0.0
792,99.0,1534,856,500,17400,0.0,0.0
792,99.0,1490,872,234,8529,11.010873114530037,88.0869849162403
792,99.0,1357,884,375,16699,16.564338597704648,132.51470878163718
792,99.0,1511,876,147,11724,31.093974458885643,248.75179567108515
792,99.0,1506,660,730,15560,26.635332584398423,213.08266067518738
792,99.0,1509,232,975,14280,33.05352653336637,264.428212266931
792,99.0,1503,800,558,4509,21.752391686078333,174.01913348862666
792,99.0,1237,144,83,11606,34.05344234744752,272.4275387795802
792,99.0,1422,789,107,13736,11.265432244535642,90.12345795628514
792,99.0,1535,321,449,7343,0.0,0.0
792,99.0,1449,871,665,7926,24.414963492102995,195.31970793682396
792,99.0,1536,430,405,5159,0.0,0.0
792,99.0,1537,812,644,4325,0.0,0.0
792,99.0,1521,756,667,6310,6.872646973963056,54.981175791704445
792,99.0,1538,273,408,5276,0.0,0.0
792,99.0,1488,43,184,5221,39.0915465809296,312.7323726474368
792,99.0,1493,47,639,7155,23.205715684185115,185.64572547348092
792,99.0,1528,55,110,5542,1.8647227733115774,14.91778218649262
792,99.0,1539,221,394,3174,0.0,0.0
792,99.0,1540,904,603,4165,0.0,0.0
792,99.0,1410,53,562,4536,19.398379188327567,155.18703350662054
792,99.0,1541,743,40,2376,0.0,0.0
792,99.0,1387,119,955,4955,3.7059447056746433,29.647557645397146
792,99.0,1542,546,1029,2951,0.0,0.0
793,99.125,1461,333,327,43220,15.99364660964592,127.94917287716736
793,99.125,1543,188,301,40558,0.0,0.0
793,99.125,1487,580,112,47268,21.128244092302456,169.02595273841965
793,99.125,1544,582,280,19866,0.0,0.0
793,99.125,1545,546,407,41020,0.0,0.0
793,99.125,1517,331,615,70395,34.79002507737279,278.3202006189823
793,99.125,1355,655,669,45236,21.498203790449036,171.9856303235923
793,99.125,1420,503,658,26278,33.6362286585293,269.0898292682344
793,99.125,1504,420,901,48567,27.049427879661533,216.39542303729226
793,99.125,1496,409,111,28188,19.791546974247257,158.33237579397806
793,99.125,1339,584,918,39016,14.17663525188666,113.41308201509328
793,99.125,1509,252,938,31899,42.693685776199835,341.5494862095987
793,99.125,1546,213,812,17122,0.0,0.0
793,99.125,1478,229,90,34999,17.19954832295888,137.59638658367103
793,99.125,1498,734,284,29249,23.720844564761954,189.76675651809563
793,99.125,1298,800,830,37250,21.599081893307687,172.7926551464615
793,99.125,1547,524,530,7934,0.0,0.0
793,99.125,1408,694,894,12506,20.332044127117168,162.65635301693735
793,99.125,1495,871,443,36659,34.22641092051717,273.81128736413734
793,99.125,1275,58,810,26916,12.662773618505513,101.3021889480441
793,99.125,1520,125,886,10146,25.831690499759585,206.65352399807668
793,99.125,1548,139,663,14307,0.0,0.0
793,99.125,1519,703,481,11943,42.158379108453964,337.2670328676317
793,99.125,1466,57,277,12033,25.80649442541932,206.45195540335456
793,99.125,1488,67,151,15677,40.997567915864245,327.98054332691396
793,99.125,1295,61,396,9958,27.57343065641252,220.58744525130015
793,99.125,1493,63,620,9500,24.812051680071594,198.49641344057275
793,99.125,1492,54,475,6717,15.97089095957217,127.76712767657736
793,99.125,1450,81,530,8651,25.48047895141547,203.84383161132376
793,99.125,1391,745,418,6141,23.012734692849925,184.1018775427994
793,99.125,1422,755,97,17666,34.70491093052353,277.63928744418826
793,99.125,1533,188,515,14632,8.73448524783868,69.87588198270944
793,99.125,1537,826,645,13301,13.729146096449433,109.83316877159547
793,99.125,1490,852,218,16601,25.62388619239134,204.9910895391307
793,99.125,1503,780,549,7386,21.396923070132907,171.17538456106325
793,99.125,1536,418,407,3902,12.147007541332894,97.17606033066315
793,99.125,1449,907,664,5190,36.294959171211715,290.3596733696937
793,99.125,1489,853,106,4900,26.68819779269769,213.50558234158152
793,99.125,1511,909,135,4889,35.51607874416774,284.12862995334194
793,99.125,1346,910,826,5065,41.06369339511357,328.50954716090854
793,99.125,1549,904,743,3503,0.0,0.0
794,99.25,1508,439,709,63716,23.78001705217082,190.24013641736656
794,99.25,1550,340,180,66312,0.0,0.0
794,99.25,1339,557,914,76959,27.090523881969688,216.7241910557575
794,99.25,1529,147,778,98039,14.073960694939235,112.59168555951388
794,99.25,1551,133,185,65486,0.0,0.0
794,99.25,1487,582,115,49812,3.5780180885443835,28.624144708355068
794,99.25,1519,737,502,40644,39.60288437688168,316.82307501505346
794,99.25,1535,348,480,48524,41.65925261366841,333.27402090934726
794,99.25,1498,731,292,31316,8.878241797465584,71.02593437972467
794,99.25,1544,555,278,12722,27.043913932161164,216.3513114572893
794,99.25,1533,158,487,24563,41.428339259566556,331.42671407653245
794,99.25,1539,197,386,14800,25.423257315302425,203.3860585224194
794,99.25,1552,620,326,9664,0.0,0.0
794,99.25,1313,884,506,19404,27.292385481396572,218.33908385117257
794,99.25,1553,556,470,26305,0.0,0.0
794,99.25,1483,447,90,8471,3.520679216112669,28.165433728901352
794,99.25,1315,780,857,24923,26.689908442743064,213.51926754194452
794,99.25,1554,711,734,16581,0.0,0.0
794,99.25,1501,598,607,8976,39.26263456447325,314.101076515786
794,99.25,1555,675,628,7977,0.0,0.0
794,99.25,1527,345,861,7363,10.73745192238171,85.89961537905369
794,99.25,1509,231,976,14554,44.31527327915822,354.52218623326576
794,99.25,1422,757,96,17075,2.061290804020901,16.49032643216721
794,99.25,1556,471,553,6787,0.0,0.0
794,99.25,1357,875,357,12452,20.710012183992806,165.68009747194245
794,99.25,1557,359,936,6404,0.0,0.0
794,99.25,1410,57,570,6114,8.458595391501554,67.66876313201243
794,99.25,1450,63,512,5319,25.788676779565893,206.30941423652715
794,99.25,1537,840,667,18402,25.95890955540734,207.67127644325873
794,99.25,1558,476,319,5907,0.0,0.0
794,99.25,1489,845,139,10714,34.435759471717766,275.48607577374213
794,99.25,1507,337,997,6345,24.45032006930514,195.6025605544411
794,99.25,1559,475,390,5280,0.0,0.0
794,99.25,1346,881,835,10776,30.660787641118404,245.28630112894723
794,99.25,1510,827,254,5820,28.659320958525765,229.27456766820612
794,99.25,1295,39,394,11117,22.793332573081262,182.3466605846501
794,99.25,1560,230,599,2403,0.0,0.0
794,99.25,1415,904,191,4670,40.7369392869799,325.8955142958392
794,99.25,1561,902,265,4650,0.0,0.0
794,99.25,1549,900,740,5304,5.601164360650444,44.809314885203555
794,99.25,1511,911,116,2751,19.004095315587524,152.0327625247002
795,99.375,1512,193,219,139251,35.30354634309601,282.4283707447681
795,99.375,1393,450,909,47851,15.054183466265712,120.4334677301257
795,99.375,1562,538,628,51617,0.0,0.0
795,99.375,1563,798,759,84338,0.0,0.0
795,99.375,1564,555,175,71675,0.0,0.0
795,99.375,1508,408,730,18734,37.29274107010449,298.3419285608359
795,99.375,1565,271,939,37176,0.0,0.0
795,99.375,1524,252,684,51711,34.965532094682295,279.72425675745836
795,99.375,1357,832,365,49146,44.11148769556046,352.8919015644837
795,99.375,1566,610,815,19404,0.0,0.0
795,99.375,1567,93,847,41443,0.0,0.0
795,99.375,1483,447,91,8420,0.23502434765153554,1.8801947812122843
795,99.375,1496,406,130,8662,18.98151708332205,151.8521366665764
795,99.375,1498,718,264,10440,30.471222747297013,243.7697819783761
795,99.375,1422,756,107,26055,11.478025407784056,91.82420326227245
795,99.375,1535,366,451,28470,34.500419821341524,276.0033585707322
795,99.375,1532,381,294,12925,18.75216289983473,150.01730319867784
795,99.375,1553,596,454,15830,43.104201768215994,344.83361414572795
795,99.375,1497,656,283,6439,14.76054548877802,118.08436391022416
795,99.375,1568,392,560,8314,0.0,0.0
795,99.375,1415,878,162,15149,38.61360118864695,308.9088095091756
795,99.375,1569,706,463,14378,0.0,0.0
795,99.375,1570,666,947,14691,0.0,0.0
795,99.375,1533,184,506,15893,32.333466623934044,258.66773299147235
795,99.375,1383,503,426,8244,21.177717449496118,169.42173959596894
795,99.375,1410,52,582,15947,12.757438266808094,102.05950613446475
795,99.375,1552,598,358,3934,38.41991101122203,307.3592880897762
795,99.375,1486,109,687,7171,27.29409463153244,218.35275705225953
795,99.375,1542,571,1000,9868,37.89687220419066,303.17497763352526
795,99.375,1450,96,497,3276,35.997415044088015,287.9793203527041
795,99.375,1503,776,550,9414,4.245511152346478,33.964089218771825
795,99.375,1571,659,364,3303,0.0,0.0
795,99.375,1502,686,572,6094,32.08858018737861,256.7086414990289
795,99.375,1492,40,443,6928,34.356173026601915,274.8493842128153
795,99.375,1572,127,613,3358,0.0,0.0
795,99.375,1561,909,258,2798,9.947835614334414,79.58268491467531
795,99.375,1313,889,547,5049,41.87293161803487,334.98345294427895
795,99.375,1549,910,738,2885,10.361739098871297,82.89391279097038
796,99.5,1551,144,226,102811,42.73623742580132,341.88989940641056
796,99.5,1573,463,618,69498,0.0,0.0
796,99.5,1527,360,858,60432,14.32723311546929,114.61786492375433
796,99.5,1571,691,363,67756,32.11963591983755,256.9570873587004
796,99.5,1538,250,389,9484,30.04450240929061,240.3560192743249
796,99.5,1532,356,307,30431,28.582763219920526,228.6621057593642
796,99.5,1298,791,799,58444,31.966588687126684,255.73270949701347
796,99.5,1506,616,736,26153,43.81224607167334,350.49796857338674
796,99.5,1367,521,113,60405,8.123287160631712,64.9862972850537
796,99.5,1339,563,922,38765,10.026771772657588,80.2141741812607
796,99.5,1535,360,469,21980,18.767416471641738,150.1393317731339
796,99.5,1544,554,276,14534,2.377975690779873,19.023805526238984
796,99.5,1520,141,910,43697,29.150464191988732,233.20371353590986
796,99.5,1500,330,88,17873,42.924818947458675,343.3985515796694
796,99.5,1486,96,722,30537,37.58691800177293,300.69534401418343
796,99.5,1560,234,590,24387,10.45862438472938,83.66899507783504
796,99.5,1574,224,741,10052,0.0,0.0
796,99.5,1450,120,479,8745,30.81197457590834,246.49579660726673
796,99.5,1410,61,545,18801,37.964892450646126,303.719139605169
796,99.5,1422,769,88,19913,23.30067674236213,186.40541393889703
796,99.5,1490,869,250,14323,36.6201532222619,292.9612257780952
796,99.5,1402,845,629,19701,32.11080671852316,256.88645374818526
796,99.5,1495,875,442,28623,4.197190580661894,33.57752464529515
796,99.5,1447,711,164,8298,10.475354232269352,83.80283385815481
796,99.5,1415,878,146,10890,16.44925251273845,131.5940201019076
796,99.5,1558,470,310,8197,10.502829833727235,84.02263866981788
796,99.5,1570,686,953,10616,20.995134425331802,167.96107540265442
796,99.5,1383,491,413,10303,18.071352916716844,144.57082333373475
796,99.5,1519,721,524,5069,27.120223260215948,216.96178608172758
796,99.5,1503,788,525,6525,27.162593050074644,217.30074440059715
796,99.5,1533,191,485,3096,21.277977157861937,170.2238172628955
796,99.5,1575,281,994,3812,0.0,0.0
796,99.5,1502,690,588,9124,16.117067282540024,128.9365382603202
796,99.5,1572,131,620,3225,8.507958403214362,68.0636672257149
796,99.5,1576,453,1013,7930,0.0,0.0
796,99.5,1577,679,38,2724,0.0,0.0
796,99.5,1549,911,738,2885,1.6875984552620935,13.500787642096748
796,99.5,1578,833,932,1538,0.0,0.0
797,99.625,1579,409,669,43063,0.0,0.0
797,99.625,1580,172,695,73910,0.0,0.0
797,99.625,1581,95,239,57038,0.0,0.0
797,99.625,1582,385,196,34913,0.0,0.0
797,99.625,1583,235,170,45451,0.0,0.0
797,99.625,1559,447,392,35136,27.79234678011059,222.33877424088473
797,99.625,1461,343,352,9755,26.679098512398134,213.43278809918507
797,99.625,1357,836,338,36647,27.594434121326085,220.75547297060868
797,99.625,1552,631,368,31864,34.73282522359367,277.8626017887494
797,99.625,1557,371,920,30298,20.041647566584505,160.33318053267604
797,99.625,1584,546,700,18053,0.0,0.0
797,99.625,1585,423,811,9477,0.0,0.0
797,99.625,1487,571,106,34353,14.482086453095059,115.85669162476047
797,99.625,1498,728,292,13446,29.207700417723057,233.66160334178446
797,99.625,1520,136,909,44848,5.6168506869436765,44.93480549554941
797,99.625,1568,390,516,11309,44.36989892275158,354.95919138201265
797,99.625,1544,557,267,16288,9.507236466500885,76.05789173200708
797,99.625,1422,762,106,27280,19.473659490878568,155.78927592702854
797,99.625,1501,594,580,24321,27.27481806203573,218.19854449628585
797,99.625,1586,672,98,6541,0.0,0.0
797,99.625,1339,601,928,45392,38.994150337606584,311.95320270085267
797,99.625,1298,812,826,46312,33.85791745236987,270.86333961895895
797,99.625,1576,460,985,13415,28.974047627654613,231.7923810212369
797,99.625,1519,728,508,13833,17.651199741283047,141.20959793026438
797,99.625,1402,840,637,23870,9.30632513298818,74.45060106390544
797,99.625,1587,657,488,4658,0.0,0.0
797,99.625,1538,246,432,13540,43.12805470896167,345.02443767169336
797,99.625,1415,883,173,15094,27.88552668860347,223.08421350882776
797,99.625,1588,274,863,5405,0.0,0.0
797,99.625,1410,81,538,18613,21.244757772219618,169.95806217775694
797,99.625,1500,349,58,8099,35.682294108882935,285.4583528710635
797,99.625,1589,654,782,11489,0.0,0.0
797,99.625,1590,297,507,4916,0.0,0.0
797,99.625,1533,187,510,7989,24.84083692278228,198.72669538225824
797,99.625,1450,124,444,7014,34.272865833152665,274.1829266652213
797,99.625,1575,280,995,3734,2.021227919676885,16.16982335741508
797,99.625,1355,665,692,3988,24.45538799364572,195.64310394916575
797,99.625,1534,835,489,3816,23.694469201255078,189.55575361004063
797,99.625,1591,434,42,7144,0.0,0.0
797,99.625,1503,807,524,3202,19.12841893410608,153.02735147284864
797,99.625,1313,898,510,10083,38.40475438776412,307.238035102113
797,99.625,1502,714,605,4975,29.97302165289096,239.78417322312768
797,99.625,1592,716,674,3820,0.0,0.0
797,99.625,1521,756,690,2571,23.313115370340398,186.50492296272319
797,99.625,1492,24,428,3108,22.31757312220974,178.54058497767792
797,99.625,1578,833,934,1667,1.305129557526394,10.441036460211151
798,99.75,1551,145,231,100689,4.294380965393302,34.35504772314641
798,99.75,1579,409,687,55476,17.445942685163462,139.5675414813077
798,99.75,1510,803,232,92007,32.28492999345379,258.2794399476303
798,99.75,1532,346,267,34440,41.60412179844207,332.8329743875366
798,99.75,1562,575,633,32565,36.677539342394304,293.42031473915443
798,99.75,1589,625,771,19118,30.4081711038125,243.2653688305
798,99.75,1544,552,266,19138,4.723980532290393,37.791844258323145
798,99.75,1564,538,165,12326,19.569411956590702,156.55529565272562
798,99.75,1487,597,79,28803,38.4315955022398,307.4527640179184
798,99.75,1554,725,712,19600,25.662090154150732,205.29672123320586
798,99.75,1339,566,929,38757,35.364242292799496,282.91393834239597
798,99.75,1500,385,80,30983,42.81933741881713,342.554699350537
798,99.75,1568,394,505,12863,11.94474273717087,95.55794189736696
798,99.75,1527,324,840,20680,39.916394991141146,319.33115992912917
798,99.75,1593,254,482,28881,0.0,0.0
798,99.75,1497,640,311,12796,31.776398103914016,254.21118483131212
798,99.75,1536,411,425,7543,18.82791676082918,150.62333408663343
798,99.75,1383,511,444,19545,36.68113091267973,293.4490473014378
798,99.75,1315,775,860,21028,5.389372930101104,43.114983440808835
798,99.75,1558,458,297,10678,18.092255978071012,144.7380478245681
798,99.75,1548,161,663,16726,22.70433145727519,181.63465165820153
798,99.75,1560,247,616,8600,28.81829984524108,230.54639876192863
798,99.75,1450,110,487,15341,44.95402705281794,359.63221642254354
798,99.75,1553,619,415,9336,44.832852806066924,358.6628224485354
798,99.75,1567,134,830,12471,43.77740954774693,350.2192763819754
798,99.75,1507,354,969,14859,32.372414101265775,258.9793128101262
798,99.75,1576,450,984,13685,10.647545680277442,85.18036544221954
798,99.75,1594,256,768,7879,0.0,0.0
798,99.75,1574,193,766,7727,39.34982250581497,314.79858004651976
798,99.75,1595,63,886,18057,0.0,0.0
798,99.75,1402,849,631,25401,11.403054019465703,91.22443215572562
798,99.75,1509,203,948,19584,39.60320397435411,316.8256317948329
798,99.75,1410,86,575,9066,37.62125335810649,300.97002686485195
798,99.75,1569,673,457,9805,34.092647291944495,272.74117833555596
798,99.75,1596,861,772,11316,0.0,0.0
798,99.75,1534,869,486,14526,34.94185121369757,279.53480970958054
798,99.75,1519,742,508,13219,13.95238882332662,111.61911058661296
798,99.75,1597,49,687,15290,0.0,0.0
798,99.75,1570,698,949,8193,12.295740370462948,98.36592296370358
798,99.75,1575,281,995,3941,1.2375743199565223,9.900594559652179
798,99.75,1502,683,579,4004,40.694716798092436,325.5577343847395
798,99.75,1346,893,858,7641,25.468539877584952,203.74831902067962
798,99.75,1578,834,936,1511,2.1761665429535895,17.409332343628716
798,99.75,1598,17,491,1577,0.0,0.0
798,99.75,1599,18,128,1123,0.0,0.0
799,99.875,1583,248,192,153625,25.31071009825447,202.48568078603577
799,99.875,1510,798,236,40664,6.300843512273057,50.40674809818446
799,99.875,1600,797,463,49393,0.0,0.0
799,99.875,1357,810,338,14761,26.463426827696313,211.7074146215705
799,99.875,1584,507,684,38522,42.62127162259319,340.97017298074553
799,99.875,1557,402,942,42680,38.15798014685216,305.2638411748173
799,99.875,1315,804,860,39161,28.605876207381097,228.84700965904878
799,99.875,1521,765,723,31136,33.5871709785484,268.6973678283872
799,99.875,1524,226,689,55598,26.30113844535292,210.40910756282335
799,99.875,1585,413,777,20351,35.2856882670903,282.2855061367224
799,99.875,1544,584,261,31128,32.32959285728215,258.6367428582572
799,99.875,1422,775,98,18750,15.044884797397492,120.35907837917993
799,99.875,1535,350,450,20856,21.466966692872273,171.73573354297818
799,99.875,1601,390,591,10808,0.0,0.0
799,99.875,1602,568,454,31144,0.0,0.0
799,99.875,1568,421,514,9144,28.44159412879015,227.5327530303212
799,99.875,1586,652,84,21960,24.398944873163178,195.19155898530542
799,99.875,1501,619,593,18605,27.996631881106747,223.97305504885398
799,99.875,1593,231,486,16546,22.86787889889214,182.94303119113712
799,99.875,1339,572,915,31367,15.492034138887144,123.93627311109715
799,99.875,1564,502,159,10851,37.13115433628411,297.0492346902729
799,99.875,1402,847,629,17055,3.336305792995973,26.690446343967785
799,99.875,1567,129,826,12158,5.911602851095087,47.2928228087607
799,99.875,1595,61,894,17975,8.546354829510072,68.37083863608058
799,99.875,1509,202,947,19995,1.5691091575173353,12.552873260138682
799,99.875,1450,111,491,15251,4.532683315337666,36.261466522701326
799,99.875,1603,56,335,5985,0.0,0.0
799,99.875,1588,277,867,5887,4.728445474241541,37.82756379393233
799,99.875,1295,82,393,9081,42.980913865453616,343.8473109236289
799,99.875,1604,472,343,11923,0.0,0.0
799,99.875,1605,536,54,9449,0.0,0.0
799,99.875,1410,109,584,4497,24.48442840026315,195.8754272021052
799,99.875,1589,631,761,4415,11.51560870559781,92.12486964478248
799,99.875,1575,281,995,4219,0.4832736558109504,3.866189246487603
799,99.875,1597,49,712,13000,24.873195657237172,198.98556525789738
799,99.875,1570,668,956,8384,30.31313198022127,242.50505584177017
799,99.875,1606,37,577,8279,0.0,0.0
799,99.875,1607,627,1000,1929,0.0,0.0
799,99.875,1608,726,610,3495,0.0,0.0
799,99.875,1511,898,113,4282,12.964173322462429,103.71338657969943
799,99.875,1598,20,461,3119,30.48574774423131,243.8859819538505
799,99.875,1609,683,839,1577,0.0,0.0
799,99.875,1610,900,561,2219,0.0,0.0
799,99.875,1578,834,935,1530,0.20751364629938368,1.6601091703950694
800,100.0,1611,487,562,106537,0.0,0.0
800,100.0,1585,396,766,35336,20.508230079366626,164.065840634933
800,100.0,1612,352,163,67404,0.0,0.0
800,100.0,1613,242,272,25835,0.0,0.0
800,100.0,1581,100,237,71929,5.08233444622106,40.65867556976848
800,100.0,1594,280,745,19697,33.21627961604278,265.73023692834226
800,100.0,1580,146,695,53327,26.338382075249058,210.70705660199246
800,100.0,1339,596,905,46774,26.38769954328901,211.10159634631208
800,100.0,1521,772,726,36217,7.386388857577904,59.09111086062323
800,100.0,1593,226,485,32016,5.278484974691984,42.22787979753587
800,100.0,1507,374,958,20449,22.66861567147863,181.34892537182904
800,100.0,1565,273,950,15368,11.513283092864539,92.10626474291631
800,100.0,1402,858,626,19341,12.37513837017936,99.00110696143489
800,100.0,1315,781,876,19921,28.50674912298788,228.05399298390304
800,100.0,1576,468,966,13313,25.637411983568562,205.0992958685485
800,100.0,1595,83,881,25922,25.32505676088731,202.60045408709848
800,100.0,1509,183,948,14628,18.685237301319777,149.48189841055822
800,100.0,1570,705,952,6787,36.61771730630745,292.9417384504596
800,100.0,1614,52,493,7692,0.0,0.0
800,100.0,1605,533,51,8565,4.131072154380621,33.04857723504497
800,100.0,1346,894,848,8995,9.516729105436996,76.13383284349597
800,100.0,1410,92,582,3022,16.96366058737826,135.70928469902609
800,100.0,1606,37,596,6087,18.935585512959765,151.48468410367812
800,100.0,1450,105,518,3401,27.34373169118407,218.74985352947257
800,100.0,1591,443,40,5601,9.224253243925007,73.79402595140006
800,100.0,1511,898,115,4392,1.1905948482730158,9.524758786184126
800,100.0,1578,835,937,1655,1.4697216169274907,11.757772935419926
